PUBLIC NORMALIZED LOG COPY - credential values redacted where detected.
Original raw log retained outside Git in the workspace evidence archive.
Original SHA256: 36edc8087c83803e2e5a55a4baa4f8fe699b0006b511d1df7889eb7c8ce3dcf3

physical-device-ui-proof	Set up job	﻿2026-09-07T20:47:42.7070404Z Current runner version: '2.337.0'
physical-device-ui-proof	Set up job	2026-09-07T20:47:42.7096759Z ##[group]Runner Image Provisioner
physical-device-ui-proof	Set up job	2026-09-07T20:47:42.7097722Z Hosted Compute Agent
physical-device-ui-proof	Set up job	2026-09-07T20:47:42.7098316Z Version: 20260828.587
physical-device-ui-proof	Set up job	2026-09-07T20:47:42.7099073Z Commit: abac92662cab4cc7352de4f9f9d2e2419aad9c29
physical-device-ui-proof	Set up job	2026-09-07T20:47:42.7099824Z Build Date: 2026-08-28T16:44:25Z
physical-device-ui-proof	Set up job	2026-09-07T20:47:42.7100552Z Worker ID: {d3623829-650f-48e9-9f8e-2f97059c93f7}
physical-device-ui-proof	Set up job	2026-09-07T20:47:42.7101289Z Azure Region: westus
physical-device-ui-proof	Set up job	2026-09-07T20:47:42.7101859Z ##[endgroup]
physical-device-ui-proof	Set up job	2026-09-07T20:47:42.7103834Z ##[group]Operating System
physical-device-ui-proof	Set up job	2026-09-07T20:47:42.7104505Z Ubuntu
physical-device-ui-proof	Set up job	2026-09-07T20:47:42.7105128Z 24.04.4
physical-device-ui-proof	Set up job	2026-09-07T20:47:42.7105673Z LTS
physical-device-ui-proof	Set up job	2026-09-07T20:47:42.7106277Z ##[endgroup]
physical-device-ui-proof	Set up job	2026-09-07T20:47:42.7106939Z ##[group]Runner Image
physical-device-ui-proof	Set up job	2026-09-07T20:47:42.7107559Z Image: ubuntu-24.04
physical-device-ui-proof	Set up job	2026-09-07T20:47:42.7108246Z Version: 20260831.293.1
physical-device-ui-proof	Set up job	2026-09-07T20:47:42.7109450Z Included Software: https://github.com/actions/runner-images/blob/ubuntu24/20260831.293/images/ubuntu/Ubuntu2404-Readme.md
physical-device-ui-proof	Set up job	2026-09-07T20:47:42.7111296Z Image Release: https://github.com/actions/runner-images/releases/tag/ubuntu24%2F20260831.293
physical-device-ui-proof	Set up job	2026-09-07T20:47:42.7112529Z ##[endgroup]
physical-device-ui-proof	Set up job	2026-09-07T20:47:42.7113750Z ##[group]GITHUB_TOKEN Permissions
physical-device-ui-proof	Set up job	2026-09-07T20:47:42.7115622Z Contents: read
physical-device-ui-proof	Set up job	2026-09-07T20:47:42.7116274Z Metadata: read
physical-device-ui-proof	Set up job	2026-09-07T20:47:42.7116993Z ##[endgroup]
physical-device-ui-proof	Set up job	2026-09-07T20:47:42.7119066Z Secret source: Actions
physical-device-ui-proof	Set up job	2026-09-07T20:47:42.7120286Z Prepare workflow directory
physical-device-ui-proof	Set up job	2026-09-07T20:47:42.7527714Z Prepare all required actions
physical-device-ui-proof	Set up job	2026-09-07T20:47:42.7577209Z Getting action download info
physical-device-ui-proof	Set up job	2026-09-07T20:47:43.1336650Z Download action repository 'actions/checkout@v4' (SHA:11d5960a326750d5838078e36cf38b85af677262)
physical-device-ui-proof	Set up job	2026-09-07T20:47:43.2723429Z Download action repository 'supabase/setup-cli@ab058987d8d6c725971f6cf9d0b5c98467e30bd1' (SHA:ab058987d8d6c725971f6cf9d0b5c98467e30bd1)
physical-device-ui-proof	Set up job	2026-09-07T20:47:43.6453713Z Download action repository 'actions/setup-node@v4' (SHA:49933ea5288caeca8642d1e84afbd3f7d6820020)
physical-device-ui-proof	Set up job	2026-09-07T20:47:43.7407263Z Download action repository 'actions/setup-java@v5' (SHA:b6effb05e454b25005698d916606bdc6ffcbf961)
physical-device-ui-proof	Set up job	2026-09-07T20:47:44.2040056Z Download action repository 'ReactiveCircus/android-emulator-runner@a421e43855164a8197daf9d8d40fe71c6996bb0d' (SHA:a421e43855164a8197daf9d8d40fe71c6996bb0d)
physical-device-ui-proof	Set up job	2026-09-07T20:47:44.5265231Z Download action repository 'actions/upload-artifact@v4' (SHA:ea165f8d65b6e75b540449e92b4886f43607fa02)
physical-device-ui-proof	Set up job	2026-09-07T20:47:44.7986862Z Complete job name: physical-device-ui-proof
physical-device-ui-proof	Checkout proof branch	﻿2026-09-07T20:47:44.9270955Z Node 20 is being deprecated. This workflow is running with Node 24 by default. If you need to temporarily use Node 20, you can set the ACTIONS_ALLOW_USE_UNSECURE_NODE_VERSION=true environment variable. For more information see: https://github.blog/changelog/2025-09-19-deprecation-of-node-20-on-github-actions-runners/
physical-device-ui-proof	Checkout proof branch	2026-09-07T20:47:44.9285596Z ##[group]Run actions/checkout@v4
physical-device-ui-proof	Checkout proof branch	2026-09-07T20:47:44.9287264Z with:
physical-device-ui-proof	Checkout proof branch	2026-09-07T20:47:44.9288266Z   repository: Uskoci1/USKOCI-CLEAN
physical-device-ui-proof	Checkout proof branch	2026-09-07T20:47:44.9297002Z   token: ***
physical-device-ui-proof	Checkout proof branch	2026-09-07T20:47:44.9298034Z   ssh-strict: true
physical-device-ui-proof	Checkout proof branch	2026-09-07T20:47:44.9298995Z   ssh-user: git
physical-device-ui-proof	Checkout proof branch	2026-09-07T20:47:44.9299908Z   persist-credentials: true
physical-device-ui-proof	Checkout proof branch	2026-09-07T20:47:44.9300940Z   clean: true
physical-device-ui-proof	Checkout proof branch	2026-09-07T20:47:44.9301911Z   sparse-checkout-cone-mode: true
physical-device-ui-proof	Checkout proof branch	2026-09-07T20:47:44.9303177Z   fetch-depth: 1
physical-device-ui-proof	Checkout proof branch	2026-09-07T20:47:44.9304150Z   fetch-tags: false
physical-device-ui-proof	Checkout proof branch	2026-09-07T20:47:44.9305804Z   show-progress: true
physical-device-ui-proof	Checkout proof branch	2026-09-07T20:47:44.9307130Z   lfs: false
physical-device-ui-proof	Checkout proof branch	2026-09-07T20:47:44.9308014Z   submodules: false
physical-device-ui-proof	Checkout proof branch	2026-09-07T20:47:44.9308940Z   set-safe-directory: true
physical-device-ui-proof	Checkout proof branch	2026-09-07T20:47:44.9309963Z   allow-unsafe-pr-checkout: false
physical-device-ui-proof	Checkout proof branch	2026-09-07T20:47:44.9311445Z env:
physical-device-ui-proof	Checkout proof branch	2026-09-07T20:47:44.9312519Z   CI: 1
physical-device-ui-proof	Checkout proof branch	2026-09-07T20:47:44.9313339Z   SUPABASE_TELEMETRY_DISABLED: 1
physical-device-ui-proof	Checkout proof branch	2026-09-07T20:47:44.9314321Z   DO_NOT_TRACK: 1
physical-device-ui-proof	Checkout proof branch	2026-09-07T20:47:44.9315194Z   RU5_DEVICE_PACKAGE: rs.uskoci.n04proof
physical-device-ui-proof	Checkout proof branch	2026-09-07T20:47:44.9316431Z   RU5_DEVICE_ARTIFACT_DIR: artifacts/intent-shell-device
physical-device-ui-proof	Checkout proof branch	2026-09-07T20:47:44.9317611Z   RU5_ENTRY_PROOF: 1
physical-device-ui-proof	Checkout proof branch	2026-09-07T20:47:44.9318735Z ##[endgroup]
physical-device-ui-proof	Checkout proof branch	2026-09-07T20:47:45.0406694Z Syncing repository: Uskoci1/USKOCI-CLEAN
physical-device-ui-proof	Checkout proof branch	2026-09-07T20:47:45.0409853Z ##[group]Getting Git version info
physical-device-ui-proof	Checkout proof branch	2026-09-07T20:47:45.0411762Z Working directory is '/home/runner/work/USKOCI-CLEAN/USKOCI-CLEAN'
physical-device-ui-proof	Checkout proof branch	2026-09-07T20:47:45.0414223Z [command]/usr/bin/git version
physical-device-ui-proof	Checkout proof branch	2026-09-07T20:47:45.0487028Z git version 2.55.0
physical-device-ui-proof	Checkout proof branch	2026-09-07T20:47:45.0516507Z ##[endgroup]
physical-device-ui-proof	Checkout proof branch	2026-09-07T20:47:45.0534407Z Temporarily overriding HOME='/home/runner/work/_temp/79239dd5-fa6b-4e81-87ff-b678a2d01712' before making global git config changes
physical-device-ui-proof	Checkout proof branch	2026-09-07T20:47:45.0537405Z Adding repository directory to the temporary git global config as a safe directory
physical-device-ui-proof	Checkout proof branch	2026-09-07T20:47:45.0540934Z [command]/usr/bin/git config --global --add safe.directory /home/runner/work/USKOCI-CLEAN/USKOCI-CLEAN
physical-device-ui-proof	Checkout proof branch	2026-09-07T20:47:45.0597844Z Deleting the contents of '/home/runner/work/USKOCI-CLEAN/USKOCI-CLEAN'
physical-device-ui-proof	Checkout proof branch	2026-09-07T20:47:45.0601723Z ##[group]Initializing the repository
physical-device-ui-proof	Checkout proof branch	2026-09-07T20:47:45.0611160Z [command]/usr/bin/git init /home/runner/work/USKOCI-CLEAN/USKOCI-CLEAN
physical-device-ui-proof	Checkout proof branch	2026-09-07T20:47:45.0716026Z hint: Using 'master' as the name for the initial branch. This default branch name
physical-device-ui-proof	Checkout proof branch	2026-09-07T20:47:45.0718847Z hint: will change to "main" in Git 3.0. To configure the initial branch name
physical-device-ui-proof	Checkout proof branch	2026-09-07T20:47:45.0722376Z hint: to use in all of your new repositories, which will suppress this warning,
physical-device-ui-proof	Checkout proof branch	2026-09-07T20:47:45.0725201Z hint: call:
physical-device-ui-proof	Checkout proof branch	2026-09-07T20:47:45.0726753Z hint:
physical-device-ui-proof	Checkout proof branch	2026-09-07T20:47:45.0728406Z hint: 	git config --global init.defaultBranch <name>
physical-device-ui-proof	Checkout proof branch	2026-09-07T20:47:45.0730490Z hint:
physical-device-ui-proof	Checkout proof branch	2026-09-07T20:47:45.0732769Z hint: Names commonly chosen instead of 'master' are 'main', 'trunk' and
physical-device-ui-proof	Checkout proof branch	2026-09-07T20:47:45.0736009Z hint: 'development'. The just-created branch can be renamed via this command:
physical-device-ui-proof	Checkout proof branch	2026-09-07T20:47:45.0738467Z hint:
physical-device-ui-proof	Checkout proof branch	2026-09-07T20:47:45.0739781Z hint: 	git branch -m <name>
physical-device-ui-proof	Checkout proof branch	2026-09-07T20:47:45.0741244Z hint:
physical-device-ui-proof	Checkout proof branch	2026-09-07T20:47:45.0743455Z hint: Disable this message with "git config set advice.defaultBranchName false"
physical-device-ui-proof	Checkout proof branch	2026-09-07T20:47:45.0745564Z Initialized empty Git repository in /home/runner/work/USKOCI-CLEAN/USKOCI-CLEAN/.git/
physical-device-ui-proof	Checkout proof branch	2026-09-07T20:47:45.0748849Z [command]/usr/bin/git remote add origin https://github.com/Uskoci1/USKOCI-CLEAN
physical-device-ui-proof	Checkout proof branch	2026-09-07T20:47:45.0791966Z ##[endgroup]
physical-device-ui-proof	Checkout proof branch	2026-09-07T20:47:45.0795394Z ##[group]Disabling automatic garbage collection
physical-device-ui-proof	Checkout proof branch	2026-09-07T20:47:45.0798164Z [command]/usr/bin/git config --local gc.auto 0
physical-device-ui-proof	Checkout proof branch	2026-09-07T20:47:45.0835203Z ##[endgroup]
physical-device-ui-proof	Checkout proof branch	2026-09-07T20:47:45.0837603Z ##[group]Setting up auth
physical-device-ui-proof	Checkout proof branch	2026-09-07T20:47:45.0855607Z [command]/usr/bin/git config --local --name-only --get-regexp core\.sshCommand
physical-device-ui-proof	Checkout proof branch	2026-09-07T20:47:45.0894977Z [command]/usr/bin/git submodule foreach --recursive sh -c "git config --local --name-only --get-regexp 'core\.sshCommand' && git config --local --unset-all 'core.sshCommand' || :"
physical-device-ui-proof	Checkout proof branch	2026-09-07T20:47:45.1374389Z [command]/usr/bin/git config --local --name-only --get-regexp http\.https\:\/\/github\.com\/\.extraheader
physical-device-ui-proof	Checkout proof branch	2026-09-07T20:47:45.1413071Z [command]/usr/bin/git submodule foreach --recursive sh -c "git config --local --name-only --get-regexp 'http\.https\:\/\/github\.com\/\.extraheader' && git config --local --unset-all 'http.https://github.com/.extraheader' || :"
physical-device-ui-proof	Checkout proof branch	2026-09-07T20:47:45.1643515Z [command]/usr/bin/git config --local --name-only --get-regexp ^includeIf\.gitdir:
physical-device-ui-proof	Checkout proof branch	2026-09-07T20:47:45.1683737Z [command]/usr/bin/git submodule foreach --recursive git config --local --show-origin --name-only --get-regexp remote.origin.url
physical-device-ui-proof	Checkout proof branch	2026-09-07T20:47:45.1916588Z [command]/usr/bin/git config --local http.https://github.com/.extraheader AUTHORIZATION: basic ***
physical-device-ui-proof	Checkout proof branch	2026-09-07T20:47:45.1959260Z ##[endgroup]
physical-device-ui-proof	Checkout proof branch	2026-09-07T20:47:45.1961932Z ##[group]Fetching the repository
physical-device-ui-proof	Checkout proof branch	2026-09-07T20:47:45.1973615Z [command]/usr/bin/git -c protocol.version=2 fetch --no-tags --prune --no-recurse-submodules --depth=1 origin +c1b803285e2b5b97c57680ea09c9f17a6934d32d:refs/remotes/origin/feat/figma-entry-20260907
physical-device-ui-proof	Checkout proof branch	2026-09-07T20:47:46.0495568Z From https://github.com/Uskoci1/USKOCI-CLEAN
physical-device-ui-proof	Checkout proof branch	2026-09-07T20:47:46.0497221Z  * [new ref]         c1b803285e2b5b97c57680ea09c9f17a6934d32d -> origin/feat/figma-entry-20260907
physical-device-ui-proof	Checkout proof branch	2026-09-07T20:47:46.0501672Z ##[endgroup]
physical-device-ui-proof	Checkout proof branch	2026-09-07T20:47:46.0503522Z ##[group]Determining the checkout info
physical-device-ui-proof	Checkout proof branch	2026-09-07T20:47:46.0505076Z ##[endgroup]
physical-device-ui-proof	Checkout proof branch	2026-09-07T20:47:46.0512352Z [command]/usr/bin/git sparse-checkout disable
physical-device-ui-proof	Checkout proof branch	2026-09-07T20:47:46.0566356Z [command]/usr/bin/git config --local --unset-all extensions.worktreeConfig
physical-device-ui-proof	Checkout proof branch	2026-09-07T20:47:46.0624631Z ##[group]Checking out the ref
physical-device-ui-proof	Checkout proof branch	2026-09-07T20:47:46.0628937Z [command]/usr/bin/git checkout --progress --force -B feat/figma-entry-20260907 refs/remotes/origin/feat/figma-entry-20260907
physical-device-ui-proof	Checkout proof branch	2026-09-07T20:47:46.1237705Z Switched to a new branch 'feat/figma-entry-20260907'
physical-device-ui-proof	Checkout proof branch	2026-09-07T20:47:46.1241965Z branch 'feat/figma-entry-20260907' set up to track 'origin/feat/figma-entry-20260907'.
physical-device-ui-proof	Checkout proof branch	2026-09-07T20:47:46.1250706Z ##[endgroup]
physical-device-ui-proof	Checkout proof branch	2026-09-07T20:47:46.1296209Z [command]/usr/bin/git log -1 --format=%H
physical-device-ui-proof	Checkout proof branch	2026-09-07T20:47:46.1323980Z c1b803285e2b5b97c57680ea09c9f17a6934d32d
physical-device-ui-proof	Verify migration bytes and provenance integrity	﻿2026-09-07T20:47:46.1541067Z ##[group]Run sh supabase/migrations/check_md5.sh
physical-device-ui-proof	Verify migration bytes and provenance integrity	2026-09-07T20:47:46.1541890Z ^[[36;1msh supabase/migrations/check_md5.sh^[[0m
physical-device-ui-proof	Verify migration bytes and provenance integrity	2026-09-07T20:47:46.1585445Z shell: /usr/bin/bash -e {0}
physical-device-ui-proof	Verify migration bytes and provenance integrity	2026-09-07T20:47:46.1585990Z env:
physical-device-ui-proof	Verify migration bytes and provenance integrity	2026-09-07T20:47:46.1586399Z   CI: 1
physical-device-ui-proof	Verify migration bytes and provenance integrity	2026-09-07T20:47:46.1586841Z   SUPABASE_TELEMETRY_DISABLED: 1
physical-device-ui-proof	Verify migration bytes and provenance integrity	2026-09-07T20:47:46.1587330Z   DO_NOT_TRACK: 1
physical-device-ui-proof	Verify migration bytes and provenance integrity	2026-09-07T20:47:46.1587794Z   RU5_DEVICE_PACKAGE: rs.uskoci.n04proof
physical-device-ui-proof	Verify migration bytes and provenance integrity	2026-09-07T20:47:46.1588412Z   RU5_DEVICE_ARTIFACT_DIR: artifacts/intent-shell-device
physical-device-ui-proof	Verify migration bytes and provenance integrity	2026-09-07T20:47:46.1589003Z   RU5_ENTRY_PROOF: 1
physical-device-ui-proof	Verify migration bytes and provenance integrity	2026-09-07T20:47:46.1589462Z ##[endgroup]
physical-device-ui-proof	Verify migration bytes and provenance integrity	2026-09-07T20:47:46.2062225Z PASS migration_integrity files=87 live_snapshot=87 pending=0 191500=RECORDED_STATEMENT_RECONSTRUCTION exact_byte_mirror=false participant_contract=PASS
physical-device-ui-proof	Set up Supabase CLI	﻿2026-09-07T20:47:46.2179511Z Node 20 is being deprecated. This workflow is running with Node 24 by default. If you need to temporarily use Node 20, you can set the ACTIONS_ALLOW_USE_UNSECURE_NODE_VERSION=true environment variable. For more information see: https://github.blog/changelog/2025-09-19-deprecation-of-node-20-on-github-actions-runners/
physical-device-ui-proof	Set up Supabase CLI	2026-09-07T20:47:46.2181892Z ##[group]Run supabase/setup-cli@ab058987d8d6c725971f6cf9d0b5c98467e30bd1
physical-device-ui-proof	Set up Supabase CLI	2026-09-07T20:47:46.2182812Z with:
physical-device-ui-proof	Set up Supabase CLI	2026-09-07T20:47:46.2183224Z   version: 2.116.0
physical-device-ui-proof	Set up Supabase CLI	2026-09-07T20:47:46.2186517Z   github-token: ***
physical-device-ui-proof	Set up Supabase CLI	2026-09-07T20:47:46.2186966Z env:
physical-device-ui-proof	Set up Supabase CLI	2026-09-07T20:47:46.2187352Z   CI: 1
physical-device-ui-proof	Set up Supabase CLI	2026-09-07T20:47:46.2187766Z   SUPABASE_TELEMETRY_DISABLED: 1
physical-device-ui-proof	Set up Supabase CLI	2026-09-07T20:47:46.2188249Z   DO_NOT_TRACK: 1
physical-device-ui-proof	Set up Supabase CLI	2026-09-07T20:47:46.2188696Z   RU5_DEVICE_PACKAGE: rs.uskoci.n04proof
physical-device-ui-proof	Set up Supabase CLI	2026-09-07T20:47:46.2189300Z   RU5_DEVICE_ARTIFACT_DIR: artifacts/intent-shell-device
physical-device-ui-proof	Set up Supabase CLI	2026-09-07T20:47:46.2189867Z   RU5_ENTRY_PROOF: 1
physical-device-ui-proof	Set up Supabase CLI	2026-09-07T20:47:46.2190283Z ##[endgroup]
physical-device-ui-proof	Set up Supabase CLI	2026-09-07T20:47:46.9023917Z [command]/usr/bin/tar xz --warning=no-unknown-keyword --overwrite -C /home/runner/work/_temp/9a7f341a-5995-40a7-8bad-fb8c8ad29706 -f /home/runner/work/_temp/e7feb4ba-1f1e-4c2a-883f-e2730cac38a8
physical-device-ui-proof	Set up Node 24	﻿2026-09-07T20:47:48.4879863Z Node 20 is being deprecated. This workflow is running with Node 24 by default. If you need to temporarily use Node 20, you can set the ACTIONS_ALLOW_USE_UNSECURE_NODE_VERSION=true environment variable. For more information see: https://github.blog/changelog/2025-09-19-deprecation-of-node-20-on-github-actions-runners/
physical-device-ui-proof	Set up Node 24	2026-09-07T20:47:48.4881208Z ##[group]Run actions/setup-node@v4
physical-device-ui-proof	Set up Node 24	2026-09-07T20:47:48.4881484Z with:
physical-device-ui-proof	Set up Node 24	2026-09-07T20:47:48.4881682Z   node-version: 24
physical-device-ui-proof	Set up Node 24	2026-09-07T20:47:48.4881891Z   cache: npm
physical-device-ui-proof	Set up Node 24	2026-09-07T20:47:48.4882361Z   always-auth: false
physical-device-ui-proof	Set up Node 24	2026-09-07T20:47:48.4882659Z   check-latest: false
physical-device-ui-proof	Set up Node 24	2026-09-07T20:47:48.4885017Z   token: ***
physical-device-ui-proof	Set up Node 24	2026-09-07T20:47:48.4885227Z env:
physical-device-ui-proof	Set up Node 24	2026-09-07T20:47:48.4885414Z   CI: 1
physical-device-ui-proof	Set up Node 24	2026-09-07T20:47:48.4885617Z   SUPABASE_TELEMETRY_DISABLED: 1
physical-device-ui-proof	Set up Node 24	2026-09-07T20:47:48.4885868Z   DO_NOT_TRACK: 1
physical-device-ui-proof	Set up Node 24	2026-09-07T20:47:48.4886092Z   RU5_DEVICE_PACKAGE: rs.uskoci.n04proof
physical-device-ui-proof	Set up Node 24	2026-09-07T20:47:48.4886437Z   RU5_DEVICE_ARTIFACT_DIR: artifacts/intent-shell-device
physical-device-ui-proof	Set up Node 24	2026-09-07T20:47:48.4886978Z   RU5_ENTRY_PROOF: 1
physical-device-ui-proof	Set up Node 24	2026-09-07T20:47:48.4887265Z   SUPABASE_INTERNAL_IMAGE_REGISTRY: ghcr.io
physical-device-ui-proof	Set up Node 24	2026-09-07T20:47:48.4887549Z ##[endgroup]
physical-device-ui-proof	Set up Node 24	2026-09-07T20:47:48.6331265Z Found in cache @ /opt/hostedtoolcache/node/24.20.0/x64
physical-device-ui-proof	Set up Node 24	2026-09-07T20:47:48.6336916Z (node:2291) [DEP0040] DeprecationWarning: The `punycode` module is deprecated. Please use a userland alternative instead.
physical-device-ui-proof	Set up Node 24	2026-09-07T20:47:48.6338443Z (Use `node --trace-deprecation ...` to show where the warning was created)
physical-device-ui-proof	Set up Node 24	2026-09-07T20:47:48.6340377Z ##[group]Environment details
physical-device-ui-proof	Set up Node 24	2026-09-07T20:47:49.0329157Z node: v24.20.0
physical-device-ui-proof	Set up Node 24	2026-09-07T20:47:49.0329581Z npm: 11.19.0
physical-device-ui-proof	Set up Node 24	2026-09-07T20:47:49.0329924Z yarn: 1.22.22
physical-device-ui-proof	Set up Node 24	2026-09-07T20:47:49.0331241Z ##[endgroup]
physical-device-ui-proof	Set up Node 24	2026-09-07T20:47:49.0353052Z [command]/opt/hostedtoolcache/node/24.20.0/x64/bin/npm config get cache
physical-device-ui-proof	Set up Node 24	2026-09-07T20:47:49.1485963Z /home/runner/.npm
physical-device-ui-proof	Set up Node 24	2026-09-07T20:47:49.4106266Z Cache hit for: node-cache-Linux-x64-npm-8397ea54b5b80fda2980aa993dfe2420b89679f27acfefdcdfd110c26b03facb
physical-device-ui-proof	Set up Node 24	2026-09-07T20:47:49.4223647Z (node:2291) [DEP0169] DeprecationWarning: `url.parse()` behavior is not standardized and prone to errors that have security implications. Use the WHATWG URL API instead. CVEs are not issued for `url.parse()` vulnerabilities.
physical-device-ui-proof	Set up Node 24	2026-09-07T20:47:50.6776484Z Received 8388608 of 195310476 (4.3%), 8.0 MBs/sec
physical-device-ui-proof	Set up Node 24	2026-09-07T20:47:51.6786183Z Received 134217728 of 195310476 (68.7%), 64.0 MBs/sec
physical-device-ui-proof	Set up Node 24	2026-09-07T20:47:52.3384805Z Received 195310476 of 195310476 (100.0%), 70.0 MBs/sec
physical-device-ui-proof	Set up Node 24	2026-09-07T20:47:52.3386392Z Cache Size: ~186 MB (195310476 B)
physical-device-ui-proof	Set up Node 24	2026-09-07T20:47:52.3423216Z [command]/usr/bin/tar -xf /home/runner/work/_temp/7972748e-f2ab-46cd-9f4a-c4078bdad1ac/cache.tzst -P -C /home/runner/work/USKOCI-CLEAN/USKOCI-CLEAN --use-compress-program unzstd
physical-device-ui-proof	Set up Node 24	2026-09-07T20:47:52.7454499Z Cache restored successfully
physical-device-ui-proof	Set up Node 24	2026-09-07T20:47:52.7546410Z Cache restored from key: node-cache-Linux-x64-npm-8397ea54b5b80fda2980aa993dfe2420b89679f27acfefdcdfd110c26b03facb
physical-device-ui-proof	Set up Java 17	﻿2026-09-07T20:47:52.7764426Z ##[group]Run actions/setup-java@v5
physical-device-ui-proof	Set up Java 17	2026-09-07T20:47:52.7764758Z with:
physical-device-ui-proof	Set up Java 17	2026-09-07T20:47:52.7765169Z   distribution: temurin
physical-device-ui-proof	Set up Java 17	2026-09-07T20:47:52.7765574Z   java-version: 17
physical-device-ui-proof	Set up Java 17	2026-09-07T20:47:52.7765945Z   java-package: jdk
physical-device-ui-proof	Set up Java 17	2026-09-07T20:47:52.7766199Z   check-latest: false
physical-device-ui-proof	Set up Java 17	2026-09-07T20:47:52.7766438Z   set-default: true
physical-device-ui-proof	Set up Java 17	2026-09-07T20:47:52.7766663Z   verify-signature: false
physical-device-ui-proof	Set up Java 17	2026-09-07T20:47:52.7766893Z   server-id: github
physical-device-ui-proof	Set up Java 17	2026-09-07T20:47:52.7767105Z   server-username: GITHUB_ACTOR
physical-device-ui-proof	Set up Java 17	2026-09-07T20:47:52.7767358Z   server-password: [REDACTED_PASSWORD_ASSIGNMENT]
physical-device-ui-proof	Set up Java 17	2026-09-07T20:47:52.7767621Z   overwrite-settings: true
physical-device-ui-proof	Set up Java 17	2026-09-07T20:47:52.7767858Z   job-status: success
physical-device-ui-proof	Set up Java 17	2026-09-07T20:47:52.7770203Z   token: ***
physical-device-ui-proof	Set up Java 17	2026-09-07T20:47:52.7770430Z   show-download-progress: false
physical-device-ui-proof	Set up Java 17	2026-09-07T20:47:52.7770676Z env:
physical-device-ui-proof	Set up Java 17	2026-09-07T20:47:52.7770856Z   CI: 1
physical-device-ui-proof	Set up Java 17	2026-09-07T20:47:52.7771049Z   SUPABASE_TELEMETRY_DISABLED: 1
physical-device-ui-proof	Set up Java 17	2026-09-07T20:47:52.7771293Z   DO_NOT_TRACK: 1
physical-device-ui-proof	Set up Java 17	2026-09-07T20:47:52.7771523Z   RU5_DEVICE_PACKAGE: rs.uskoci.n04proof
physical-device-ui-proof	Set up Java 17	2026-09-07T20:47:52.7771884Z   RU5_DEVICE_ARTIFACT_DIR: artifacts/intent-shell-device
physical-device-ui-proof	Set up Java 17	2026-09-07T20:47:52.7772491Z   RU5_ENTRY_PROOF: 1
physical-device-ui-proof	Set up Java 17	2026-09-07T20:47:52.7772735Z   SUPABASE_INTERNAL_IMAGE_REGISTRY: ghcr.io
physical-device-ui-proof	Set up Java 17	2026-09-07T20:47:52.7773012Z ##[endgroup]
physical-device-ui-proof	Set up Java 17	2026-09-07T20:47:52.9354851Z ##[group]Installed distributions
physical-device-ui-proof	Set up Java 17	2026-09-07T20:47:52.9430725Z Resolved Java 17.0.20+1 from tool-cache
physical-device-ui-proof	Set up Java 17	2026-09-07T20:47:52.9431564Z Setting Java 17.0.20+1 as the default
physical-device-ui-proof	Set up Java 17	2026-09-07T20:47:52.9436570Z Creating toolchains.xml for JDK version 17 from temurin
physical-device-ui-proof	Set up Java 17	2026-09-07T20:47:52.9511475Z Writing to /home/runner/.m2/toolchains.xml
physical-device-ui-proof	Set up Java 17	2026-09-07T20:47:52.9511872Z
physical-device-ui-proof	Set up Java 17	2026-09-07T20:47:52.9512295Z Java configuration:
physical-device-ui-proof	Set up Java 17	2026-09-07T20:47:52.9512758Z   Distribution: temurin
physical-device-ui-proof	Set up Java 17	2026-09-07T20:47:52.9513168Z   Version: 17.0.20+1
physical-device-ui-proof	Set up Java 17	2026-09-07T20:47:52.9513800Z   Path: /opt/hostedtoolcache/Java_Temurin-Hotspot_jdk/17.0.20-1/x64
physical-device-ui-proof	Set up Java 17	2026-09-07T20:47:52.9514292Z
physical-device-ui-proof	Set up Java 17	2026-09-07T20:47:52.9514704Z ##[endgroup]
physical-device-ui-proof	Set up Java 17	2026-09-07T20:47:52.9520428Z Creating settings.xml with server-id: github
physical-device-ui-proof	Set up Java 17	2026-09-07T20:47:52.9533952Z Writing to /home/runner/.m2/settings.xml
physical-device-ui-proof	Set up Java 17	2026-09-07T20:47:52.9543328Z Configured MAVEN_ARGS to include -ntp to suppress Maven transfer progress logs. Set 'show-download-progress: true' to keep the download progress output.
physical-device-ui-proof	Install locked dependencies	﻿2026-09-07T20:47:52.9686132Z ##[group]Run npm ci
physical-device-ui-proof	Install locked dependencies	2026-09-07T20:47:52.9686411Z ^[[36;1mnpm ci^[[0m
physical-device-ui-proof	Install locked dependencies	2026-09-07T20:47:52.9734194Z shell: /usr/bin/bash -e {0}
physical-device-ui-proof	Install locked dependencies	2026-09-07T20:47:52.9734462Z env:
physical-device-ui-proof	Install locked dependencies	2026-09-07T20:47:52.9734648Z   CI: 1
physical-device-ui-proof	Install locked dependencies	2026-09-07T20:47:52.9734866Z   SUPABASE_TELEMETRY_DISABLED: 1
physical-device-ui-proof	Install locked dependencies	2026-09-07T20:47:52.9735118Z   DO_NOT_TRACK: 1
physical-device-ui-proof	Install locked dependencies	2026-09-07T20:47:52.9735348Z   RU5_DEVICE_PACKAGE: rs.uskoci.n04proof
physical-device-ui-proof	Install locked dependencies	2026-09-07T20:47:52.9735689Z   RU5_DEVICE_ARTIFACT_DIR: artifacts/intent-shell-device
physical-device-ui-proof	Install locked dependencies	2026-09-07T20:47:52.9736006Z   RU5_ENTRY_PROOF: 1
physical-device-ui-proof	Install locked dependencies	2026-09-07T20:47:52.9736245Z   SUPABASE_INTERNAL_IMAGE_REGISTRY: ghcr.io
physical-device-ui-proof	Install locked dependencies	2026-09-07T20:47:52.9736635Z   JAVA_HOME: /opt/hostedtoolcache/Java_Temurin-Hotspot_jdk/17.0.20-1/x64
physical-device-ui-proof	Install locked dependencies	2026-09-07T20:47:52.9737128Z   JAVA_HOME_17_X64: /opt/hostedtoolcache/Java_Temurin-Hotspot_jdk/17.0.20-1/x64
physical-device-ui-proof	Install locked dependencies	2026-09-07T20:47:52.9737525Z   MAVEN_ARGS: -ntp
physical-device-ui-proof	Install locked dependencies	2026-09-07T20:47:52.9737731Z ##[endgroup]
physical-device-ui-proof	Install locked dependencies	2026-09-07T20:47:57.8503940Z npm warn deprecated inflight@1.0.6: This module is not supported, and leaks memory. Do not use it. Check out lru-cache if you want a good and tested way to coalesce async requests by a key value, which is much more comprehensive and powerful.
physical-device-ui-proof	Install locked dependencies	2026-09-07T20:47:58.0115947Z npm warn deprecated abab@2.0.6: Use your platform's native atob() and btoa() methods instead
physical-device-ui-proof	Install locked dependencies	2026-09-07T20:47:58.0434127Z npm warn deprecated glob@7.2.3: Old versions of glob are not supported, and contain widely publicized security vulnerabilities, which have been fixed in the current version. Please update. Support for old versions may be purchased (at exorbitant rates) by contacting i@izs.me
physical-device-ui-proof	Install locked dependencies	2026-09-07T20:47:58.0459257Z npm warn deprecated glob@7.2.3: Old versions of glob are not supported, and contain widely publicized security vulnerabilities, which have been fixed in the current version. Please update. Support for old versions may be purchased (at exorbitant rates) by contacting i@izs.me
physical-device-ui-proof	Install locked dependencies	2026-09-07T20:47:58.0482517Z npm warn deprecated glob@7.2.3: Old versions of glob are not supported, and contain widely publicized security vulnerabilities, which have been fixed in the current version. Please update. Support for old versions may be purchased (at exorbitant rates) by contacting i@izs.me
physical-device-ui-proof	Install locked dependencies	2026-09-07T20:47:58.0518781Z npm warn deprecated glob@7.2.3: Old versions of glob are not supported, and contain widely publicized security vulnerabilities, which have been fixed in the current version. Please update. Support for old versions may be purchased (at exorbitant rates) by contacting i@izs.me
physical-device-ui-proof	Install locked dependencies	2026-09-07T20:47:58.0535013Z npm warn deprecated whatwg-encoding@2.0.0: Use @exodus/bytes instead for a more spec-conformant and faster implementation
physical-device-ui-proof	Install locked dependencies	2026-09-07T20:47:58.3060636Z npm warn deprecated domexception@4.0.0: Use your platform's native DOMException instead
physical-device-ui-proof	Install locked dependencies	2026-09-07T20:48:12.7325198Z
physical-device-ui-proof	Install locked dependencies	2026-09-07T20:48:12.7325937Z > uskoci-app@1.0.0 postinstall
physical-device-ui-proof	Install locked dependencies	2026-09-07T20:48:12.7326704Z > node ./scripts/sync-entry-reference-assets.cjs
physical-device-ui-proof	Install locked dependencies	2026-09-07T20:48:12.7327024Z
physical-device-ui-proof	Install locked dependencies	2026-09-07T20:48:12.7925323Z [entry-reference] city 64388 bytes mime=image/webp sha256=ad4c57566f3a69b269f6371f2ed516146e583e820c2ce8051c3dcaf870193f01
physical-device-ui-proof	Install locked dependencies	2026-09-07T20:48:12.7928754Z [entry-reference] font 134916 bytes header=00010000 sha256=0b82ab5fdba8e0147e38e89237ea4a430f0d7017c313d9b8e56a309acde756c0
physical-device-ui-proof	Install locked dependencies	2026-09-07T20:48:12.7929851Z [entry-reference] animation data generated from canonical HTML
physical-device-ui-proof	Install locked dependencies	2026-09-07T20:48:12.9021654Z
physical-device-ui-proof	Install locked dependencies	2026-09-07T20:48:12.9022898Z added 855 packages, and audited 857 packages in 20s
physical-device-ui-proof	Install locked dependencies	2026-09-07T20:48:12.9023401Z
physical-device-ui-proof	Install locked dependencies	2026-09-07T20:48:12.9023695Z 82 packages are looking for funding
physical-device-ui-proof	Install locked dependencies	2026-09-07T20:48:12.9024754Z   run `npm fund` for details
physical-device-ui-proof	Install locked dependencies	2026-09-07T20:48:12.9038688Z
physical-device-ui-proof	Install locked dependencies	2026-09-07T20:48:12.9039093Z found 0 vulnerabilities
physical-device-ui-proof	TypeScript contract check	﻿2026-09-07T20:48:13.0227442Z ##[group]Run npx tsc --noEmit
physical-device-ui-proof	TypeScript contract check	2026-09-07T20:48:13.0227774Z ^[[36;1mnpx tsc --noEmit^[[0m
physical-device-ui-proof	TypeScript contract check	2026-09-07T20:48:13.0276379Z shell: /usr/bin/bash -e {0}
physical-device-ui-proof	TypeScript contract check	2026-09-07T20:48:13.0276812Z env:
physical-device-ui-proof	TypeScript contract check	2026-09-07T20:48:13.0276998Z   CI: 1
physical-device-ui-proof	TypeScript contract check	2026-09-07T20:48:13.0277201Z   SUPABASE_TELEMETRY_DISABLED: 1
physical-device-ui-proof	TypeScript contract check	2026-09-07T20:48:13.0277450Z   DO_NOT_TRACK: 1
physical-device-ui-proof	TypeScript contract check	2026-09-07T20:48:13.0277684Z   RU5_DEVICE_PACKAGE: rs.uskoci.n04proof
physical-device-ui-proof	TypeScript contract check	2026-09-07T20:48:13.0278017Z   RU5_DEVICE_ARTIFACT_DIR: artifacts/intent-shell-device
physical-device-ui-proof	TypeScript contract check	2026-09-07T20:48:13.0278331Z   RU5_ENTRY_PROOF: 1
physical-device-ui-proof	TypeScript contract check	2026-09-07T20:48:13.0278570Z   SUPABASE_INTERNAL_IMAGE_REGISTRY: ghcr.io
physical-device-ui-proof	TypeScript contract check	2026-09-07T20:48:13.0278969Z   JAVA_HOME: /opt/hostedtoolcache/Java_Temurin-Hotspot_jdk/17.0.20-1/x64
physical-device-ui-proof	TypeScript contract check	2026-09-07T20:48:13.0279455Z   JAVA_HOME_17_X64: /opt/hostedtoolcache/Java_Temurin-Hotspot_jdk/17.0.20-1/x64
physical-device-ui-proof	TypeScript contract check	2026-09-07T20:48:13.0279836Z   MAVEN_ARGS: -ntp
physical-device-ui-proof	TypeScript contract check	2026-09-07T20:48:13.0280041Z ##[endgroup]
physical-device-ui-proof	Regression tests	﻿2026-09-07T20:48:18.7335744Z ##[group]Run npm test -- --runInBand
physical-device-ui-proof	Regression tests	2026-09-07T20:48:18.7336113Z ^[[36;1mnpm test -- --runInBand^[[0m
physical-device-ui-proof	Regression tests	2026-09-07T20:48:18.7373895Z shell: /usr/bin/bash -e {0}
physical-device-ui-proof	Regression tests	2026-09-07T20:48:18.7374160Z env:
physical-device-ui-proof	Regression tests	2026-09-07T20:48:18.7374344Z   CI: 1
physical-device-ui-proof	Regression tests	2026-09-07T20:48:18.7374558Z   SUPABASE_TELEMETRY_DISABLED: 1
physical-device-ui-proof	Regression tests	2026-09-07T20:48:18.7374814Z   DO_NOT_TRACK: 1
physical-device-ui-proof	Regression tests	2026-09-07T20:48:18.7375043Z   RU5_DEVICE_PACKAGE: rs.uskoci.n04proof
physical-device-ui-proof	Regression tests	2026-09-07T20:48:18.7375383Z   RU5_DEVICE_ARTIFACT_DIR: artifacts/intent-shell-device
physical-device-ui-proof	Regression tests	2026-09-07T20:48:18.7375704Z   RU5_ENTRY_PROOF: 1
physical-device-ui-proof	Regression tests	2026-09-07T20:48:18.7375955Z   SUPABASE_INTERNAL_IMAGE_REGISTRY: ghcr.io
physical-device-ui-proof	Regression tests	2026-09-07T20:48:18.7376353Z   JAVA_HOME: /opt/hostedtoolcache/Java_Temurin-Hotspot_jdk/17.0.20-1/x64
physical-device-ui-proof	Regression tests	2026-09-07T20:48:18.7376850Z   JAVA_HOME_17_X64: /opt/hostedtoolcache/Java_Temurin-Hotspot_jdk/17.0.20-1/x64
physical-device-ui-proof	Regression tests	2026-09-07T20:48:18.7377241Z   MAVEN_ARGS: -ntp
physical-device-ui-proof	Regression tests	2026-09-07T20:48:18.7377454Z ##[endgroup]
physical-device-ui-proof	Regression tests	2026-09-07T20:48:18.8582504Z
physical-device-ui-proof	Regression tests	2026-09-07T20:48:18.8584039Z > uskoci-app@1.0.0 test
physical-device-ui-proof	Regression tests	2026-09-07T20:48:18.8584697Z > jest --runInBand
physical-device-ui-proof	Regression tests	2026-09-07T20:48:18.8584967Z
physical-device-ui-proof	Regression tests	2026-09-07T20:48:21.9037855Z PASS src/data/__tests__/agreement-outbox.test.ts
physical-device-ui-proof	Regression tests	2026-09-07T20:48:22.8354619Z PASS src/data/__tests__/auth-entry-surface.test.tsx
physical-device-ui-proof	Regression tests	2026-09-07T20:48:23.0545240Z PASS src/store/__tests__/session-epoch.test.ts
physical-device-ui-proof	Regression tests	2026-09-07T20:48:23.3721553Z PASS src/data/__tests__/agreement-screen-recovery.test.tsx
physical-device-ui-proof	Regression tests	2026-09-07T20:48:23.5079272Z PASS src/data/__tests__/auth-entry-hooks.test.tsx
physical-device-ui-proof	Regression tests	2026-09-07T20:48:30.2993964Z PASS src/store/__tests__/session-layout.test.tsx (6.775 s)
physical-device-ui-proof	Regression tests	2026-09-07T20:48:30.4188150Z PASS src/data/__tests__/cdl-a09-worker-profile-equivalence.test.ts
physical-device-ui-proof	Regression tests	2026-09-07T20:48:30.6040073Z PASS src/data/__tests__/profile-hub.test.tsx
physical-device-ui-proof	Regression tests	2026-09-07T20:48:30.7833726Z PASS src/data/__tests__/agreement-chat-ui.test.tsx
physical-device-ui-proof	Regression tests	2026-09-07T20:48:30.9052665Z PASS src/store/__tests__/return-target-ownership.test.ts
physical-device-ui-proof	Regression tests	2026-09-07T20:48:31.0173793Z PASS src/data/__tests__/cdl-a03-need-read-equivalence.test.ts
physical-device-ui-proof	Regression tests	2026-09-07T20:48:31.1675739Z PASS src/data/__tests__/cdl-a02-agreement-mutation-equivalence.test.ts
physical-device-ui-proof	Regression tests	2026-09-07T20:48:31.3353072Z PASS scripts/__tests__/eas-preview-guard.test.ts
physical-device-ui-proof	Regression tests	2026-09-07T20:48:34.2543371Z PASS src/data/__tests__/m02-atomski-izbor.test.ts
physical-device-ui-proof	Regression tests	2026-09-07T20:48:34.3448317Z PASS src/data/__tests__/cdl-a01-agreement-read-equivalence.test.ts
physical-device-ui-proof	Regression tests	2026-09-07T20:48:37.7692060Z PASS src/data/__tests__/r02-ai-nacrt.test.ts
physical-device-ui-proof	Regression tests	2026-09-07T20:48:37.9003399Z PASS src/data/__tests__/notification-preferences-client.test.ts
physical-device-ui-proof	Regression tests	2026-09-07T20:48:38.0257796Z PASS src/data/__tests__/inbox-model.test.ts
physical-device-ui-proof	Regression tests	2026-09-07T20:48:38.1293203Z PASS src/data/__tests__/auth-client.test.ts
physical-device-ui-proof	Regression tests	2026-09-07T20:48:38.2202364Z PASS src/data/__tests__/ru5-p0c03-application-client.test.ts
physical-device-ui-proof	Regression tests	2026-09-07T20:48:38.3185320Z PASS src/data/__tests__/cdl-a10-ai-command-shadow-equivalence.test.ts
physical-device-ui-proof	Regression tests	2026-09-07T20:48:39.8263460Z PASS scripts/__tests__/firebase-config.test.ts
physical-device-ui-proof	Regression tests	2026-09-07T20:48:39.9562265Z PASS src/data/__tests__/entry-intro-hook.test.tsx
physical-device-ui-proof	Regression tests	2026-09-07T20:48:40.0861015Z PASS src/data/__tests__/entry-splash-ready-hook.test.tsx
physical-device-ui-proof	Regression tests	2026-09-07T20:48:40.2052842Z PASS src/data/__tests__/auth-availability-client.test.ts
physical-device-ui-proof	Regression tests	2026-09-07T20:48:40.3067257Z PASS src/data/__tests__/own-profile-client.test.ts
physical-device-ui-proof	Regression tests	2026-09-07T20:48:40.3943461Z PASS src/data/__tests__/ru5-p0c01-public-profile.test.ts
physical-device-ui-proof	Regression tests	2026-09-07T20:48:40.4671424Z PASS __tests__/notificationMessageEventContract.test.ts
physical-device-ui-proof	Regression tests	2026-09-07T20:48:40.5841290Z PASS src/data/__tests__/agreement-message-client.test.ts
physical-device-ui-proof	Regression tests	2026-09-07T20:48:40.6855491Z PASS src/data/__tests__/agreement-message-read.test.ts
physical-device-ui-proof	Regression tests	2026-09-07T20:48:40.7576611Z PASS src/data/__tests__/cdl-a12-ai-publish-shadow-equivalence.test.ts
physical-device-ui-proof	Regression tests	2026-09-07T20:48:40.8646148Z PASS __tests__/tabLayoutSafeAreaContract.test.ts
physical-device-ui-proof	Regression tests	2026-09-07T20:48:43.4941503Z PASS src/data/__tests__/m07-zavrsetak.test.ts
physical-device-ui-proof	Regression tests	2026-09-07T20:48:43.5801255Z PASS src/data/__tests__/cdl-a05-phone-grant-equivalence.test.ts
physical-device-ui-proof	Regression tests	2026-09-07T20:48:45.9851610Z PASS src/data/__tests__/m04-privatnost-kontakt.test.ts
physical-device-ui-proof	Regression tests	2026-09-07T20:48:46.1834439Z PASS __tests__/routerDecoderDependencyContract.test.ts
physical-device-ui-proof	Regression tests	2026-09-07T20:48:46.2650215Z PASS __tests__/notificationSelectionEventContract.test.ts
physical-device-ui-proof	Regression tests	2026-09-07T20:48:46.3387641Z PASS src/data/__tests__/cdl-a08-exact-location-equivalence.test.ts
physical-device-ui-proof	Regression tests	2026-09-07T20:48:46.4207870Z PASS src/data/__tests__/cdl-a07-completion-mark-equivalence.test.ts
physical-device-ui-proof	Regression tests	2026-09-07T20:48:46.5063747Z PASS src/data/__tests__/focused-resource-hook.test.tsx
physical-device-ui-proof	Regression tests	2026-09-07T20:48:46.5958078Z PASS src/data/__tests__/opportunities-read.test.ts
physical-device-ui-proof	Regression tests	2026-09-07T20:48:46.6749377Z PASS src/data/__tests__/ru2-ai-v2-ui.test.ts
physical-device-ui-proof	Regression tests	2026-09-07T20:48:46.7553606Z PASS src/data/__tests__/cdl-a06-problem-report-equivalence.test.ts
physical-device-ui-proof	Regression tests	2026-09-07T20:48:46.9753761Z PASS src/data/__tests__/entry-brand-scene-clock.test.tsx
physical-device-ui-proof	Regression tests	2026-09-07T20:48:47.0450035Z PASS src/data/__tests__/cdl-a11-ai-conversation-shadow-equivalence.test.ts
physical-device-ui-proof	Regression tests	2026-09-07T20:48:47.1267390Z PASS src/data/__tests__/cdl-a04-response-viewed-equivalence.test.ts
physical-device-ui-proof	Regression tests	2026-09-07T20:48:47.2206224Z PASS src/store/__tests__/auth-runtime.test.ts
physical-device-ui-proof	Regression tests	2026-09-07T20:48:47.3192444Z PASS src/data/__tests__/inbox-client.test.ts
physical-device-ui-proof	Regression tests	2026-09-07T20:48:47.4075412Z PASS src/data/__tests__/focused-resource.test.ts
physical-device-ui-proof	Regression tests	2026-09-07T20:48:47.4955137Z PASS src/data/__tests__/entry-intent-client.test.ts
physical-device-ui-proof	Regression tests	2026-09-07T20:48:47.5720037Z PASS __tests__/ru5DevicePostflightSqlContract.test.ts
physical-device-ui-proof	Regression tests	2026-09-07T20:48:47.6614536Z PASS src/data/__tests__/agreement-outbox-hook.test.tsx
physical-device-ui-proof	Regression tests	2026-09-07T20:48:47.7397234Z PASS __tests__/notificationForwardAdmissionContract.test.ts
physical-device-ui-proof	Regression tests	2026-09-07T20:48:47.8069650Z PASS __tests__/inboxBackendContract.test.ts
physical-device-ui-proof	Regression tests	2026-09-07T20:48:47.8883357Z PASS src/data/__tests__/ru5-p0d01-candidate-projection-contract.test.ts
physical-device-ui-proof	Regression tests	2026-09-07T20:48:47.9567387Z PASS __tests__/entrySafeAreaContract.test.ts
physical-device-ui-proof	Regression tests	2026-09-07T20:48:48.0380871Z PASS __tests__/notificationPushRegistryContract.test.ts
physical-device-ui-proof	Regression tests	2026-09-07T20:48:48.1079387Z PASS __tests__/notificationAgreementChangeContract.test.ts
physical-device-ui-proof	Regression tests	2026-09-07T20:48:48.2013477Z PASS src/lib/__tests__/selectionIdempotency.test.ts
physical-device-ui-proof	Regression tests	2026-09-07T20:48:48.3588581Z PASS __tests__/nativeBuildDependencyContract.test.ts
physical-device-ui-proof	Regression tests	2026-09-07T20:48:48.4394106Z PASS src/data/__tests__/aiNeedV2Ui.test.ts
physical-device-ui-proof	Regression tests	2026-09-07T20:48:48.4410668Z
physical-device-ui-proof	Regression tests	2026-09-07T20:48:48.4420061Z Test Suites: 61 passed, 61 total
physical-device-ui-proof	Regression tests	2026-09-07T20:48:48.4420673Z Tests:       540 passed, 540 total
physical-device-ui-proof	Regression tests	2026-09-07T20:48:48.4421203Z Snapshots:   0 total
physical-device-ui-proof	Regression tests	2026-09-07T20:48:48.4421632Z Time:        28.911 s
physical-device-ui-proof	Regression tests	2026-09-07T20:48:48.4422037Z Ran all test suites.
physical-device-ui-proof	Physical input harness regression tests	﻿2026-09-07T20:48:48.5659512Z ##[group]Run python3 -m unittest scripts/test_ru5_android_input.py scripts/test_intent_shell_android.py -v
physical-device-ui-proof	Physical input harness regression tests	2026-09-07T20:48:48.5660350Z ^[[36;1mpython3 -m unittest scripts/test_ru5_android_input.py scripts/test_intent_shell_android.py -v^[[0m
physical-device-ui-proof	Physical input harness regression tests	2026-09-07T20:48:48.5698288Z shell: /usr/bin/bash -e {0}
physical-device-ui-proof	Physical input harness regression tests	2026-09-07T20:48:48.5698572Z env:
physical-device-ui-proof	Physical input harness regression tests	2026-09-07T20:48:48.5698778Z   CI: 1
physical-device-ui-proof	Physical input harness regression tests	2026-09-07T20:48:48.5699000Z   SUPABASE_TELEMETRY_DISABLED: 1
physical-device-ui-proof	Physical input harness regression tests	2026-09-07T20:48:48.5699291Z   DO_NOT_TRACK: 1
physical-device-ui-proof	Physical input harness regression tests	2026-09-07T20:48:48.5699544Z   RU5_DEVICE_PACKAGE: rs.uskoci.n04proof
physical-device-ui-proof	Physical input harness regression tests	2026-09-07T20:48:48.5699935Z   RU5_DEVICE_ARTIFACT_DIR: artifacts/intent-shell-device
physical-device-ui-proof	Physical input harness regression tests	2026-09-07T20:48:48.5700288Z   RU5_ENTRY_PROOF: 1
physical-device-ui-proof	Physical input harness regression tests	2026-09-07T20:48:48.5700558Z   SUPABASE_INTERNAL_IMAGE_REGISTRY: ghcr.io
physical-device-ui-proof	Physical input harness regression tests	2026-09-07T20:48:48.5701001Z   JAVA_HOME: /opt/hostedtoolcache/Java_Temurin-Hotspot_jdk/17.0.20-1/x64
physical-device-ui-proof	Physical input harness regression tests	2026-09-07T20:48:48.5701753Z   JAVA_HOME_17_X64: /opt/hostedtoolcache/Java_Temurin-Hotspot_jdk/17.0.20-1/x64
physical-device-ui-proof	Physical input harness regression tests	2026-09-07T20:48:48.5702480Z   MAVEN_ARGS: -ntp
physical-device-ui-proof	Physical input harness regression tests	2026-09-07T20:48:48.5702905Z ##[endgroup]
physical-device-ui-proof	Physical input harness regression tests	2026-09-07T20:48:48.7457447Z test_command_failure_does_not_log_secret_arguments (scripts.test_ru5_android_input.AndroidInputHarnessTests.test_command_failure_does_not_log_secret_arguments) ... ok
physical-device-ui-proof	Physical input harness regression tests	2026-09-07T20:48:48.7489584Z test_dropped_text_is_detected_and_retried (scripts.test_ru5_android_input.AndroidInputHarnessTests.test_dropped_text_is_detected_and_retried) ... ok
physical-device-ui-proof	Physical input harness regression tests	2026-09-07T20:48:48.7521697Z test_failed_password_readback_logs_no_value_or_length (scripts.test_ru5_android_input.AndroidInputHarnessTests.test_failed_password_readback_logs_no_value_or_length) ... ok
physical-device-ui-proof	Physical input harness regression tests	2026-09-07T20:48:48.7554228Z test_keyboard_pacing_has_a_deadline_and_cannot_claim_partial_success (scripts.test_ru5_android_input.AndroidInputHarnessTests.test_keyboard_pacing_has_a_deadline_and_cannot_claim_partial_success) ... ok
physical-device-ui-proof	Physical input harness regression tests	2026-09-07T20:48:48.7586555Z test_long_email_with_dropped_character_retries_the_whole_value (scripts.test_ru5_android_input.AndroidInputHarnessTests.test_long_email_with_dropped_character_retries_the_whole_value) ... ok
physical-device-ui-proof	Physical input harness regression tests	2026-09-07T20:48:48.7617808Z test_long_fixture_email_is_sent_as_separate_paced_key_events (scripts.test_ru5_android_input.AndroidInputHarnessTests.test_long_fixture_email_is_sent_as_separate_paced_key_events) ... ok
physical-device-ui-proof	Physical input harness regression tests	2026-09-07T20:48:48.7650452Z test_lost_taps_do_not_type_until_focus_is_confirmed (scripts.test_ru5_android_input.AndroidInputHarnessTests.test_lost_taps_do_not_type_until_focus_is_confirmed) ... ok
physical-device-ui-proof	Physical input harness regression tests	2026-09-07T20:48:48.7683116Z test_native_fields_use_screen_order_not_xml_order (scripts.test_ru5_android_input.AndroidInputHarnessTests.test_native_fields_use_screen_order_not_xml_order) ... ok
physical-device-ui-proof	Physical input harness regression tests	2026-09-07T20:48:48.7712826Z test_partial_masked_password_is_not_accepted (scripts.test_ru5_android_input.AndroidInputHarnessTests.test_partial_masked_password_is_not_accepted) ... ok
physical-device-ui-proof	Physical input harness regression tests	2026-09-07T20:48:48.7743892Z test_password_stays_masked_and_is_not_printed (scripts.test_ru5_android_input.AndroidInputHarnessTests.test_password_stays_masked_and_is_not_printed) ... ok
physical-device-ui-proof	Physical input harness regression tests	2026-09-07T20:48:48.7776052Z test_persistent_focus_failure_stops_without_typing (scripts.test_ru5_android_input.AndroidInputHarnessTests.test_persistent_focus_failure_stops_without_typing) ... ok
physical-device-ui-proof	Physical input harness regression tests	2026-09-07T20:48:48.7807186Z test_persistent_readback_failure_cannot_claim_success (scripts.test_ru5_android_input.AndroidInputHarnessTests.test_persistent_readback_failure_cannot_claim_success) ... ok
physical-device-ui-proof	Physical input harness regression tests	2026-09-07T20:48:48.7836342Z test_plaintext_requires_exact_readback (scripts.test_ru5_android_input.AndroidInputHarnessTests.test_plaintext_requires_exact_readback) ... ok
physical-device-ui-proof	Physical input harness regression tests	2026-09-07T20:48:48.7838915Z test_proof_supabase_action_uses_the_proven_immutable_revision (scripts.test_ru5_android_input.AndroidInputHarnessTests.test_proof_supabase_action_uses_the_proven_immutable_revision) ... ok
physical-device-ui-proof	Physical input harness regression tests	2026-09-07T20:48:48.7870206Z test_retry_replaces_existing_text_instead_of_appending (scripts.test_ru5_android_input.AndroidInputHarnessTests.test_retry_replaces_existing_text_instead_of_appending) ... ok
physical-device-ui-proof	Physical input harness regression tests	2026-09-07T20:48:48.8106530Z test_success_and_retry_diagnostics_are_independent_of_input_contents (scripts.test_ru5_android_input.AndroidInputHarnessTests.test_success_and_retry_diagnostics_are_independent_of_input_contents) ... ok
physical-device-ui-proof	Physical input harness regression tests	2026-09-07T20:48:48.8136770Z test_unsupported_shell_transport_input_is_rejected_without_commands (scripts.test_ru5_android_input.AndroidInputHarnessTests.test_unsupported_shell_transport_input_is_rejected_without_commands) ... ok
physical-device-ui-proof	Physical input harness regression tests	2026-09-07T20:48:48.8139764Z test_disabled_card_and_offscreen_card_are_not_accepted (scripts.test_intent_shell_android.AgreementMetadataVisibility.test_disabled_card_and_offscreen_card_are_not_accepted) ... ok
physical-device-ui-proof	Physical input harness regression tests	2026-09-07T20:48:48.8142893Z test_metadata_overflowing_card_or_screen_bounds_fails (scripts.test_intent_shell_android.AgreementMetadataVisibility.test_metadata_overflowing_card_or_screen_bounds_fails) ... ok
physical-device-ui-proof	Physical input harness regression tests	2026-09-07T20:48:48.8154581Z test_observed_worker_overflow_without_schedule_or_amount_fails (scripts.test_intent_shell_android.AgreementMetadataVisibility.test_observed_worker_overflow_without_schedule_or_amount_fails) ... ok
physical-device-ui-proof	Physical input harness regression tests	2026-09-07T20:48:48.8159024Z CHECKPOINT SIGNED_OUT_AUTH_NO_PRIVATE_TABS
physical-device-ui-proof	Physical input harness regression tests	2026-09-07T20:48:48.8164126Z test_real_native_button_hierarchy_preserves_full_schedule_and_amount (scripts.test_intent_shell_android.AgreementMetadataVisibility.test_real_native_button_hierarchy_preserves_full_schedule_and_amount) ... ok
physical-device-ui-proof	Physical input harness regression tests	2026-09-07T20:48:48.8165469Z CHECKPOINT SIGNED_OUT_AUTH_NO_PRIVATE_TABS
physical-device-ui-proof	Physical input harness regression tests	2026-09-07T20:48:48.8167108Z test_text_from_another_card_cannot_substitute_for_missing_amount (scripts.test_intent_shell_android.AgreementMetadataVisibility.test_text_from_another_card_cannot_substitute_for_missing_amount) ... ok
physical-device-ui-proof	Physical input harness regression tests	2026-09-07T20:48:48.8169400Z test_truncated_amount_text_cannot_substitute_for_full_currency_amount (scripts.test_intent_shell_android.AgreementMetadataVisibility.test_truncated_amount_text_cannot_substitute_for_full_currency_amount) ... ok
physical-device-ui-proof	Physical input harness regression tests	2026-09-07T20:48:48.8171248Z test_disabled_expected_zone_fails (scripts.test_intent_shell_android.IntentShellSelectors.test_disabled_expected_zone_fails) ... ok
physical-device-ui-proof	Physical input harness regression tests	2026-09-07T20:48:48.8173109Z test_disabled_historical_profile_is_still_not_allowed (scripts.test_intent_shell_android.IntentShellSelectors.test_disabled_historical_profile_is_still_not_allowed) ... ok
physical-device-ui-proof	Physical input harness regression tests	2026-09-07T20:48:48.8174910Z test_five_tab_predecessor_fails (scripts.test_intent_shell_android.IntentShellSelectors.test_five_tab_predecessor_fails) ... ok
physical-device-ui-proof	Physical input harness regression tests	2026-09-07T20:48:48.8176316Z test_fourth_unknown_tab_fails (scripts.test_intent_shell_android.IntentShellSelectors.test_fourth_unknown_tab_fails) ... ok
physical-device-ui-proof	Physical input harness regression tests	2026-09-07T20:48:48.8177633Z test_header_cannot_substitute_for_missing_bottom_task_zone (scripts.test_intent_shell_android.IntentShellSelectors.test_header_cannot_substitute_for_missing_bottom_task_zone) ... ok
physical-device-ui-proof	Physical input harness regression tests	2026-09-07T20:48:48.8179329Z test_requester_three_zones_accept_alias_without_counting_header_or_child_twice (scripts.test_intent_shell_android.IntentShellSelectors.test_requester_three_zones_accept_alias_without_counting_header_or_child_twice) ... ok
physical-device-ui-proof	Physical input harness regression tests	2026-09-07T20:48:48.8181193Z test_signed_out_assertion_uses_auth_confirmed_tree_without_second_raw_snapshot (scripts.test_intent_shell_android.IntentShellSelectors.test_signed_out_assertion_uses_auth_confirmed_tree_without_second_raw_snapshot) ... ok
physical-device-ui-proof	Physical input harness regression tests	2026-09-07T20:48:48.8183072Z test_signed_out_auth_accepts_real_auth_controls_without_private_tabs (scripts.test_intent_shell_android.IntentShellSelectors.test_signed_out_auth_accepts_real_auth_controls_without_private_tabs) ... ok
physical-device-ui-proof	Physical input harness regression tests	2026-09-07T20:48:48.8184777Z test_signed_out_auth_rejects_private_tabs_even_with_auth_control_present (scripts.test_intent_shell_android.IntentShellSelectors.test_signed_out_auth_rejects_private_tabs_even_with_auth_control_present) ... ok
physical-device-ui-proof	Physical input harness regression tests	2026-09-07T20:48:48.8186549Z test_signed_out_direct_form_accepts_exact_email_password_fields_in_confirmed_snapshot (scripts.test_intent_shell_android.IntentShellSelectors.test_signed_out_direct_form_accepts_exact_email_password_fields_in_confirmed_snapshot) ... ok
physical-device-ui-proof	Physical input harness regression tests	2026-09-07T20:48:48.8189188Z test_signed_out_direct_form_rejects_labelled_text_that_is_not_an_editable_field (scripts.test_intent_shell_android.IntentShellSelectors.test_signed_out_direct_form_rejects_labelled_text_that_is_not_an_editable_field) ... ok
physical-device-ui-proof	Physical input harness regression tests	2026-09-07T20:48:48.8192193Z test_signed_out_direct_form_rejects_missing_extra_duplicate_or_mislabelled_fields (scripts.test_intent_shell_android.IntentShellSelectors.test_signed_out_direct_form_rejects_missing_extra_duplicate_or_mislabelled_fields) ... ok
physical-device-ui-proof	Physical input harness regression tests	2026-09-07T20:48:48.8193996Z test_signed_out_direct_form_rejects_private_tabs_despite_both_real_fields (scripts.test_intent_shell_android.IntentShellSelectors.test_signed_out_direct_form_rejects_private_tabs_despite_both_real_fields) ... ok
physical-device-ui-proof	Physical input harness regression tests	2026-09-07T20:48:48.8195328Z test_worker_three_zones_accept (scripts.test_intent_shell_android.IntentShellSelectors.test_worker_three_zones_accept) ... ok
physical-device-ui-proof	Physical input harness regression tests	2026-09-07T20:48:48.8196458Z test_wrong_order_fails (scripts.test_intent_shell_android.IntentShellSelectors.test_wrong_order_fails) ... ok
physical-device-ui-proof	Physical input harness regression tests	2026-09-07T20:48:48.8196922Z
physical-device-ui-proof	Physical input harness regression tests	2026-09-07T20:48:48.8197181Z ----------------------------------------------------------------------
physical-device-ui-proof	Physical input harness regression tests	2026-09-07T20:48:48.8197557Z Ran 38 tests in 0.077s
physical-device-ui-proof	Physical input harness regression tests	2026-09-07T20:48:48.8197716Z
physical-device-ui-proof	Physical input harness regression tests	2026-09-07T20:48:48.8197812Z OK
physical-device-ui-proof	Fixture local-target guard tests	﻿2026-09-07T20:48:48.8396453Z ##[group]Run node --test supabase/proofs/ru5_device_ui_local_guard.test.mjs
physical-device-ui-proof	Fixture local-target guard tests	2026-09-07T20:48:48.8397528Z ^[[36;1mnode --test supabase/proofs/ru5_device_ui_local_guard.test.mjs^[[0m
physical-device-ui-proof	Fixture local-target guard tests	2026-09-07T20:48:48.8443150Z shell: /usr/bin/bash -e {0}
physical-device-ui-proof	Fixture local-target guard tests	2026-09-07T20:48:48.8443429Z env:
physical-device-ui-proof	Fixture local-target guard tests	2026-09-07T20:48:48.8443614Z   CI: 1
physical-device-ui-proof	Fixture local-target guard tests	2026-09-07T20:48:48.8443819Z   SUPABASE_TELEMETRY_DISABLED: 1
physical-device-ui-proof	Fixture local-target guard tests	2026-09-07T20:48:48.8444074Z   DO_NOT_TRACK: 1
physical-device-ui-proof	Fixture local-target guard tests	2026-09-07T20:48:48.8444308Z   RU5_DEVICE_PACKAGE: rs.uskoci.n04proof
physical-device-ui-proof	Fixture local-target guard tests	2026-09-07T20:48:48.8444649Z   RU5_DEVICE_ARTIFACT_DIR: artifacts/intent-shell-device
physical-device-ui-proof	Fixture local-target guard tests	2026-09-07T20:48:48.8444988Z   RU5_ENTRY_PROOF: 1
physical-device-ui-proof	Fixture local-target guard tests	2026-09-07T20:48:48.8445226Z   SUPABASE_INTERNAL_IMAGE_REGISTRY: ghcr.io
physical-device-ui-proof	Fixture local-target guard tests	2026-09-07T20:48:48.8445615Z   JAVA_HOME: /opt/hostedtoolcache/Java_Temurin-Hotspot_jdk/17.0.20-1/x64
physical-device-ui-proof	Fixture local-target guard tests	2026-09-07T20:48:48.8446099Z   JAVA_HOME_17_X64: /opt/hostedtoolcache/Java_Temurin-Hotspot_jdk/17.0.20-1/x64
physical-device-ui-proof	Fixture local-target guard tests	2026-09-07T20:48:48.8446489Z   MAVEN_ARGS: -ntp
physical-device-ui-proof	Fixture local-target guard tests	2026-09-07T20:48:48.8446697Z ##[endgroup]
physical-device-ui-proof	Fixture local-target guard tests	2026-09-07T20:48:48.9499909Z ✔ accepts only the existing disposable proof API/database contract (1.324559ms)
physical-device-ui-proof	Fixture local-target guard tests	2026-09-07T20:48:48.9507486Z ✔ rejects unsafe API case https://leqcwgzvjsxugfgzdmth.supabase.co (0.827873ms)
physical-device-ui-proof	Fixture local-target guard tests	2026-09-07T20:48:48.9508741Z ✔ rejects unsafe API case http://127.0.0.1.attacker.invalid:54321 (0.208609ms)
physical-device-ui-proof	Fixture local-target guard tests	2026-09-07T20:48:48.9510391Z ✔ rejects unsafe API case ***attacker.invalid (0.206204ms)
physical-device-ui-proof	Fixture local-target guard tests	2026-09-07T20:48:48.9511499Z ✔ rejects unsafe API case http://redacted@127.0.0.1:54321 (0.189063ms)
physical-device-ui-proof	Fixture local-target guard tests	2026-09-07T20:48:48.9512847Z ✔ rejects unsafe API case https://127.0.0.1:54321 (0.228495ms)
physical-device-ui-proof	Fixture local-target guard tests	2026-09-07T20:48:48.9514201Z ✔ rejects unsafe API case http://127.0.0.1:54322 (0.174075ms)
physical-device-ui-proof	Fixture local-target guard tests	2026-09-07T20:48:48.9523673Z ✔ rejects unsafe API case http://127.0.0.1:54321/rest/v1 (0.206135ms)
physical-device-ui-proof	Fixture local-target guard tests	2026-09-07T20:48:48.9525126Z ✔ rejects unsafe API case http://127.0.0.1:54321?target=remote (0.292586ms)
physical-device-ui-proof	Fixture local-target guard tests	2026-09-07T20:48:48.9526494Z ✔ rejects unsafe API case http://127.0.0.1:54321#remote (0.294278ms)
physical-device-ui-proof	Fixture local-target guard tests	2026-09-07T20:48:48.9527641Z ✔ rejects unsafe API case undefined (0.182119ms)
physical-device-ui-proof	Fixture local-target guard tests	2026-09-07T20:48:48.9535808Z ✔ rejects unsafe DB target without exposing credentials (0.505572ms)
physical-device-ui-proof	Fixture local-target guard tests	2026-09-07T20:48:48.9537184Z ✔ rejects unsafe DB target without exposing credentials (0.252711ms)
physical-device-ui-proof	Fixture local-target guard tests	2026-09-07T20:48:48.9539726Z ✔ rejects unsafe DB target without exposing credentials (0.17135ms)
physical-device-ui-proof	Fixture local-target guard tests	2026-09-07T20:48:48.9541885Z ✔ rejects unsafe DB target without exposing credentials (0.179615ms)
physical-device-ui-proof	Fixture local-target guard tests	2026-09-07T20:48:48.9545030Z ✔ rejects unsafe DB target without exposing credentials (0.994905ms)
physical-device-ui-proof	Fixture local-target guard tests	2026-09-07T20:48:48.9562400Z ✔ rejects unsafe DB target without exposing credentials (0.215382ms)
physical-device-ui-proof	Fixture local-target guard tests	2026-09-07T20:48:48.9563609Z ✔ rejects unsafe DB target without exposing credentials (0.20908ms)
physical-device-ui-proof	Fixture local-target guard tests	2026-09-07T20:48:48.9564380Z ✔ fixture validates both targets before client creation or fixture mutation (0.320457ms)
physical-device-ui-proof	Fixture local-target guard tests	2026-09-07T20:48:48.9662869Z ℹ tests 19
physical-device-ui-proof	Fixture local-target guard tests	2026-09-07T20:48:48.9663400Z ℹ suites 0
physical-device-ui-proof	Fixture local-target guard tests	2026-09-07T20:48:48.9663862Z ℹ pass 19
physical-device-ui-proof	Fixture local-target guard tests	2026-09-07T20:48:48.9664127Z ℹ fail 0
physical-device-ui-proof	Fixture local-target guard tests	2026-09-07T20:48:48.9664361Z ℹ cancelled 0
physical-device-ui-proof	Fixture local-target guard tests	2026-09-07T20:48:48.9664641Z ℹ skipped 0
physical-device-ui-proof	Fixture local-target guard tests	2026-09-07T20:48:48.9664861Z ℹ todo 0
physical-device-ui-proof	Fixture local-target guard tests	2026-09-07T20:48:48.9665117Z ℹ duration_ms 82.544488
physical-device-ui-proof	Reconstruct disposable live-79 Supabase	﻿2026-09-07T20:48:48.9749615Z ##[group]Run bash supabase/proofs/ru5_device_ui_live79_env.sh
physical-device-ui-proof	Reconstruct disposable live-79 Supabase	2026-09-07T20:48:48.9750084Z ^[[36;1mbash supabase/proofs/ru5_device_ui_live79_env.sh^[[0m
physical-device-ui-proof	Reconstruct disposable live-79 Supabase	2026-09-07T20:48:48.9788334Z shell: /usr/bin/bash -e {0}
physical-device-ui-proof	Reconstruct disposable live-79 Supabase	2026-09-07T20:48:48.9788603Z env:
physical-device-ui-proof	Reconstruct disposable live-79 Supabase	2026-09-07T20:48:48.9788784Z   CI: 1
physical-device-ui-proof	Reconstruct disposable live-79 Supabase	2026-09-07T20:48:48.9788983Z   SUPABASE_TELEMETRY_DISABLED: 1
physical-device-ui-proof	Reconstruct disposable live-79 Supabase	2026-09-07T20:48:48.9789242Z   DO_NOT_TRACK: 1
physical-device-ui-proof	Reconstruct disposable live-79 Supabase	2026-09-07T20:48:48.9789467Z   RU5_DEVICE_PACKAGE: rs.uskoci.n04proof
physical-device-ui-proof	Reconstruct disposable live-79 Supabase	2026-09-07T20:48:48.9790005Z   RU5_DEVICE_ARTIFACT_DIR: artifacts/intent-shell-device
physical-device-ui-proof	Reconstruct disposable live-79 Supabase	2026-09-07T20:48:48.9790334Z   RU5_ENTRY_PROOF: 1
physical-device-ui-proof	Reconstruct disposable live-79 Supabase	2026-09-07T20:48:48.9790574Z   SUPABASE_INTERNAL_IMAGE_REGISTRY: ghcr.io
physical-device-ui-proof	Reconstruct disposable live-79 Supabase	2026-09-07T20:48:48.9790975Z   JAVA_HOME: /opt/hostedtoolcache/Java_Temurin-Hotspot_jdk/17.0.20-1/x64
physical-device-ui-proof	Reconstruct disposable live-79 Supabase	2026-09-07T20:48:48.9791459Z   JAVA_HOME_17_X64: /opt/hostedtoolcache/Java_Temurin-Hotspot_jdk/17.0.20-1/x64
physical-device-ui-proof	Reconstruct disposable live-79 Supabase	2026-09-07T20:48:48.9791837Z   MAVEN_ARGS: -ntp
physical-device-ui-proof	Reconstruct disposable live-79 Supabase	2026-09-07T20:48:48.9792277Z ##[endgroup]
physical-device-ui-proof	Reconstruct disposable live-79 Supabase	2026-09-07T20:48:49.4525313Z Finished supabase init.
physical-device-ui-proof	Reconstruct disposable live-79 Supabase	2026-09-07T20:48:49.5281197Z A new version of Supabase CLI is available: v2.117.0 (currently installed v2.116.0)
physical-device-ui-proof	Reconstruct disposable live-79 Supabase	2026-09-07T20:48:49.5283255Z We recommend updating regularly for new features and bug fixes: https://supabase.com/docs/guides/cli/getting-started#updating-the-supabase-cli
physical-device-ui-proof	Reconstruct disposable live-79 Supabase	2026-09-07T20:48:50.9574792Z 1.50.4: Pulling from supabase/logflare
physical-device-ui-proof	Reconstruct disposable live-79 Supabase	2026-09-07T20:48:50.9576236Z 17.6.1.165: Pulling from supabase/postgres
physical-device-ui-proof	Reconstruct disposable live-79 Supabase	2026-09-07T20:48:50.9578030Z 0.53.0-alpine: Pulling from supabase/vector
physical-device-ui-proof	Reconstruct disposable live-79 Supabase	2026-09-07T20:48:50.9578739Z v16.1: Pulling from supabase/postgrest
physical-device-ui-proof	Reconstruct disposable live-79 Supabase	2026-09-07T20:48:50.9579663Z v1.30.2: Pulling from supabase/mailpit
physical-device-ui-proof	Reconstruct disposable live-79 Supabase	2026-09-07T20:48:50.9580634Z 2026.08.17-sha-0c1da8f: Pulling from supabase/studio
physical-device-ui-proof	Reconstruct disposable live-79 Supabase	2026-09-07T20:48:50.9581428Z v2.196.0: Pulling from supabase/gotrue
physical-device-ui-proof	Reconstruct disposable live-79 Supabase	2026-09-07T20:48:50.9691644Z v2.129.3: Pulling from supabase/realtime
physical-device-ui-proof	Reconstruct disposable live-79 Supabase	2026-09-07T20:48:50.9747251Z v0.98.0: Pulling from supabase/postgres-meta
physical-device-ui-proof	Reconstruct disposable live-79 Supabase	2026-09-07T20:48:50.9788707Z v1.70.3: Pulling from supabase/storage-api
physical-device-ui-proof	Reconstruct disposable live-79 Supabase	2026-09-07T20:48:50.9812208Z v1.74.3: Pulling from supabase/edge-runtime
physical-device-ui-proof	Reconstruct disposable live-79 Supabase	2026-09-07T20:48:50.9852500Z 2.8.1: Pulling from supabase/kong
physical-device-ui-proof	Reconstruct disposable live-79 Supabase	2026-09-07T20:48:51.0855397Z e6f31ffc071e: Pulling fs layer
physical-device-ui-proof	Reconstruct disposable live-79 Supabase	2026-09-07T20:48:51.0862019Z 4816f2085dc3: Pulling fs layer
physical-device-ui-proof	Reconstruct disposable live-79 Supabase	2026-09-07T20:48:51.0863547Z 5dc68b1acf51: Pulling fs layer
physical-device-ui-proof	Reconstruct disposable live-79 Supabase	2026-09-07T20:48:51.0864171Z 622a75c3aad4: Pulling fs layer
physical-device-ui-proof	Reconstruct disposable live-79 Supabase	2026-09-07T20:48:51.0864722Z e733eb89dc5d: Pulling fs layer
physical-device-ui-proof	Reconstruct disposable live-79 Supabase	2026-09-07T20:48:51.0865343Z b5c055a53a29: Pulling fs layer
physical-device-ui-proof	Reconstruct disposable live-79 Supabase	2026-09-07T20:48:51.0865844Z de155361b339: Pulling fs layer
physical-device-ui-proof	Reconstruct disposable live-79 Supabase	2026-09-07T20:48:51.0866374Z ba6e4ed5f64f: Pulling fs layer
physical-device-ui-proof	Reconstruct disposable live-79 Supabase	2026-09-07T20:48:51.0866897Z 753ec53a43d5: Pulling fs layer
physical-device-ui-proof	Reconstruct disposable live-79 Supabase	2026-09-07T20:48:51.0867369Z 23f574a925bf: Pulling fs layer
physical-device-ui-proof	Reconstruct disposable live-79 Supabase	2026-09-07T20:48:51.0867888Z 782b84fd67df: Pulling fs layer
physical-device-ui-proof	Reconstruct disposable live-79 Supabase	2026-09-07T20:48:51.0868425Z d59fb9edf862: Pulling fs layer
physical-device-ui-proof	Reconstruct disposable live-79 Supabase	2026-09-07T20:48:51.0868986Z 6aa1b655ba9f: Pulling fs layer
physical-device-ui-proof	Reconstruct disposable live-79 Supabase	2026-09-07T20:48:51.0869531Z a20c7d9fd396: Pulling fs layer
physical-device-ui-proof	Reconstruct disposable live-79 Supabase	2026-09-07T20:48:51.0870084Z 5b1cd4d117f8: Pulling fs layer
physical-device-ui-proof	Reconstruct disposable live-79 Supabase	2026-09-07T20:48:51.0870666Z 33a6ab621c21: Pulling fs layer
physical-device-ui-proof	Reconstruct disposable live-79 Supabase	2026-09-07T20:48:51.0873913Z cb9ce6281bc1: Pulling fs layer
physical-device-ui-proof	Reconstruct disposable live-79 Supabase	2026-09-07T20:48:51.0874844Z d055522c5978: Pulling fs layer
physical-device-ui-proof	Reconstruct disposable live-79 Supabase	2026-09-07T20:48:51.0875418Z ba6e4ed5f64f: Waiting
physical-device-ui-proof	Reconstruct disposable live-79 Supabase	2026-09-07T20:48:51.0879492Z c6616e1dace0: Pulling fs layer
physical-device-ui-proof	Reconstruct disposable live-79 Supabase	2026-09-07T20:48:51.0880101Z 753ec53a43d5: Waiting
physical-device-ui-proof	Reconstruct disposable live-79 Supabase	2026-09-07T20:48:51.0880581Z 2897e8a71341: Pulling fs layer
physical-device-ui-proof	Reconstruct disposable live-79 Supabase	2026-09-07T20:48:51.0881158Z 34eb06d3d2a8: Pulling fs layer
physical-device-ui-proof	Reconstruct disposable live-79 Supabase	2026-09-07T20:48:51.0881711Z 6a1e93e646cb: Pulling fs layer
physical-device-ui-proof	Reconstruct disposable live-79 Supabase	2026-09-07T20:48:51.0882451Z 23f574a925bf: Waiting
physical-device-ui-proof	Reconstruct disposable live-79 Supabase	2026-09-07T20:48:51.0882991Z 2257e3a0ac1d: Pulling fs layer
physical-device-ui-proof	Reconstruct disposable live-79 Supabase	2026-09-07T20:48:51.0883750Z 782b84fd67df: Waiting
physical-device-ui-proof	Reconstruct disposable live-79 Supabase	2026-09-07T20:48:51.0884434Z 8a1eeea57502: Pulling fs layer
physical-device-ui-proof	Reconstruct disposable live-79 Supabase	2026-09-07T20:48:51.0885294Z 942b358a87cc: Pulling fs layer
physical-device-ui-proof	Reconstruct disposable live-79 Supabase	2026-09-07T20:48:51.0885936Z bcf274f2d0ac: Pulling fs layer
physical-device-ui-proof	Reconstruct disposable live-79 Supabase	2026-09-07T20:48:51.0886616Z c441bf744145: Pulling fs layer
physical-device-ui-proof	Reconstruct disposable live-79 Supabase	2026-09-07T20:48:51.0887473Z cd4fb4ecd8d5: Pulling fs layer
physical-device-ui-proof	Reconstruct disposable live-79 Supabase	2026-09-07T20:48:51.0904367Z 358c1e4decda: Pulling fs layer
physical-device-ui-proof	Reconstruct disposable live-79 Supabase	2026-09-07T20:48:51.0905402Z a014880b262f: Pulling fs layer
physical-device-ui-proof	Reconstruct disposable live-79 Supabase	2026-09-07T20:48:51.0905861Z d59fb9edf862: Waiting
physical-device-ui-proof	Reconstruct disposable live-79 Supabase	2026-09-07T20:48:51.0906315Z 6aa1b655ba9f: Waiting
physical-device-ui-proof	Reconstruct disposable live-79 Supabase	2026-09-07T20:48:51.0906707Z a20c7d9fd396: Waiting
physical-device-ui-proof	Reconstruct disposable live-79 Supabase	2026-09-07T20:48:51.0906991Z 5b1cd4d117f8: Waiting
physical-device-ui-proof	Reconstruct disposable live-79 Supabase	2026-09-07T20:48:51.0907236Z 33a6ab621c21: Waiting
physical-device-ui-proof	Reconstruct disposable live-79 Supabase	2026-09-07T20:48:51.0907476Z cb9ce6281bc1: Waiting
physical-device-ui-proof	Reconstruct disposable live-79 Supabase	2026-09-07T20:48:51.0907704Z d055522c5978: Waiting
physical-device-ui-proof	Reconstruct disposable live-79 Supabase	2026-09-07T20:48:51.0908167Z c6616e1dace0: Waiting
physical-device-ui-proof	Reconstruct disposable live-79 Supabase	2026-09-07T20:48:51.0908399Z 2897e8a71341: Waiting
physical-device-ui-proof	Reconstruct disposable live-79 Supabase	2026-09-07T20:48:51.0908618Z 34eb06d3d2a8: Waiting
physical-device-ui-proof	Reconstruct disposable live-79 Supabase	2026-09-07T20:48:51.0908841Z 6a1e93e646cb: Waiting
physical-device-ui-proof	Reconstruct disposable live-79 Supabase	2026-09-07T20:48:51.0909072Z 2257e3a0ac1d: Waiting
physical-device-ui-proof	Reconstruct disposable live-79 Supabase	2026-09-07T20:48:51.0909297Z 8a1eeea57502: Waiting
physical-device-ui-proof	Reconstruct disposable live-79 Supabase	2026-09-07T20:48:51.0909556Z 942b358a87cc: Waiting
physical-device-ui-proof	Reconstruct disposable live-79 Supabase	2026-09-07T20:48:51.0909808Z c441bf744145: Waiting
physical-device-ui-proof	Reconstruct disposable live-79 Supabase	2026-09-07T20:48:51.0910052Z cd4fb4ecd8d5: Waiting
physical-device-ui-proof	Reconstruct disposable live-79 Supabase	2026-09-07T20:48:51.0910362Z 358c1e4decda: Waiting
physical-device-ui-proof	Reconstruct disposable live-79 Supabase	2026-09-07T20:48:51.0910801Z a014880b262f: Waiting
physical-device-ui-proof	Reconstruct disposable live-79 Supabase	2026-09-07T20:48:51.0911229Z 622a75c3aad4: Waiting
physical-device-ui-proof	Reconstruct disposable live-79 Supabase	2026-09-07T20:48:51.0911670Z b5c055a53a29: Waiting
physical-device-ui-proof	Reconstruct disposable live-79 Supabase	2026-09-07T20:48:51.0912340Z e733eb89dc5d: Waiting
physical-device-ui-proof	Reconstruct disposable live-79 Supabase	2026-09-07T20:48:51.0912692Z de155361b339: Waiting
physical-device-ui-proof	Reconstruct disposable live-79 Supabase	2026-09-07T20:48:51.0912998Z bcf274f2d0ac: Waiting
physical-device-ui-proof	Reconstruct disposable live-79 Supabase	2026-09-07T20:48:51.0913934Z 119d43eec815: Pulling fs layer
physical-device-ui-proof	Reconstruct disposable live-79 Supabase	2026-09-07T20:48:51.0914809Z 5cc11540fc65: Pulling fs layer
physical-device-ui-proof	Reconstruct disposable live-79 Supabase	2026-09-07T20:48:51.0915624Z 9ea61687a3a0: Pulling fs layer
physical-device-ui-proof	Reconstruct disposable live-79 Supabase	2026-09-07T20:48:51.0916612Z 7e63fbbc2e50: Pulling fs layer
physical-device-ui-proof	Reconstruct disposable live-79 Supabase	2026-09-07T20:48:51.0917840Z f2955455e628: Pulling fs layer
physical-device-ui-proof	Reconstruct disposable live-79 Supabase	2026-09-07T20:48:51.0919049Z a7b1a0a461fc: Pulling fs layer
physical-device-ui-proof	Reconstruct disposable live-79 Supabase	2026-09-07T20:48:51.0920027Z c895300000d9: Pulling fs layer
physical-device-ui-proof	Reconstruct disposable live-79 Supabase	2026-09-07T20:48:51.0920704Z cf5270183f88: Pulling fs layer
physical-device-ui-proof	Reconstruct disposable live-79 Supabase	2026-09-07T20:48:51.0921499Z 4f4fb700ef54: Pulling fs layer
physical-device-ui-proof	Reconstruct disposable live-79 Supabase	2026-09-07T20:48:51.0922538Z f623498ee610: Pulling fs layer
physical-device-ui-proof	Reconstruct disposable live-79 Supabase	2026-09-07T20:48:51.0923230Z 119d43eec815: Waiting
physical-device-ui-proof	Reconstruct disposable live-79 Supabase	2026-09-07T20:48:51.0923858Z 5cc11540fc65: Waiting
physical-device-ui-proof	Reconstruct disposable live-79 Supabase	2026-09-07T20:48:51.0924487Z 9ea61687a3a0: Waiting
physical-device-ui-proof	Reconstruct disposable live-79 Supabase	2026-09-07T20:48:51.0925127Z 7e63fbbc2e50: Waiting
physical-device-ui-proof	Reconstruct disposable live-79 Supabase	2026-09-07T20:48:51.0925781Z f2955455e628: Waiting
physical-device-ui-proof	Reconstruct disposable live-79 Supabase	2026-09-07T20:48:51.0926468Z a7b1a0a461fc: Waiting
physical-device-ui-proof	Reconstruct disposable live-79 Supabase	2026-09-07T20:48:51.0927089Z c895300000d9: Waiting
physical-device-ui-proof	Reconstruct disposable live-79 Supabase	2026-09-07T20:48:51.0927725Z cf5270183f88: Waiting
physical-device-ui-proof	Reconstruct disposable live-79 Supabase	2026-09-07T20:48:51.0928379Z 4f4fb700ef54: Waiting
physical-device-ui-proof	Reconstruct disposable live-79 Supabase	2026-09-07T20:48:51.0928990Z f623498ee610: Waiting
physical-device-ui-proof	Reconstruct disposable live-79 Supabase	2026-09-07T20:48:51.0929710Z 55afa1ecc21d: Already exists
physical-device-ui-proof	Reconstruct disposable live-79 Supabase	2026-09-07T20:48:51.0933449Z 55afa1ecc21d: Already exists
physical-device-ui-proof	Reconstruct disposable live-79 Supabase	2026-09-07T20:48:51.0969066Z 039e6f9f9752: Pulling fs layer
physical-device-ui-proof	Reconstruct disposable live-79 Supabase	2026-09-07T20:48:51.0975025Z 5404bc2cc13c: Pulling fs layer
physical-device-ui-proof	Reconstruct disposable live-79 Supabase	2026-09-07T20:48:51.0975772Z 555d35074583: Pulling fs layer
physical-device-ui-proof	Reconstruct disposable live-79 Supabase	2026-09-07T20:48:51.0976556Z 8f99eb9866f3: Pulling fs layer
physical-device-ui-proof	Reconstruct disposable live-79 Supabase	2026-09-07T20:48:51.0977279Z c0ed9f2d0e0e: Pulling fs layer
physical-device-ui-proof	Reconstruct disposable live-79 Supabase	2026-09-07T20:48:51.0980719Z b7d0efd3fc9c: Pulling fs layer
physical-device-ui-proof	Reconstruct disposable live-79 Supabase	2026-09-07T20:48:51.0983123Z c0c4dc518956: Pulling fs layer
physical-device-ui-proof	Reconstruct disposable live-79 Supabase	2026-09-07T20:48:51.0983532Z 512fd86e6200: Pulling fs layer
physical-device-ui-proof	Reconstruct disposable live-79 Supabase	2026-09-07T20:48:51.0983859Z 264588d8dd60: Pulling fs layer
physical-device-ui-proof	Reconstruct disposable live-79 Supabase	2026-09-07T20:48:51.0984123Z 039e6f9f9752: Waiting
physical-device-ui-proof	Reconstruct disposable live-79 Supabase	2026-09-07T20:48:51.0984375Z 5404bc2cc13c: Waiting
physical-device-ui-proof	Reconstruct disposable live-79 Supabase	2026-09-07T20:48:51.0984614Z 555d35074583: Waiting
physical-device-ui-proof	Reconstruct disposable live-79 Supabase	2026-09-07T20:48:51.0984836Z 8f99eb9866f3: Waiting
physical-device-ui-proof	Reconstruct disposable live-79 Supabase	2026-09-07T20:48:51.0985244Z c0ed9f2d0e0e: Waiting
physical-device-ui-proof	Reconstruct disposable live-79 Supabase	2026-09-07T20:48:51.0985477Z 264588d8dd60: Waiting
physical-device-ui-proof	Reconstruct disposable live-79 Supabase	2026-09-07T20:48:51.0985710Z b7d0efd3fc9c: Waiting
physical-device-ui-proof	Reconstruct disposable live-79 Supabase	2026-09-07T20:48:51.0985936Z c0c4dc518956: Waiting
physical-device-ui-proof	Reconstruct disposable live-79 Supabase	2026-09-07T20:48:51.0986282Z 512fd86e6200: Waiting
physical-device-ui-proof	Reconstruct disposable live-79 Supabase	2026-09-07T20:48:51.0986748Z 95403727e7d4: Pulling fs layer
physical-device-ui-proof	Reconstruct disposable live-79 Supabase	2026-09-07T20:48:51.0987263Z e326d083c2c9: Pulling fs layer
physical-device-ui-proof	Reconstruct disposable live-79 Supabase	2026-09-07T20:48:51.0987592Z 95403727e7d4: Waiting
physical-device-ui-proof	Reconstruct disposable live-79 Supabase	2026-09-07T20:48:51.0987821Z e326d083c2c9: Waiting
physical-device-ui-proof	Reconstruct disposable live-79 Supabase	2026-09-07T20:48:51.0988091Z 565df2d910df: Pulling fs layer
physical-device-ui-proof	Reconstruct disposable live-79 Supabase	2026-09-07T20:48:51.0988373Z dc286a8aa197: Pulling fs layer
physical-device-ui-proof	Reconstruct disposable live-79 Supabase	2026-09-07T20:48:51.0988674Z 518a41cba818: Pulling fs layer
physical-device-ui-proof	Reconstruct disposable live-79 Supabase	2026-09-07T20:48:51.0988956Z 1278e66a267c: Pulling fs layer
physical-device-ui-proof	Reconstruct disposable live-79 Supabase	2026-09-07T20:48:51.0989286Z 44c4479b4ddc: Pulling fs layer
physical-device-ui-proof	Reconstruct disposable live-79 Supabase	2026-09-07T20:48:51.0989716Z 565df2d910df: Waiting
physical-device-ui-proof	Reconstruct disposable live-79 Supabase	2026-09-07T20:48:51.0990129Z 1278e66a267c: Waiting
physical-device-ui-proof	Reconstruct disposable live-79 Supabase	2026-09-07T20:48:51.0990815Z dc286a8aa197: Waiting
physical-device-ui-proof	Reconstruct disposable live-79 Supabase	2026-09-07T20:48:51.0991182Z 44c4479b4ddc: Waiting
physical-device-ui-proof	Reconstruct disposable live-79 Supabase	2026-09-07T20:48:51.0991549Z 518a41cba818: Waiting
physical-device-ui-proof	Reconstruct disposable live-79 Supabase	2026-09-07T20:48:51.0999814Z 1074353eec0d: Pulling fs layer
physical-device-ui-proof	Reconstruct disposable live-79 Supabase	2026-09-07T20:48:51.1000484Z cbf2f7f0a3ba: Pulling fs layer
physical-device-ui-proof	Reconstruct disposable live-79 Supabase	2026-09-07T20:48:51.1001081Z 7b95344fc011: Pulling fs layer
physical-device-ui-proof	Reconstruct disposable live-79 Supabase	2026-09-07T20:48:51.1001437Z 0179246107e3: Pulling fs layer
physical-device-ui-proof	Reconstruct disposable live-79 Supabase	2026-09-07T20:48:51.1001752Z c8a04bee2d5a: Pulling fs layer
physical-device-ui-proof	Reconstruct disposable live-79 Supabase	2026-09-07T20:48:51.1002650Z 4f4fb700ef54: Pulling fs layer
physical-device-ui-proof	Reconstruct disposable live-79 Supabase	2026-09-07T20:48:51.1002954Z 1074353eec0d: Waiting
physical-device-ui-proof	Reconstruct disposable live-79 Supabase	2026-09-07T20:48:51.1003227Z cbf2f7f0a3ba: Waiting
physical-device-ui-proof	Reconstruct disposable live-79 Supabase	2026-09-07T20:48:51.1003456Z 7b95344fc011: Waiting
physical-device-ui-proof	Reconstruct disposable live-79 Supabase	2026-09-07T20:48:51.1003675Z 0179246107e3: Waiting
physical-device-ui-proof	Reconstruct disposable live-79 Supabase	2026-09-07T20:48:51.1003889Z c8a04bee2d5a: Waiting
physical-device-ui-proof	Reconstruct disposable live-79 Supabase	2026-09-07T20:48:51.1004103Z 4f4fb700ef54: Waiting
physical-device-ui-proof	Reconstruct disposable live-79 Supabase	2026-09-07T20:48:51.1125447Z 039e6f9f9752: Pulling fs layer
physical-device-ui-proof	Reconstruct disposable live-79 Supabase	2026-09-07T20:48:51.1126450Z 5404bc2cc13c: Pulling fs layer
physical-device-ui-proof	Reconstruct disposable live-79 Supabase	2026-09-07T20:48:51.1126947Z 555d35074583: Pulling fs layer
physical-device-ui-proof	Reconstruct disposable live-79 Supabase	2026-09-07T20:48:51.1127429Z 8f99eb9866f3: Pulling fs layer
physical-device-ui-proof	Reconstruct disposable live-79 Supabase	2026-09-07T20:48:51.1127930Z c0ed9f2d0e0e: Pulling fs layer
physical-device-ui-proof	Reconstruct disposable live-79 Supabase	2026-09-07T20:48:51.1128420Z 5404bc2cc13c: Waiting
physical-device-ui-proof	Reconstruct disposable live-79 Supabase	2026-09-07T20:48:51.1128830Z 039e6f9f9752: Waiting
physical-device-ui-proof	Reconstruct disposable live-79 Supabase	2026-09-07T20:48:51.1129201Z 555d35074583: Waiting
physical-device-ui-proof	Reconstruct disposable live-79 Supabase	2026-09-07T20:48:51.1129644Z 4b118796ff6a: Pulling fs layer
physical-device-ui-proof	Reconstruct disposable live-79 Supabase	2026-09-07T20:48:51.1130149Z 23c96171f2fe: Pulling fs layer
physical-device-ui-proof	Reconstruct disposable live-79 Supabase	2026-09-07T20:48:51.1130639Z 753ab3b39a58: Pulling fs layer
physical-device-ui-proof	Reconstruct disposable live-79 Supabase	2026-09-07T20:48:51.1131170Z 5c18a8cdfd6b: Pulling fs layer
physical-device-ui-proof	Reconstruct disposable live-79 Supabase	2026-09-07T20:48:51.1131650Z 8f99eb9866f3: Waiting
physical-device-ui-proof	Reconstruct disposable live-79 Supabase	2026-09-07T20:48:51.1132252Z c0ed9f2d0e0e: Waiting
physical-device-ui-proof	Reconstruct disposable live-79 Supabase	2026-09-07T20:48:51.1132676Z 4b118796ff6a: Waiting
physical-device-ui-proof	Reconstruct disposable live-79 Supabase	2026-09-07T20:48:51.1151711Z 7505145a46ec: Pulling fs layer
physical-device-ui-proof	Reconstruct disposable live-79 Supabase	2026-09-07T20:48:51.1158910Z 23c96171f2fe: Waiting
physical-device-ui-proof	Reconstruct disposable live-79 Supabase	2026-09-07T20:48:51.1159637Z 753ab3b39a58: Waiting
physical-device-ui-proof	Reconstruct disposable live-79 Supabase	2026-09-07T20:48:51.1160269Z 5c18a8cdfd6b: Waiting
physical-device-ui-proof	Reconstruct disposable live-79 Supabase	2026-09-07T20:48:51.1160936Z 7505145a46ec: Waiting
physical-device-ui-proof	Reconstruct disposable live-79 Supabase	2026-09-07T20:48:51.1161685Z e6f31ffc071e: Pulling fs layer
physical-device-ui-proof	Reconstruct disposable live-79 Supabase	2026-09-07T20:48:51.1162775Z 5f05fbb94ac9: Pulling fs layer
physical-device-ui-proof	Reconstruct disposable live-79 Supabase	2026-09-07T20:48:51.1165092Z dbd229483e61: Pulling fs layer
physical-device-ui-proof	Reconstruct disposable live-79 Supabase	2026-09-07T20:48:51.1165937Z f4e2bfbd8bcd: Pulling fs layer
physical-device-ui-proof	Reconstruct disposable live-79 Supabase	2026-09-07T20:48:51.1166610Z 521c5280947c: Pulling fs layer
physical-device-ui-proof	Reconstruct disposable live-79 Supabase	2026-09-07T20:48:51.1169825Z 3f609ae12598: Pulling fs layer
physical-device-ui-proof	Reconstruct disposable live-79 Supabase	2026-09-07T20:48:51.1171143Z c80645774acf: Pulling fs layer
physical-device-ui-proof	Reconstruct disposable live-79 Supabase	2026-09-07T20:48:51.1171912Z 5e731b050e43: Pulling fs layer
physical-device-ui-proof	Reconstruct disposable live-79 Supabase	2026-09-07T20:48:51.1172938Z 0f248d4fdffd: Pulling fs layer
physical-device-ui-proof	Reconstruct disposable live-79 Supabase	2026-09-07T20:48:51.1173682Z 6db964937c43: Pulling fs layer
physical-device-ui-proof	Reconstruct disposable live-79 Supabase	2026-09-07T20:48:51.1174338Z 78f6dd8aae59: Pulling fs layer
physical-device-ui-proof	Reconstruct disposable live-79 Supabase	2026-09-07T20:48:51.1175090Z cecc09177dca: Pulling fs layer
physical-device-ui-proof	Reconstruct disposable live-79 Supabase	2026-09-07T20:48:51.1175849Z 3adfb80f0287: Pulling fs layer
physical-device-ui-proof	Reconstruct disposable live-79 Supabase	2026-09-07T20:48:51.1176534Z 868d43efe767: Pulling fs layer
physical-device-ui-proof	Reconstruct disposable live-79 Supabase	2026-09-07T20:48:51.1177715Z 5f05fbb94ac9: Waiting
physical-device-ui-proof	Reconstruct disposable live-79 Supabase	2026-09-07T20:48:51.1178373Z dbd229483e61: Waiting
physical-device-ui-proof	Reconstruct disposable live-79 Supabase	2026-09-07T20:48:51.1178802Z f4e2bfbd8bcd: Waiting
physical-device-ui-proof	Reconstruct disposable live-79 Supabase	2026-09-07T20:48:51.1179197Z 521c5280947c: Waiting
physical-device-ui-proof	Reconstruct disposable live-79 Supabase	2026-09-07T20:48:51.1179615Z 3f609ae12598: Waiting
physical-device-ui-proof	Reconstruct disposable live-79 Supabase	2026-09-07T20:48:51.1180031Z c80645774acf: Waiting
physical-device-ui-proof	Reconstruct disposable live-79 Supabase	2026-09-07T20:48:51.1180461Z 5e731b050e43: Waiting
physical-device-ui-proof	Reconstruct disposable live-79 Supabase	2026-09-07T20:48:51.1180906Z 0f248d4fdffd: Waiting
physical-device-ui-proof	Reconstruct disposable live-79 Supabase	2026-09-07T20:48:51.1181295Z 6db964937c43: Waiting
physical-device-ui-proof	Reconstruct disposable live-79 Supabase	2026-09-07T20:48:51.1181684Z cecc09177dca: Waiting
physical-device-ui-proof	Reconstruct disposable live-79 Supabase	2026-09-07T20:48:51.1182382Z 78f6dd8aae59: Waiting
physical-device-ui-proof	Reconstruct disposable live-79 Supabase	2026-09-07T20:48:51.1182825Z 3adfb80f0287: Waiting
physical-device-ui-proof	Reconstruct disposable live-79 Supabase	2026-09-07T20:48:51.1183362Z 868d43efe767: Waiting
physical-device-ui-proof	Reconstruct disposable live-79 Supabase	2026-09-07T20:48:51.1206213Z 062e450697fa: Pulling fs layer
physical-device-ui-proof	Reconstruct disposable live-79 Supabase	2026-09-07T20:48:51.1207926Z aadc1df55248: Pulling fs layer
physical-device-ui-proof	Reconstruct disposable live-79 Supabase	2026-09-07T20:48:51.1209060Z 07f6c7f37eb7: Pulling fs layer
physical-device-ui-proof	Reconstruct disposable live-79 Supabase	2026-09-07T20:48:51.1209802Z 219bccc39f10: Pulling fs layer
physical-device-ui-proof	Reconstruct disposable live-79 Supabase	2026-09-07T20:48:51.1210646Z 9d445f162b30: Pulling fs layer
physical-device-ui-proof	Reconstruct disposable live-79 Supabase	2026-09-07T20:48:51.1216626Z f066bdfa8565: Pulling fs layer
physical-device-ui-proof	Reconstruct disposable live-79 Supabase	2026-09-07T20:48:51.1217371Z 0ced55f3e717: Pulling fs layer
physical-device-ui-proof	Reconstruct disposable live-79 Supabase	2026-09-07T20:48:51.1218074Z e39a20378c07: Pulling fs layer
physical-device-ui-proof	Reconstruct disposable live-79 Supabase	2026-09-07T20:48:51.1218786Z 4683247db99b: Pulling fs layer
physical-device-ui-proof	Reconstruct disposable live-79 Supabase	2026-09-07T20:48:51.1219272Z ac006f7e52ef: Pulling fs layer
physical-device-ui-proof	Reconstruct disposable live-79 Supabase	2026-09-07T20:48:51.1219726Z 62d958520b0b: Pulling fs layer
physical-device-ui-proof	Reconstruct disposable live-79 Supabase	2026-09-07T20:48:51.1220626Z 4f4fb700ef54: Pulling fs layer
physical-device-ui-proof	Reconstruct disposable live-79 Supabase	2026-09-07T20:48:51.1220974Z f066bdfa8565: Waiting
physical-device-ui-proof	Reconstruct disposable live-79 Supabase	2026-09-07T20:48:51.1221223Z 0ced55f3e717: Waiting
physical-device-ui-proof	Reconstruct disposable live-79 Supabase	2026-09-07T20:48:51.1221575Z e39a20378c07: Waiting
physical-device-ui-proof	Reconstruct disposable live-79 Supabase	2026-09-07T20:48:51.1221913Z 4683247db99b: Waiting
physical-device-ui-proof	Reconstruct disposable live-79 Supabase	2026-09-07T20:48:51.1222406Z ac006f7e52ef: Waiting
physical-device-ui-proof	Reconstruct disposable live-79 Supabase	2026-09-07T20:48:51.1222665Z 62d958520b0b: Waiting
physical-device-ui-proof	Reconstruct disposable live-79 Supabase	2026-09-07T20:48:51.1223075Z 219bccc39f10: Waiting
physical-device-ui-proof	Reconstruct disposable live-79 Supabase	2026-09-07T20:48:51.1223548Z 062e450697fa: Waiting
physical-device-ui-proof	Reconstruct disposable live-79 Supabase	2026-09-07T20:48:51.1223780Z aadc1df55248: Waiting
physical-device-ui-proof	Reconstruct disposable live-79 Supabase	2026-09-07T20:48:51.1224059Z 9d445f162b30: Waiting
physical-device-ui-proof	Reconstruct disposable live-79 Supabase	2026-09-07T20:48:51.1224433Z 07f6c7f37eb7: Waiting
physical-device-ui-proof	Reconstruct disposable live-79 Supabase	2026-09-07T20:48:51.1245319Z 597c6c618d36: Pulling fs layer
physical-device-ui-proof	Reconstruct disposable live-79 Supabase	2026-09-07T20:48:51.1245918Z c39190ba742d: Pulling fs layer
physical-device-ui-proof	Reconstruct disposable live-79 Supabase	2026-09-07T20:48:51.1246466Z 60414ed24b30: Pulling fs layer
physical-device-ui-proof	Reconstruct disposable live-79 Supabase	2026-09-07T20:48:51.1246989Z 0d29c829782d: Pulling fs layer
physical-device-ui-proof	Reconstruct disposable live-79 Supabase	2026-09-07T20:48:51.1247382Z 662b1f44f1ee: Pulling fs layer
physical-device-ui-proof	Reconstruct disposable live-79 Supabase	2026-09-07T20:48:51.1247782Z ba9e24d39072: Pulling fs layer
physical-device-ui-proof	Reconstruct disposable live-79 Supabase	2026-09-07T20:48:51.1248196Z 597c6c618d36: Waiting
physical-device-ui-proof	Reconstruct disposable live-79 Supabase	2026-09-07T20:48:51.1248528Z c39190ba742d: Waiting
physical-device-ui-proof	Reconstruct disposable live-79 Supabase	2026-09-07T20:48:51.1248757Z 60414ed24b30: Waiting
physical-device-ui-proof	Reconstruct disposable live-79 Supabase	2026-09-07T20:48:51.1249155Z 0d29c829782d: Waiting
physical-device-ui-proof	Reconstruct disposable live-79 Supabase	2026-09-07T20:48:51.1249459Z 662b1f44f1ee: Waiting
physical-device-ui-proof	Reconstruct disposable live-79 Supabase	2026-09-07T20:48:51.1249694Z ba9e24d39072: Waiting
physical-device-ui-proof	Reconstruct disposable live-79 Supabase	2026-09-07T20:48:51.1277423Z 213ec9aee27d: Pulling fs layer
physical-device-ui-proof	Reconstruct disposable live-79 Supabase	2026-09-07T20:48:51.1277807Z a70653f7a2d5: Pulling fs layer
physical-device-ui-proof	Reconstruct disposable live-79 Supabase	2026-09-07T20:48:51.1278367Z 531e3bd93090: Pulling fs layer
physical-device-ui-proof	Reconstruct disposable live-79 Supabase	2026-09-07T20:48:51.1284065Z 814dd06d26c7: Pulling fs layer
physical-device-ui-proof	Reconstruct disposable live-79 Supabase	2026-09-07T20:48:51.1284607Z 213ec9aee27d: Waiting
physical-device-ui-proof	Reconstruct disposable live-79 Supabase	2026-09-07T20:48:51.1285044Z 531e3bd93090: Waiting
physical-device-ui-proof	Reconstruct disposable live-79 Supabase	2026-09-07T20:48:51.1285444Z 814dd06d26c7: Waiting
physical-device-ui-proof	Reconstruct disposable live-79 Supabase	2026-09-07T20:48:51.1285823Z a70653f7a2d5: Waiting
physical-device-ui-proof	Reconstruct disposable live-79 Supabase	2026-09-07T20:48:51.2230071Z 5dc68b1acf51: Download complete
physical-device-ui-proof	Reconstruct disposable live-79 Supabase	2026-09-07T20:48:51.2414764Z 4816f2085dc3: Download complete
physical-device-ui-proof	Reconstruct disposable live-79 Supabase	2026-09-07T20:48:51.2420374Z e6f31ffc071e: Verifying Checksum
physical-device-ui-proof	Reconstruct disposable live-79 Supabase	2026-09-07T20:48:51.2421244Z e6f31ffc071e: Download complete
physical-device-ui-proof	Reconstruct disposable live-79 Supabase	2026-09-07T20:48:51.2421822Z e6f31ffc071e: Verifying Checksum
physical-device-ui-proof	Reconstruct disposable live-79 Supabase	2026-09-07T20:48:51.2423441Z e6f31ffc071e: Download complete
physical-device-ui-proof	Reconstruct disposable live-79 Supabase	2026-09-07T20:48:51.3552485Z e6f31ffc071e: Pull complete
physical-device-ui-proof	Reconstruct disposable live-79 Supabase	2026-09-07T20:48:51.3553171Z e6f31ffc071e: Pull complete
physical-device-ui-proof	Reconstruct disposable live-79 Supabase	2026-09-07T20:48:51.3799232Z e733eb89dc5d: Verifying Checksum
physical-device-ui-proof	Reconstruct disposable live-79 Supabase	2026-09-07T20:48:51.3800272Z e733eb89dc5d: Download complete
physical-device-ui-proof	Reconstruct disposable live-79 Supabase	2026-09-07T20:48:51.3861354Z b5c055a53a29: Verifying Checksum
physical-device-ui-proof	Reconstruct disposable live-79 Supabase	2026-09-07T20:48:51.3865307Z b5c055a53a29: Download complete
physical-device-ui-proof	Reconstruct disposable live-79 Supabase	2026-09-07T20:48:51.5146255Z de155361b339: Verifying Checksum
physical-device-ui-proof	Reconstruct disposable live-79 Supabase	2026-09-07T20:48:51.5150371Z de155361b339: Download complete
physical-device-ui-proof	Reconstruct disposable live-79 Supabase	2026-09-07T20:48:51.5222316Z ba6e4ed5f64f: Verifying Checksum
physical-device-ui-proof	Reconstruct disposable live-79 Supabase	2026-09-07T20:48:51.5224816Z ba6e4ed5f64f: Download complete
physical-device-ui-proof	Reconstruct disposable live-79 Supabase	2026-09-07T20:48:51.6486899Z 753ec53a43d5: Verifying Checksum
physical-device-ui-proof	Reconstruct disposable live-79 Supabase	2026-09-07T20:48:51.6488262Z 753ec53a43d5: Download complete
physical-device-ui-proof	Reconstruct disposable live-79 Supabase	2026-09-07T20:48:51.6580928Z 23f574a925bf: Download complete
physical-device-ui-proof	Reconstruct disposable live-79 Supabase	2026-09-07T20:48:51.7781316Z 782b84fd67df: Verifying Checksum
physical-device-ui-proof	Reconstruct disposable live-79 Supabase	2026-09-07T20:48:51.7782910Z 782b84fd67df: Download complete
physical-device-ui-proof	Reconstruct disposable live-79 Supabase	2026-09-07T20:48:51.7958186Z d59fb9edf862: Download complete
physical-device-ui-proof	Reconstruct disposable live-79 Supabase	2026-09-07T20:48:51.8502191Z 4816f2085dc3: Pull complete
physical-device-ui-proof	Reconstruct disposable live-79 Supabase	2026-09-07T20:48:51.9323837Z 6aa1b655ba9f: Verifying Checksum
physical-device-ui-proof	Reconstruct disposable live-79 Supabase	2026-09-07T20:48:51.9325064Z 6aa1b655ba9f: Download complete
physical-device-ui-proof	Reconstruct disposable live-79 Supabase	2026-09-07T20:48:51.9409653Z 5dc68b1acf51: Pull complete
physical-device-ui-proof	Reconstruct disposable live-79 Supabase	2026-09-07T20:48:51.9410903Z a20c7d9fd396: Download complete
physical-device-ui-proof	Reconstruct disposable live-79 Supabase	2026-09-07T20:48:52.0659588Z 5b1cd4d117f8: Verifying Checksum
physical-device-ui-proof	Reconstruct disposable live-79 Supabase	2026-09-07T20:48:52.0660522Z 5b1cd4d117f8: Download complete
physical-device-ui-proof	Reconstruct disposable live-79 Supabase	2026-09-07T20:48:52.0771231Z 33a6ab621c21: Verifying Checksum
physical-device-ui-proof	Reconstruct disposable live-79 Supabase	2026-09-07T20:48:52.0773391Z 33a6ab621c21: Download complete
physical-device-ui-proof	Reconstruct disposable live-79 Supabase	2026-09-07T20:48:52.2106780Z cb9ce6281bc1: Verifying Checksum
physical-device-ui-proof	Reconstruct disposable live-79 Supabase	2026-09-07T20:48:52.2107734Z cb9ce6281bc1: Download complete
physical-device-ui-proof	Reconstruct disposable live-79 Supabase	2026-09-07T20:48:52.2169962Z d055522c5978: Verifying Checksum
physical-device-ui-proof	Reconstruct disposable live-79 Supabase	2026-09-07T20:48:52.2170838Z d055522c5978: Download complete
physical-device-ui-proof	Reconstruct disposable live-79 Supabase	2026-09-07T20:48:52.3522843Z 2897e8a71341: Verifying Checksum
physical-device-ui-proof	Reconstruct disposable live-79 Supabase	2026-09-07T20:48:52.3523506Z 2897e8a71341: Download complete
physical-device-ui-proof	Reconstruct disposable live-79 Supabase	2026-09-07T20:48:52.3556000Z c6616e1dace0: Verifying Checksum
physical-device-ui-proof	Reconstruct disposable live-79 Supabase	2026-09-07T20:48:52.3562650Z c6616e1dace0: Download complete
physical-device-ui-proof	Reconstruct disposable live-79 Supabase	2026-09-07T20:48:52.4904828Z 34eb06d3d2a8: Verifying Checksum
physical-device-ui-proof	Reconstruct disposable live-79 Supabase	2026-09-07T20:48:52.4906208Z 34eb06d3d2a8: Download complete
physical-device-ui-proof	Reconstruct disposable live-79 Supabase	2026-09-07T20:48:52.4946603Z 6a1e93e646cb: Verifying Checksum
physical-device-ui-proof	Reconstruct disposable live-79 Supabase	2026-09-07T20:48:52.4947712Z 6a1e93e646cb: Download complete
physical-device-ui-proof	Reconstruct disposable live-79 Supabase	2026-09-07T20:48:52.5049761Z 622a75c3aad4: Download complete
physical-device-ui-proof	Reconstruct disposable live-79 Supabase	2026-09-07T20:48:52.6266465Z 2257e3a0ac1d: Verifying Checksum
physical-device-ui-proof	Reconstruct disposable live-79 Supabase	2026-09-07T20:48:52.6267159Z 2257e3a0ac1d: Download complete
physical-device-ui-proof	Reconstruct disposable live-79 Supabase	2026-09-07T20:48:52.6348143Z 8a1eeea57502: Download complete
physical-device-ui-proof	Reconstruct disposable live-79 Supabase	2026-09-07T20:48:52.6448980Z 942b358a87cc: Verifying Checksum
physical-device-ui-proof	Reconstruct disposable live-79 Supabase	2026-09-07T20:48:52.6452978Z 942b358a87cc: Download complete
physical-device-ui-proof	Reconstruct disposable live-79 Supabase	2026-09-07T20:48:52.7671002Z cd4fb4ecd8d5: Verifying Checksum
physical-device-ui-proof	Reconstruct disposable live-79 Supabase	2026-09-07T20:48:52.7671724Z cd4fb4ecd8d5: Download complete
physical-device-ui-proof	Reconstruct disposable live-79 Supabase	2026-09-07T20:48:52.7695619Z c441bf744145: Verifying Checksum
physical-device-ui-proof	Reconstruct disposable live-79 Supabase	2026-09-07T20:48:52.7696624Z c441bf744145: Download complete
physical-device-ui-proof	Reconstruct disposable live-79 Supabase	2026-09-07T20:48:52.7814672Z 358c1e4decda: Verifying Checksum
physical-device-ui-proof	Reconstruct disposable live-79 Supabase	2026-09-07T20:48:52.7815444Z 358c1e4decda: Download complete
physical-device-ui-proof	Reconstruct disposable live-79 Supabase	2026-09-07T20:48:52.9011268Z a014880b262f: Verifying Checksum
physical-device-ui-proof	Reconstruct disposable live-79 Supabase	2026-09-07T20:48:52.9012544Z a014880b262f: Download complete
physical-device-ui-proof	Reconstruct disposable live-79 Supabase	2026-09-07T20:48:52.9351211Z bcf274f2d0ac: Verifying Checksum
physical-device-ui-proof	Reconstruct disposable live-79 Supabase	2026-09-07T20:48:52.9372265Z bcf274f2d0ac: Download complete
physical-device-ui-proof	Reconstruct disposable live-79 Supabase	2026-09-07T20:48:53.0253630Z 119d43eec815: Verifying Checksum
physical-device-ui-proof	Reconstruct disposable live-79 Supabase	2026-09-07T20:48:53.0266554Z 119d43eec815: Download complete
physical-device-ui-proof	Reconstruct disposable live-79 Supabase	2026-09-07T20:48:53.0961007Z 9ea61687a3a0: Verifying Checksum
physical-device-ui-proof	Reconstruct disposable live-79 Supabase	2026-09-07T20:48:53.0965348Z 9ea61687a3a0: Download complete
physical-device-ui-proof	Reconstruct disposable live-79 Supabase	2026-09-07T20:48:53.1151095Z bcf274f2d0ac: Pull complete
physical-device-ui-proof	Reconstruct disposable live-79 Supabase	2026-09-07T20:48:53.1207747Z Digest: sha256:5922bde07147b82b1c9d8f749e48c1e5b99ebb233f3888bb7ab65f07cf4ac82d
physical-device-ui-proof	Reconstruct disposable live-79 Supabase	2026-09-07T20:48:53.1224002Z Status: Downloaded newer image for ghcr.io/supabase/postgrest:v16.1
physical-device-ui-proof	Reconstruct disposable live-79 Supabase	2026-09-07T20:48:53.1233742Z ghcr.io/supabase/postgrest:v16.1
physical-device-ui-proof	Reconstruct disposable live-79 Supabase	2026-09-07T20:48:53.1527405Z 5cc11540fc65: Verifying Checksum
physical-device-ui-proof	Reconstruct disposable live-79 Supabase	2026-09-07T20:48:53.1528705Z 5cc11540fc65: Download complete
physical-device-ui-proof	Reconstruct disposable live-79 Supabase	2026-09-07T20:48:53.2418843Z f2955455e628: Verifying Checksum
physical-device-ui-proof	Reconstruct disposable live-79 Supabase	2026-09-07T20:48:53.2421687Z f2955455e628: Download complete
physical-device-ui-proof	Reconstruct disposable live-79 Supabase	2026-09-07T20:48:53.4938239Z a7b1a0a461fc: Verifying Checksum
physical-device-ui-proof	Reconstruct disposable live-79 Supabase	2026-09-07T20:48:53.4939288Z a7b1a0a461fc: Download complete
physical-device-ui-proof	Reconstruct disposable live-79 Supabase	2026-09-07T20:48:53.5857605Z c895300000d9: Verifying Checksum
physical-device-ui-proof	Reconstruct disposable live-79 Supabase	2026-09-07T20:48:53.5858508Z c895300000d9: Download complete
physical-device-ui-proof	Reconstruct disposable live-79 Supabase	2026-09-07T20:48:53.6431379Z cf5270183f88: Verifying Checksum
physical-device-ui-proof	Reconstruct disposable live-79 Supabase	2026-09-07T20:48:53.6432499Z cf5270183f88: Download complete
physical-device-ui-proof	Reconstruct disposable live-79 Supabase	2026-09-07T20:48:53.6506273Z 7e63fbbc2e50: Verifying Checksum
physical-device-ui-proof	Reconstruct disposable live-79 Supabase	2026-09-07T20:48:53.6507137Z 7e63fbbc2e50: Download complete
physical-device-ui-proof	Reconstruct disposable live-79 Supabase	2026-09-07T20:48:53.7185699Z 4f4fb700ef54: Verifying Checksum
physical-device-ui-proof	Reconstruct disposable live-79 Supabase	2026-09-07T20:48:53.7186476Z 4f4fb700ef54: Download complete
physical-device-ui-proof	Reconstruct disposable live-79 Supabase	2026-09-07T20:48:53.7764343Z f623498ee610: Verifying Checksum
physical-device-ui-proof	Reconstruct disposable live-79 Supabase	2026-09-07T20:48:53.7765294Z f623498ee610: Download complete
physical-device-ui-proof	Reconstruct disposable live-79 Supabase	2026-09-07T20:48:53.8619139Z 5404bc2cc13c: Verifying Checksum
physical-device-ui-proof	Reconstruct disposable live-79 Supabase	2026-09-07T20:48:53.8620277Z 5404bc2cc13c: Download complete
physical-device-ui-proof	Reconstruct disposable live-79 Supabase	2026-09-07T20:48:53.8621310Z 5404bc2cc13c: Verifying Checksum
physical-device-ui-proof	Reconstruct disposable live-79 Supabase	2026-09-07T20:48:53.8622652Z 5404bc2cc13c: Download complete
physical-device-ui-proof	Reconstruct disposable live-79 Supabase	2026-09-07T20:48:53.8907838Z 039e6f9f9752: Download complete
physical-device-ui-proof	Reconstruct disposable live-79 Supabase	2026-09-07T20:48:53.8909172Z 039e6f9f9752: Download complete
physical-device-ui-proof	Reconstruct disposable live-79 Supabase	2026-09-07T20:48:54.0111132Z 8f99eb9866f3: Verifying Checksum
physical-device-ui-proof	Reconstruct disposable live-79 Supabase	2026-09-07T20:48:54.0113134Z 8f99eb9866f3: Download complete
physical-device-ui-proof	Reconstruct disposable live-79 Supabase	2026-09-07T20:48:54.0114149Z 8f99eb9866f3: Verifying Checksum
physical-device-ui-proof	Reconstruct disposable live-79 Supabase	2026-09-07T20:48:54.0114924Z 8f99eb9866f3: Download complete
physical-device-ui-proof	Reconstruct disposable live-79 Supabase	2026-09-07T20:48:54.0286978Z c0ed9f2d0e0e: Verifying Checksum
physical-device-ui-proof	Reconstruct disposable live-79 Supabase	2026-09-07T20:48:54.0289345Z c0ed9f2d0e0e: Download complete
physical-device-ui-proof	Reconstruct disposable live-79 Supabase	2026-09-07T20:48:54.0289980Z c0ed9f2d0e0e: Verifying Checksum
physical-device-ui-proof	Reconstruct disposable live-79 Supabase	2026-09-07T20:48:54.0291716Z c0ed9f2d0e0e: Download complete
physical-device-ui-proof	Reconstruct disposable live-79 Supabase	2026-09-07T20:48:54.2635456Z c0c4dc518956: Verifying Checksum
physical-device-ui-proof	Reconstruct disposable live-79 Supabase	2026-09-07T20:48:54.2653004Z c0c4dc518956: Download complete
physical-device-ui-proof	Reconstruct disposable live-79 Supabase	2026-09-07T20:48:54.4269953Z 555d35074583: Verifying Checksum
physical-device-ui-proof	Reconstruct disposable live-79 Supabase	2026-09-07T20:48:54.4273066Z 555d35074583: Download complete
physical-device-ui-proof	Reconstruct disposable live-79 Supabase	2026-09-07T20:48:54.4275001Z 555d35074583: Verifying Checksum
physical-device-ui-proof	Reconstruct disposable live-79 Supabase	2026-09-07T20:48:54.4276208Z 555d35074583: Download complete
physical-device-ui-proof	Reconstruct disposable live-79 Supabase	2026-09-07T20:48:54.4277308Z 512fd86e6200: Verifying Checksum
physical-device-ui-proof	Reconstruct disposable live-79 Supabase	2026-09-07T20:48:54.4278423Z 512fd86e6200: Download complete
physical-device-ui-proof	Reconstruct disposable live-79 Supabase	2026-09-07T20:48:54.6548870Z b7d0efd3fc9c: Verifying Checksum
physical-device-ui-proof	Reconstruct disposable live-79 Supabase	2026-09-07T20:48:54.6553388Z b7d0efd3fc9c: Download complete
physical-device-ui-proof	Reconstruct disposable live-79 Supabase	2026-09-07T20:48:54.6924345Z 95403727e7d4: Verifying Checksum
physical-device-ui-proof	Reconstruct disposable live-79 Supabase	2026-09-07T20:48:54.6925476Z 95403727e7d4: Download complete
physical-device-ui-proof	Reconstruct disposable live-79 Supabase	2026-09-07T20:48:54.8188406Z e326d083c2c9: Download complete
physical-device-ui-proof	Reconstruct disposable live-79 Supabase	2026-09-07T20:48:54.8528289Z 565df2d910df: Verifying Checksum
physical-device-ui-proof	Reconstruct disposable live-79 Supabase	2026-09-07T20:48:54.8529603Z 565df2d910df: Download complete
physical-device-ui-proof	Reconstruct disposable live-79 Supabase	2026-09-07T20:48:54.9354398Z 565df2d910df: Pull complete
physical-device-ui-proof	Reconstruct disposable live-79 Supabase	2026-09-07T20:48:54.9600333Z dc286a8aa197: Verifying Checksum
physical-device-ui-proof	Reconstruct disposable live-79 Supabase	2026-09-07T20:48:54.9601224Z dc286a8aa197: Download complete
physical-device-ui-proof	Reconstruct disposable live-79 Supabase	2026-09-07T20:48:55.0148963Z 264588d8dd60: Verifying Checksum
physical-device-ui-proof	Reconstruct disposable live-79 Supabase	2026-09-07T20:48:55.0149621Z 264588d8dd60: Download complete
physical-device-ui-proof	Reconstruct disposable live-79 Supabase	2026-09-07T20:48:55.0654017Z 518a41cba818: Verifying Checksum
physical-device-ui-proof	Reconstruct disposable live-79 Supabase	2026-09-07T20:48:55.0654549Z 518a41cba818: Download complete
physical-device-ui-proof	Reconstruct disposable live-79 Supabase	2026-09-07T20:48:55.1041802Z 1278e66a267c: Verifying Checksum
physical-device-ui-proof	Reconstruct disposable live-79 Supabase	2026-09-07T20:48:55.1043704Z 1278e66a267c: Download complete
physical-device-ui-proof	Reconstruct disposable live-79 Supabase	2026-09-07T20:48:55.2406646Z 44c4479b4ddc: Verifying Checksum
physical-device-ui-proof	Reconstruct disposable live-79 Supabase	2026-09-07T20:48:55.2407113Z 44c4479b4ddc: Download complete
physical-device-ui-proof	Reconstruct disposable live-79 Supabase	2026-09-07T20:48:55.2638675Z cbf2f7f0a3ba: Verifying Checksum
physical-device-ui-proof	Reconstruct disposable live-79 Supabase	2026-09-07T20:48:55.2640517Z cbf2f7f0a3ba: Download complete
physical-device-ui-proof	Reconstruct disposable live-79 Supabase	2026-09-07T20:48:55.2645539Z 1074353eec0d: Verifying Checksum
physical-device-ui-proof	Reconstruct disposable live-79 Supabase	2026-09-07T20:48:55.2647032Z 1074353eec0d: Download complete
physical-device-ui-proof	Reconstruct disposable live-79 Supabase	2026-09-07T20:48:55.4221617Z 0179246107e3: Verifying Checksum
physical-device-ui-proof	Reconstruct disposable live-79 Supabase	2026-09-07T20:48:55.4222630Z 0179246107e3: Download complete
physical-device-ui-proof	Reconstruct disposable live-79 Supabase	2026-09-07T20:48:55.4264391Z c8a04bee2d5a: Verifying Checksum
physical-device-ui-proof	Reconstruct disposable live-79 Supabase	2026-09-07T20:48:55.4265359Z c8a04bee2d5a: Download complete
physical-device-ui-proof	Reconstruct disposable live-79 Supabase	2026-09-07T20:48:55.5888176Z 4f4fb700ef54: Verifying Checksum
physical-device-ui-proof	Reconstruct disposable live-79 Supabase	2026-09-07T20:48:55.5888963Z 4f4fb700ef54: Download complete
physical-device-ui-proof	Reconstruct disposable live-79 Supabase	2026-09-07T20:48:55.6016569Z 7b95344fc011: Verifying Checksum
physical-device-ui-proof	Reconstruct disposable live-79 Supabase	2026-09-07T20:48:55.6017941Z 7b95344fc011: Download complete
physical-device-ui-proof	Reconstruct disposable live-79 Supabase	2026-09-07T20:48:55.6174627Z 4b118796ff6a: Verifying Checksum
physical-device-ui-proof	Reconstruct disposable live-79 Supabase	2026-09-07T20:48:55.6175544Z 4b118796ff6a: Download complete
physical-device-ui-proof	Reconstruct disposable live-79 Supabase	2026-09-07T20:48:55.7284111Z 23c96171f2fe: Verifying Checksum
physical-device-ui-proof	Reconstruct disposable live-79 Supabase	2026-09-07T20:48:55.7285196Z 23c96171f2fe: Download complete
physical-device-ui-proof	Reconstruct disposable live-79 Supabase	2026-09-07T20:48:55.7855769Z 5c18a8cdfd6b: Verifying Checksum
physical-device-ui-proof	Reconstruct disposable live-79 Supabase	2026-09-07T20:48:55.7856329Z 5c18a8cdfd6b: Download complete
physical-device-ui-proof	Reconstruct disposable live-79 Supabase	2026-09-07T20:48:55.9012830Z 7505145a46ec: Verifying Checksum
physical-device-ui-proof	Reconstruct disposable live-79 Supabase	2026-09-07T20:48:55.9013581Z 7505145a46ec: Download complete
physical-device-ui-proof	Reconstruct disposable live-79 Supabase	2026-09-07T20:48:55.9530325Z 753ab3b39a58: Verifying Checksum
physical-device-ui-proof	Reconstruct disposable live-79 Supabase	2026-09-07T20:48:55.9531555Z 753ab3b39a58: Download complete
physical-device-ui-proof	Reconstruct disposable live-79 Supabase	2026-09-07T20:48:56.0586829Z dbd229483e61: Verifying Checksum
physical-device-ui-proof	Reconstruct disposable live-79 Supabase	2026-09-07T20:48:56.0587333Z dbd229483e61: Download complete
physical-device-ui-proof	Reconstruct disposable live-79 Supabase	2026-09-07T20:48:56.0877098Z f4e2bfbd8bcd: Verifying Checksum
physical-device-ui-proof	Reconstruct disposable live-79 Supabase	2026-09-07T20:48:56.0878149Z f4e2bfbd8bcd: Download complete
physical-device-ui-proof	Reconstruct disposable live-79 Supabase	2026-09-07T20:48:56.2210141Z 5f05fbb94ac9: Verifying Checksum
physical-device-ui-proof	Reconstruct disposable live-79 Supabase	2026-09-07T20:48:56.2210836Z 5f05fbb94ac9: Download complete
physical-device-ui-proof	Reconstruct disposable live-79 Supabase	2026-09-07T20:48:56.4852923Z 3f609ae12598: Verifying Checksum
physical-device-ui-proof	Reconstruct disposable live-79 Supabase	2026-09-07T20:48:56.4853640Z 3f609ae12598: Download complete
physical-device-ui-proof	Reconstruct disposable live-79 Supabase	2026-09-07T20:48:56.4869345Z 119d43eec815: Pull complete
physical-device-ui-proof	Reconstruct disposable live-79 Supabase	2026-09-07T20:48:56.5027608Z c80645774acf: Verifying Checksum
physical-device-ui-proof	Reconstruct disposable live-79 Supabase	2026-09-07T20:48:56.5028739Z c80645774acf: Download complete
physical-device-ui-proof	Reconstruct disposable live-79 Supabase	2026-09-07T20:48:56.5515091Z 1074353eec0d: Pull complete
physical-device-ui-proof	Reconstruct disposable live-79 Supabase	2026-09-07T20:48:56.6459713Z 5e731b050e43: Verifying Checksum
physical-device-ui-proof	Reconstruct disposable live-79 Supabase	2026-09-07T20:48:56.6460408Z 5e731b050e43: Download complete
physical-device-ui-proof	Reconstruct disposable live-79 Supabase	2026-09-07T20:48:56.7348039Z 0f248d4fdffd: Verifying Checksum
physical-device-ui-proof	Reconstruct disposable live-79 Supabase	2026-09-07T20:48:56.7349267Z 0f248d4fdffd: Download complete
physical-device-ui-proof	Reconstruct disposable live-79 Supabase	2026-09-07T20:48:56.7853106Z 6db964937c43: Verifying Checksum
physical-device-ui-proof	Reconstruct disposable live-79 Supabase	2026-09-07T20:48:56.7854260Z 6db964937c43: Download complete
physical-device-ui-proof	Reconstruct disposable live-79 Supabase	2026-09-07T20:48:56.9670046Z cecc09177dca: Verifying Checksum
physical-device-ui-proof	Reconstruct disposable live-79 Supabase	2026-09-07T20:48:56.9671881Z cecc09177dca: Download complete
physical-device-ui-proof	Reconstruct disposable live-79 Supabase	2026-09-07T20:48:57.1141933Z 3adfb80f0287: Verifying Checksum
physical-device-ui-proof	Reconstruct disposable live-79 Supabase	2026-09-07T20:48:57.1148272Z 3adfb80f0287: Download complete
physical-device-ui-proof	Reconstruct disposable live-79 Supabase	2026-09-07T20:48:57.1254154Z 78f6dd8aae59: Verifying Checksum
physical-device-ui-proof	Reconstruct disposable live-79 Supabase	2026-09-07T20:48:57.1254825Z 78f6dd8aae59: Download complete
physical-device-ui-proof	Reconstruct disposable live-79 Supabase	2026-09-07T20:48:57.2802513Z 868d43efe767: Verifying Checksum
physical-device-ui-proof	Reconstruct disposable live-79 Supabase	2026-09-07T20:48:57.2803398Z 868d43efe767: Download complete
physical-device-ui-proof	Reconstruct disposable live-79 Supabase	2026-09-07T20:48:57.3366401Z 521c5280947c: Verifying Checksum
physical-device-ui-proof	Reconstruct disposable live-79 Supabase	2026-09-07T20:48:57.3367108Z 521c5280947c: Download complete
physical-device-ui-proof	Reconstruct disposable live-79 Supabase	2026-09-07T20:48:57.4516222Z 062e450697fa: Verifying Checksum
physical-device-ui-proof	Reconstruct disposable live-79 Supabase	2026-09-07T20:48:57.4517626Z 062e450697fa: Download complete
physical-device-ui-proof	Reconstruct disposable live-79 Supabase	2026-09-07T20:48:57.5601366Z dc286a8aa197: Pull complete
physical-device-ui-proof	Reconstruct disposable live-79 Supabase	2026-09-07T20:48:57.6193487Z 219bccc39f10: Verifying Checksum
physical-device-ui-proof	Reconstruct disposable live-79 Supabase	2026-09-07T20:48:57.6194313Z 219bccc39f10: Download complete
physical-device-ui-proof	Reconstruct disposable live-79 Supabase	2026-09-07T20:48:57.7117898Z 07f6c7f37eb7: Download complete
physical-device-ui-proof	Reconstruct disposable live-79 Supabase	2026-09-07T20:48:57.9385841Z 9d445f162b30: Download complete
physical-device-ui-proof	Reconstruct disposable live-79 Supabase	2026-09-07T20:48:57.9455507Z f066bdfa8565: Verifying Checksum
physical-device-ui-proof	Reconstruct disposable live-79 Supabase	2026-09-07T20:48:57.9456455Z f066bdfa8565: Download complete
physical-device-ui-proof	Reconstruct disposable live-79 Supabase	2026-09-07T20:48:58.1040905Z e39a20378c07: Verifying Checksum
physical-device-ui-proof	Reconstruct disposable live-79 Supabase	2026-09-07T20:48:58.1041870Z e39a20378c07: Download complete
physical-device-ui-proof	Reconstruct disposable live-79 Supabase	2026-09-07T20:48:58.1361480Z 0ced55f3e717: Verifying Checksum
physical-device-ui-proof	Reconstruct disposable live-79 Supabase	2026-09-07T20:48:58.1362444Z 0ced55f3e717: Download complete
physical-device-ui-proof	Reconstruct disposable live-79 Supabase	2026-09-07T20:48:58.2688337Z 4683247db99b: Verifying Checksum
physical-device-ui-proof	Reconstruct disposable live-79 Supabase	2026-09-07T20:48:58.2688783Z 4683247db99b: Download complete
physical-device-ui-proof	Reconstruct disposable live-79 Supabase	2026-09-07T20:48:58.4963063Z 62d958520b0b: Verifying Checksum
physical-device-ui-proof	Reconstruct disposable live-79 Supabase	2026-09-07T20:48:58.4964592Z 62d958520b0b: Download complete
physical-device-ui-proof	Reconstruct disposable live-79 Supabase	2026-09-07T20:48:58.6136976Z ac006f7e52ef: Verifying Checksum
physical-device-ui-proof	Reconstruct disposable live-79 Supabase	2026-09-07T20:48:58.6138370Z ac006f7e52ef: Download complete
physical-device-ui-proof	Reconstruct disposable live-79 Supabase	2026-09-07T20:48:58.6492940Z 4f4fb700ef54: Verifying Checksum
physical-device-ui-proof	Reconstruct disposable live-79 Supabase	2026-09-07T20:48:58.6496050Z 4f4fb700ef54: Download complete
physical-device-ui-proof	Reconstruct disposable live-79 Supabase	2026-09-07T20:48:58.8037097Z aadc1df55248: Verifying Checksum
physical-device-ui-proof	Reconstruct disposable live-79 Supabase	2026-09-07T20:48:58.8039896Z aadc1df55248: Download complete
physical-device-ui-proof	Reconstruct disposable live-79 Supabase	2026-09-07T20:48:58.9913046Z 60414ed24b30: Verifying Checksum
physical-device-ui-proof	Reconstruct disposable live-79 Supabase	2026-09-07T20:48:58.9914108Z 60414ed24b30: Download complete
physical-device-ui-proof	Reconstruct disposable live-79 Supabase	2026-09-07T20:48:59.1582951Z 597c6c618d36: Verifying Checksum
physical-device-ui-proof	Reconstruct disposable live-79 Supabase	2026-09-07T20:48:59.1584032Z 597c6c618d36: Download complete
physical-device-ui-proof	Reconstruct disposable live-79 Supabase	2026-09-07T20:48:59.2272718Z c39190ba742d: Verifying Checksum
physical-device-ui-proof	Reconstruct disposable live-79 Supabase	2026-09-07T20:48:59.2275968Z c39190ba742d: Download complete
physical-device-ui-proof	Reconstruct disposable live-79 Supabase	2026-09-07T20:48:59.5245512Z 0d29c829782d: Verifying Checksum
physical-device-ui-proof	Reconstruct disposable live-79 Supabase	2026-09-07T20:48:59.5254634Z 0d29c829782d: Download complete
physical-device-ui-proof	Reconstruct disposable live-79 Supabase	2026-09-07T20:48:59.6537349Z 039e6f9f9752: 039e6f9f9752: Pull complete
physical-device-ui-proof	Reconstruct disposable live-79 Supabase	2026-09-07T20:48:59.6538674Z Pull complete
physical-device-ui-proof	Reconstruct disposable live-79 Supabase	2026-09-07T20:48:59.6705045Z ba9e24d39072: Verifying Checksum
physical-device-ui-proof	Reconstruct disposable live-79 Supabase	2026-09-07T20:48:59.6708756Z ba9e24d39072: Download complete
physical-device-ui-proof	Reconstruct disposable live-79 Supabase	2026-09-07T20:48:59.7384360Z 213ec9aee27d: Verifying Checksum
physical-device-ui-proof	Reconstruct disposable live-79 Supabase	2026-09-07T20:48:59.7385401Z 213ec9aee27d: Download complete
physical-device-ui-proof	Reconstruct disposable live-79 Supabase	2026-09-07T20:48:59.8362731Z a70653f7a2d5: Verifying Checksum
physical-device-ui-proof	Reconstruct disposable live-79 Supabase	2026-09-07T20:48:59.8363687Z a70653f7a2d5: Download complete
physical-device-ui-proof	Reconstruct disposable live-79 Supabase	2026-09-07T20:48:59.9813545Z 814dd06d26c7: Verifying Checksum
physical-device-ui-proof	Reconstruct disposable live-79 Supabase	2026-09-07T20:48:59.9813975Z 814dd06d26c7: Download complete
physical-device-ui-proof	Reconstruct disposable live-79 Supabase	2026-09-07T20:49:00.3493363Z 95403727e7d4: Pull complete
physical-device-ui-proof	Reconstruct disposable live-79 Supabase	2026-09-07T20:49:00.3504989Z 518a41cba818: Pull complete
physical-device-ui-proof	Reconstruct disposable live-79 Supabase	2026-09-07T20:49:00.3523860Z cbf2f7f0a3ba: Pull complete
physical-device-ui-proof	Reconstruct disposable live-79 Supabase	2026-09-07T20:49:00.3536714Z 5404bc2cc13c: Pull complete
physical-device-ui-proof	Reconstruct disposable live-79 Supabase	2026-09-07T20:49:00.3594500Z 5404bc2cc13c: Pull complete
physical-device-ui-proof	Reconstruct disposable live-79 Supabase	2026-09-07T20:49:00.5274462Z 1278e66a267c: Pull complete
physical-device-ui-proof	Reconstruct disposable live-79 Supabase	2026-09-07T20:49:00.5867981Z 213ec9aee27d: Pull complete
physical-device-ui-proof	Reconstruct disposable live-79 Supabase	2026-09-07T20:49:00.5920181Z 531e3bd93090: Verifying Checksum
physical-device-ui-proof	Reconstruct disposable live-79 Supabase	2026-09-07T20:49:00.5921368Z 531e3bd93090: Download complete
physical-device-ui-proof	Reconstruct disposable live-79 Supabase	2026-09-07T20:49:00.6442596Z a70653f7a2d5: Pull complete
physical-device-ui-proof	Reconstruct disposable live-79 Supabase	2026-09-07T20:49:00.6584496Z 44c4479b4ddc: Pull complete
physical-device-ui-proof	Reconstruct disposable live-79 Supabase	2026-09-07T20:49:00.6903157Z Digest: sha256:c0c25187a6b835e65a6f6e6c6b39d090e832d40e6de5186f2c038e0411944232
physical-device-ui-proof	Reconstruct disposable live-79 Supabase	2026-09-07T20:49:00.6931274Z Status: Downloaded newer image for ghcr.io/supabase/gotrue:v2.196.0
physical-device-ui-proof	Reconstruct disposable live-79 Supabase	2026-09-07T20:49:00.7008923Z ghcr.io/supabase/gotrue:v2.196.0
physical-device-ui-proof	Reconstruct disposable live-79 Supabase	2026-09-07T20:49:00.9906746Z e326d083c2c9: Pull complete
physical-device-ui-proof	Reconstruct disposable live-79 Supabase	2026-09-07T20:49:01.0104555Z Digest: sha256:37a38e48e9338cd7e89dfeb487f37b02ebfcd9cb23111bed2d345e79d37d6dd6
physical-device-ui-proof	Reconstruct disposable live-79 Supabase	2026-09-07T20:49:01.0173642Z Status: Downloaded newer image for ghcr.io/supabase/mailpit:v1.30.2
physical-device-ui-proof	Reconstruct disposable live-79 Supabase	2026-09-07T20:49:01.0353698Z ghcr.io/supabase/mailpit:v1.30.2
physical-device-ui-proof	Reconstruct disposable live-79 Supabase	2026-09-07T20:49:01.1840326Z 662b1f44f1ee: Verifying Checksum
physical-device-ui-proof	Reconstruct disposable live-79 Supabase	2026-09-07T20:49:01.1841522Z 662b1f44f1ee: Download complete
physical-device-ui-proof	Reconstruct disposable live-79 Supabase	2026-09-07T20:49:02.9056994Z 062e450697fa: Pull complete
physical-device-ui-proof	Reconstruct disposable live-79 Supabase	2026-09-07T20:49:03.2745855Z 5cc11540fc65: Pull complete
physical-device-ui-proof	Reconstruct disposable live-79 Supabase	2026-09-07T20:49:03.4499684Z 9ea61687a3a0: Pull complete
physical-device-ui-proof	Reconstruct disposable live-79 Supabase	2026-09-07T20:49:03.4744493Z 5f05fbb94ac9: Pull complete
physical-device-ui-proof	Reconstruct disposable live-79 Supabase	2026-09-07T20:49:03.7505355Z dbd229483e61: Pull complete
physical-device-ui-proof	Reconstruct disposable live-79 Supabase	2026-09-07T20:49:03.7741956Z f4e2bfbd8bcd: Pull complete
physical-device-ui-proof	Reconstruct disposable live-79 Supabase	2026-09-07T20:49:04.0710167Z 597c6c618d36: Pull complete
physical-device-ui-proof	Reconstruct disposable live-79 Supabase	2026-09-07T20:49:04.8995675Z 7b95344fc011: Pull complete
physical-device-ui-proof	Reconstruct disposable live-79 Supabase	2026-09-07T20:49:05.0063314Z 0179246107e3: Pull complete
physical-device-ui-proof	Reconstruct disposable live-79 Supabase	2026-09-07T20:49:05.0540898Z c8a04bee2d5a: Pull complete
physical-device-ui-proof	Reconstruct disposable live-79 Supabase	2026-09-07T20:49:05.0833561Z 4f4fb700ef54: Pull complete
physical-device-ui-proof	Reconstruct disposable live-79 Supabase	2026-09-07T20:49:05.1174957Z Digest: sha256:ca92d617e905953c3f852e7e88061f7039460e733522e3f0c21bc6ae946b2558
physical-device-ui-proof	Reconstruct disposable live-79 Supabase	2026-09-07T20:49:05.1177367Z Status: Downloaded newer image for ghcr.io/supabase/vector:0.53.0-alpine
physical-device-ui-proof	Reconstruct disposable live-79 Supabase	2026-09-07T20:49:05.1247105Z ghcr.io/supabase/vector:0.53.0-alpine
physical-device-ui-proof	Reconstruct disposable live-79 Supabase	2026-09-07T20:49:06.8563756Z 555d35074583: Pull complete
physical-device-ui-proof	Reconstruct disposable live-79 Supabase	2026-09-07T20:49:06.8574771Z 555d35074583: Pull complete
physical-device-ui-proof	Reconstruct disposable live-79 Supabase	2026-09-07T20:49:07.1920149Z 531e3bd93090: Pull complete
physical-device-ui-proof	Reconstruct disposable live-79 Supabase	2026-09-07T20:49:07.1970757Z 8f99eb9866f3: Pull complete
physical-device-ui-proof	Reconstruct disposable live-79 Supabase	2026-09-07T20:49:07.1974872Z 8f99eb9866f3: Pull complete
physical-device-ui-proof	Reconstruct disposable live-79 Supabase	2026-09-07T20:49:07.2370049Z 814dd06d26c7: c0ed9f2d0e0e: Pull complete
physical-device-ui-proof	Reconstruct disposable live-79 Supabase	2026-09-07T20:49:07.2371518Z c0ed9f2d0e0e: Pull complete
physical-device-ui-proof	Reconstruct disposable live-79 Supabase	2026-09-07T20:49:07.2372886Z Pull complete
physical-device-ui-proof	Reconstruct disposable live-79 Supabase	2026-09-07T20:49:07.2722484Z Digest: sha256:1b53405d8680a09d6f44494b7990bf7da2ea43f84a258c59717d4539abf09f6d
physical-device-ui-proof	Reconstruct disposable live-79 Supabase	2026-09-07T20:49:07.2793880Z Status: Downloaded newer image for ghcr.io/supabase/kong:2.8.1
physical-device-ui-proof	Reconstruct disposable live-79 Supabase	2026-09-07T20:49:07.2948173Z ghcr.io/supabase/kong:2.8.1
physical-device-ui-proof	Reconstruct disposable live-79 Supabase	2026-09-07T20:49:07.7963739Z 4b118796ff6a: Pull complete
physical-device-ui-proof	Reconstruct disposable live-79 Supabase	2026-09-07T20:49:07.8124850Z 23c96171f2fe: Pull complete
physical-device-ui-proof	Reconstruct disposable live-79 Supabase	2026-09-07T20:49:08.1420226Z c39190ba742d: Pull complete
physical-device-ui-proof	Reconstruct disposable live-79 Supabase	2026-09-07T20:49:08.1785561Z 60414ed24b30: Pull complete
physical-device-ui-proof	Reconstruct disposable live-79 Supabase	2026-09-07T20:49:15.2510437Z 0d29c829782d: Pull complete
physical-device-ui-proof	Reconstruct disposable live-79 Supabase	2026-09-07T20:49:15.2519413Z aadc1df55248: Pull complete
physical-device-ui-proof	Reconstruct disposable live-79 Supabase	2026-09-07T20:49:15.2553493Z 521c5280947c: Pull complete
physical-device-ui-proof	Reconstruct disposable live-79 Supabase	2026-09-07T20:49:15.2936127Z 3f609ae12598: Pull complete
physical-device-ui-proof	Reconstruct disposable live-79 Supabase	2026-09-07T20:49:15.3480153Z c80645774acf: Pull complete
physical-device-ui-proof	Reconstruct disposable live-79 Supabase	2026-09-07T20:49:15.3785108Z 5e731b050e43: Pull complete
physical-device-ui-proof	Reconstruct disposable live-79 Supabase	2026-09-07T20:49:15.6808027Z 753ab3b39a58: Pull complete
physical-device-ui-proof	Reconstruct disposable live-79 Supabase	2026-09-07T20:49:15.9341924Z 5c18a8cdfd6b: Pull complete
physical-device-ui-proof	Reconstruct disposable live-79 Supabase	2026-09-07T20:49:15.9376272Z 07f6c7f37eb7: Pull complete
physical-device-ui-proof	Reconstruct disposable live-79 Supabase	2026-09-07T20:49:15.9640296Z 219bccc39f10: Pull complete
physical-device-ui-proof	Reconstruct disposable live-79 Supabase	2026-09-07T20:49:15.9640999Z 7505145a46ec: Pull complete
physical-device-ui-proof	Reconstruct disposable live-79 Supabase	2026-09-07T20:49:15.9931223Z Digest: sha256:cef71ba901751dcc242cc685cf13786935ea8926820fb342f23bb0fbef77de5a
physical-device-ui-proof	Reconstruct disposable live-79 Supabase	2026-09-07T20:49:15.9982058Z Status: Downloaded newer image for ghcr.io/supabase/postgres-meta:v0.98.0
physical-device-ui-proof	Reconstruct disposable live-79 Supabase	2026-09-07T20:49:16.0015226Z ghcr.io/supabase/postgres-meta:v0.98.0
physical-device-ui-proof	Reconstruct disposable live-79 Supabase	2026-09-07T20:49:16.0047922Z 9d445f162b30: Pull complete
physical-device-ui-proof	Reconstruct disposable live-79 Supabase	2026-09-07T20:49:16.0610630Z f066bdfa8565: Pull complete
physical-device-ui-proof	Reconstruct disposable live-79 Supabase	2026-09-07T20:49:16.1476641Z 0ced55f3e717: Pull complete
physical-device-ui-proof	Reconstruct disposable live-79 Supabase	2026-09-07T20:49:16.1633167Z e39a20378c07: Pull complete
physical-device-ui-proof	Reconstruct disposable live-79 Supabase	2026-09-07T20:49:16.1831021Z 4683247db99b: Pull complete
physical-device-ui-proof	Reconstruct disposable live-79 Supabase	2026-09-07T20:49:17.8933029Z 0f248d4fdffd: Pull complete
physical-device-ui-proof	Reconstruct disposable live-79 Supabase	2026-09-07T20:49:18.0007914Z 6db964937c43: Pull complete
physical-device-ui-proof	Reconstruct disposable live-79 Supabase	2026-09-07T20:49:18.0024336Z 7e63fbbc2e50: Pull complete
physical-device-ui-proof	Reconstruct disposable live-79 Supabase	2026-09-07T20:49:18.0405547Z f2955455e628: Pull complete
physical-device-ui-proof	Reconstruct disposable live-79 Supabase	2026-09-07T20:49:18.5871652Z b7d0efd3fc9c: Pull complete
physical-device-ui-proof	Reconstruct disposable live-79 Supabase	2026-09-07T20:49:19.1608016Z ac006f7e52ef: Pull complete
physical-device-ui-proof	Reconstruct disposable live-79 Supabase	2026-09-07T20:49:19.1797152Z 62d958520b0b: Pull complete
physical-device-ui-proof	Reconstruct disposable live-79 Supabase	2026-09-07T20:49:19.2013350Z 4f4fb700ef54: Pull complete
physical-device-ui-proof	Reconstruct disposable live-79 Supabase	2026-09-07T20:49:19.2075458Z Digest: sha256:3211f8ebd59edcd0aa772186f1c8249c82c6b1ae5565f40dedb7aa93e951fe37
physical-device-ui-proof	Reconstruct disposable live-79 Supabase	2026-09-07T20:49:19.2077362Z Status: Downloaded newer image for ghcr.io/supabase/realtime:v2.129.3
physical-device-ui-proof	Reconstruct disposable live-79 Supabase	2026-09-07T20:49:19.2115092Z ghcr.io/supabase/realtime:v2.129.3
physical-device-ui-proof	Reconstruct disposable live-79 Supabase	2026-09-07T20:49:19.5526885Z a7b1a0a461fc: Pull complete
physical-device-ui-proof	Reconstruct disposable live-79 Supabase	2026-09-07T20:49:20.0420431Z c0c4dc518956: Pull complete
physical-device-ui-proof	Reconstruct disposable live-79 Supabase	2026-09-07T20:49:20.0588013Z 512fd86e6200: Pull complete
physical-device-ui-proof	Reconstruct disposable live-79 Supabase	2026-09-07T20:49:20.5821786Z c895300000d9: Pull complete
physical-device-ui-proof	Reconstruct disposable live-79 Supabase	2026-09-07T20:49:20.6306191Z cf5270183f88: Pull complete
physical-device-ui-proof	Reconstruct disposable live-79 Supabase	2026-09-07T20:49:20.6513116Z 4f4fb700ef54: Pull complete
physical-device-ui-proof	Reconstruct disposable live-79 Supabase	2026-09-07T20:49:20.6855424Z f623498ee610: Pull complete
physical-device-ui-proof	Reconstruct disposable live-79 Supabase	2026-09-07T20:49:20.6933373Z Digest: sha256:758946be2bb7622b2ab2ed8408f5024871a5463ceb03326ec56fb9d4a1651c02
physical-device-ui-proof	Reconstruct disposable live-79 Supabase	2026-09-07T20:49:20.6954006Z Status: Downloaded newer image for ghcr.io/supabase/logflare:1.50.4
physical-device-ui-proof	Reconstruct disposable live-79 Supabase	2026-09-07T20:49:20.6981130Z ghcr.io/supabase/logflare:1.50.4
physical-device-ui-proof	Reconstruct disposable live-79 Supabase	2026-09-07T20:49:21.0781281Z 662b1f44f1ee: Pull complete
physical-device-ui-proof	Reconstruct disposable live-79 Supabase	2026-09-07T20:49:21.5611485Z ba9e24d39072: Pull complete
physical-device-ui-proof	Reconstruct disposable live-79 Supabase	2026-09-07T20:49:21.5656616Z Digest: sha256:c52405002a890ca9fcf77978671c57f3a988e03174afb277f84ac65bc917013c
physical-device-ui-proof	Reconstruct disposable live-79 Supabase	2026-09-07T20:49:21.5658285Z Status: Downloaded newer image for ghcr.io/supabase/edge-runtime:v1.74.3
physical-device-ui-proof	Reconstruct disposable live-79 Supabase	2026-09-07T20:49:21.5665158Z ghcr.io/supabase/edge-runtime:v1.74.3
physical-device-ui-proof	Reconstruct disposable live-79 Supabase	2026-09-07T20:49:25.9426668Z 622a75c3aad4: Pull complete
physical-device-ui-proof	Reconstruct disposable live-79 Supabase	2026-09-07T20:49:27.9915854Z e733eb89dc5d: Pull complete
physical-device-ui-proof	Reconstruct disposable live-79 Supabase	2026-09-07T20:49:28.0221550Z b5c055a53a29: Pull complete
physical-device-ui-proof	Reconstruct disposable live-79 Supabase	2026-09-07T20:49:28.0415918Z de155361b339: Pull complete
physical-device-ui-proof	Reconstruct disposable live-79 Supabase	2026-09-07T20:49:28.0924372Z ba6e4ed5f64f: Pull complete
physical-device-ui-proof	Reconstruct disposable live-79 Supabase	2026-09-07T20:49:28.1188241Z 753ec53a43d5: Pull complete
physical-device-ui-proof	Reconstruct disposable live-79 Supabase	2026-09-07T20:49:28.1678393Z 23f574a925bf: Pull complete
physical-device-ui-proof	Reconstruct disposable live-79 Supabase	2026-09-07T20:49:28.1801518Z 782b84fd67df: Pull complete
physical-device-ui-proof	Reconstruct disposable live-79 Supabase	2026-09-07T20:49:28.1921526Z d59fb9edf862: Pull complete
physical-device-ui-proof	Reconstruct disposable live-79 Supabase	2026-09-07T20:49:28.2045535Z 6aa1b655ba9f: Pull complete
physical-device-ui-proof	Reconstruct disposable live-79 Supabase	2026-09-07T20:49:28.2186279Z a20c7d9fd396: Pull complete
physical-device-ui-proof	Reconstruct disposable live-79 Supabase	2026-09-07T20:49:28.2327224Z 5b1cd4d117f8: Pull complete
physical-device-ui-proof	Reconstruct disposable live-79 Supabase	2026-09-07T20:49:28.2476832Z 33a6ab621c21: Pull complete
physical-device-ui-proof	Reconstruct disposable live-79 Supabase	2026-09-07T20:49:28.2681362Z cb9ce6281bc1: Pull complete
physical-device-ui-proof	Reconstruct disposable live-79 Supabase	2026-09-07T20:49:28.2843876Z d055522c5978: Pull complete
physical-device-ui-proof	Reconstruct disposable live-79 Supabase	2026-09-07T20:49:28.2979782Z c6616e1dace0: Pull complete
physical-device-ui-proof	Reconstruct disposable live-79 Supabase	2026-09-07T20:49:28.3133576Z 2897e8a71341: Pull complete
physical-device-ui-proof	Reconstruct disposable live-79 Supabase	2026-09-07T20:49:28.3254741Z 34eb06d3d2a8: Pull complete
physical-device-ui-proof	Reconstruct disposable live-79 Supabase	2026-09-07T20:49:28.3378680Z 6a1e93e646cb: Pull complete
physical-device-ui-proof	Reconstruct disposable live-79 Supabase	2026-09-07T20:49:28.3522303Z 2257e3a0ac1d: Pull complete
physical-device-ui-proof	Reconstruct disposable live-79 Supabase	2026-09-07T20:49:28.3671835Z 8a1eeea57502: Pull complete
physical-device-ui-proof	Reconstruct disposable live-79 Supabase	2026-09-07T20:49:28.4016938Z 942b358a87cc: Pull complete
physical-device-ui-proof	Reconstruct disposable live-79 Supabase	2026-09-07T20:49:28.4141031Z c441bf744145: Pull complete
physical-device-ui-proof	Reconstruct disposable live-79 Supabase	2026-09-07T20:49:28.4269212Z cd4fb4ecd8d5: Pull complete
physical-device-ui-proof	Reconstruct disposable live-79 Supabase	2026-09-07T20:49:28.4425282Z 358c1e4decda: Pull complete
physical-device-ui-proof	Reconstruct disposable live-79 Supabase	2026-09-07T20:49:28.4582298Z a014880b262f: Pull complete
physical-device-ui-proof	Reconstruct disposable live-79 Supabase	2026-09-07T20:49:28.4627932Z Digest: sha256:28f0e16a019e648089fc1a6d333549a55548f6019c15ae4bd7cd58b989027518
physical-device-ui-proof	Reconstruct disposable live-79 Supabase	2026-09-07T20:49:28.4641686Z Status: Downloaded newer image for ghcr.io/supabase/postgres:17.6.1.165
physical-device-ui-proof	Reconstruct disposable live-79 Supabase	2026-09-07T20:49:28.4654053Z ghcr.io/supabase/postgres:17.6.1.165
physical-device-ui-proof	Reconstruct disposable live-79 Supabase	2026-09-07T20:49:30.3998402Z 264588d8dd60: Pull complete
physical-device-ui-proof	Reconstruct disposable live-79 Supabase	2026-09-07T20:49:30.4045528Z Digest: sha256:08dc77f12e08faacc55960fef1dce37fa73d16acb52abeb216aa23dc5e70824b
physical-device-ui-proof	Reconstruct disposable live-79 Supabase	2026-09-07T20:49:30.4058764Z Status: Downloaded newer image for ghcr.io/supabase/studio:2026.08.17-sha-0c1da8f
physical-device-ui-proof	Reconstruct disposable live-79 Supabase	2026-09-07T20:49:30.4069206Z ghcr.io/supabase/studio:2026.08.17-sha-0c1da8f
physical-device-ui-proof	Reconstruct disposable live-79 Supabase	2026-09-07T20:49:44.0886633Z 78f6dd8aae59: Pull complete
physical-device-ui-proof	Reconstruct disposable live-79 Supabase	2026-09-07T20:49:44.4148095Z cecc09177dca: Pull complete
physical-device-ui-proof	Reconstruct disposable live-79 Supabase	2026-09-07T20:49:44.4266747Z 3adfb80f0287: Pull complete
physical-device-ui-proof	Reconstruct disposable live-79 Supabase	2026-09-07T20:49:44.4367246Z 868d43efe767: Pull complete
physical-device-ui-proof	Reconstruct disposable live-79 Supabase	2026-09-07T20:49:44.4401329Z Digest: sha256:528ec49c3c32561908b07ee91bced7f8456f3b688164e341eaa422441767a0bd
physical-device-ui-proof	Reconstruct disposable live-79 Supabase	2026-09-07T20:49:44.4414669Z Status: Downloaded newer image for ghcr.io/supabase/storage-api:v1.70.3
physical-device-ui-proof	Reconstruct disposable live-79 Supabase	2026-09-07T20:49:44.4422486Z ghcr.io/supabase/storage-api:v1.70.3
physical-device-ui-proof	Reconstruct disposable live-79 Supabase	2026-09-07T20:49:44.4659777Z Starting database...
physical-device-ui-proof	Reconstruct disposable live-79 Supabase	2026-09-07T20:49:55.0478418Z Initialising schema...
physical-device-ui-proof	Reconstruct disposable live-79 Supabase	2026-09-07T20:50:00.3872713Z Seeding globals from roles.sql...
physical-device-ui-proof	Reconstruct disposable live-79 Supabase	2026-09-07T20:50:00.4007453Z Applying migration 20260825000000_ru5_device_live_bootstrap.sql...
physical-device-ui-proof	Reconstruct disposable live-79 Supabase	2026-09-07T20:50:00.4161369Z Applying migration 20260825115040_cloud_profile_foundation_1_3b.sql...
physical-device-ui-proof	Reconstruct disposable live-79 Supabase	2026-09-07T20:50:00.4914762Z Applying migration 20260825115602_lock_down_auth_trigger_functions_1_3b.sql...
physical-device-ui-proof	Reconstruct disposable live-79 Supabase	2026-09-07T20:50:00.5006081Z Applying migration 20260829183528_clean_security_hardening.sql...
physical-device-ui-proof	Reconstruct disposable live-79 Supabase	2026-09-07T20:50:00.5059688Z Applying migration 20260829183551_clean_need_foundation.sql...
physical-device-ui-proof	Reconstruct disposable live-79 Supabase	2026-09-07T20:50:00.5215432Z Applying migration 20260829183609_clean_response_foundation.sql...
physical-device-ui-proof	Reconstruct disposable live-79 Supabase	2026-09-07T20:50:00.5343434Z Applying migration 20260829183633_clean_agreement_foundation.sql...
physical-device-ui-proof	Reconstruct disposable live-79 Supabase	2026-09-07T20:50:00.5541302Z Applying migration 20260829183651_clean_directional_access_grants.sql...
physical-device-ui-proof	Reconstruct disposable live-79 Supabase	2026-09-07T20:50:00.5640106Z Applying migration 20260829183711_clean_ai_persistence.sql...
physical-device-ui-proof	Reconstruct disposable live-79 Supabase	2026-09-07T20:50:00.5796777Z Applying migration 20260829183740_clean_rls_policies.sql...
physical-device-ui-proof	Reconstruct disposable live-79 Supabase	2026-09-07T20:50:00.5961696Z Applying migration 20260829183816_clean_rpc_selection.sql...
physical-device-ui-proof	Reconstruct disposable live-79 Supabase	2026-09-07T20:50:00.6125236Z Applying migration 20260829183947_clean_rpc_agreement_lifecycle.sql...
physical-device-ui-proof	Reconstruct disposable live-79 Supabase	2026-09-07T20:50:00.6269879Z Applying migration 20260829184024_clean_rpc_ai_intake.sql...
physical-device-ui-proof	Reconstruct disposable live-79 Supabase	2026-09-07T20:50:00.6396713Z Applying migration 20260829184132_clean_revoke_public_execute.sql...
physical-device-ui-proof	Reconstruct disposable live-79 Supabase	2026-09-07T20:50:00.6450128Z Applying migration 20260829184203_clean_revoke_helper_execute_from_authenticated.sql...
physical-device-ui-proof	Reconstruct disposable live-79 Supabase	2026-09-07T20:50:00.6495480Z Applying migration 20260829185334_clean_updated_at_triggers.sql...
physical-device-ui-proof	Reconstruct disposable live-79 Supabase	2026-09-07T20:50:00.6571138Z Applying migration 20260829185354_clean_need_selection_completeness.sql...
physical-device-ui-proof	Reconstruct disposable live-79 Supabase	2026-09-07T20:50:00.6665362Z Applying migration 20260829185434_clean_selection_rpc_alignment.sql...
physical-device-ui-proof	Reconstruct disposable live-79 Supabase	2026-09-07T20:50:00.6866892Z Applying migration 20260829210453_clean_events_and_notifications.sql...
physical-device-ui-proof	Reconstruct disposable live-79 Supabase	2026-09-07T20:50:00.7114600Z Applying migration 20260829210536_clean_emit_event_engine.sql...
physical-device-ui-proof	Reconstruct disposable live-79 Supabase	2026-09-07T20:50:00.7243128Z Applying migration 20260829210602_clean_needs_schema_completion.sql...
physical-device-ui-proof	Reconstruct disposable live-79 Supabase	2026-09-07T20:50:00.7352372Z Applying migration 20260829210650_clean_geo_foundation.sql...
physical-device-ui-proof	Reconstruct disposable live-79 Supabase	2026-09-07T20:50:01.1546098Z Applying migration 20260829211203_clean_geo_foundation_repair.sql...
physical-device-ui-proof	Reconstruct disposable live-79 Supabase	2026-09-07T20:50:01.5695768Z Applying migration 20260829211420_clean_dispatch_foundation.sql...
physical-device-ui-proof	Reconstruct disposable live-79 Supabase	2026-09-07T20:50:01.5887757Z Applying migration 20260829211632_clean_dispatch_engine.sql...
physical-device-ui-proof	Reconstruct disposable live-79 Supabase	2026-09-07T20:50:01.6201307Z Applying migration 20260829211737_clean_dispatch_wave.sql...
physical-device-ui-proof	Reconstruct disposable live-79 Supabase	2026-09-07T20:50:01.6496854Z Applying migration 20260829211904_clean_urgency_projection.sql...
physical-device-ui-proof	Reconstruct disposable live-79 Supabase	2026-09-07T20:50:01.6634605Z Applying migration 20260829211956_clean_urgent_min_choice_floor.sql...
physical-device-ui-proof	Reconstruct disposable live-79 Supabase	2026-09-07T20:50:01.6811807Z Applying migration 20260829212146_clean_scheduled_lifecycle.sql...
physical-device-ui-proof	Reconstruct disposable live-79 Supabase	2026-09-07T20:50:01.6957318Z Applying migration 20260829212158_clean_cron_schedule.sql...
physical-device-ui-proof	Reconstruct disposable live-79 Supabase	2026-09-07T20:50:01.7210567Z Applying migration 20260829212807_clean_advisor_hardening.sql...
physical-device-ui-proof	Reconstruct disposable live-79 Supabase	2026-09-07T20:50:01.7273394Z Applying migration 20260830070448_clean_need_response_deadline_expiry.sql...
physical-device-ui-proof	Reconstruct disposable live-79 Supabase	2026-09-07T20:50:01.7340902Z Applying migration 20260830072818_clean_scoped_contact_reveal.sql...
physical-device-ui-proof	Reconstruct disposable live-79 Supabase	2026-09-07T20:50:01.7464079Z Applying migration 20260830072920_clean_grant_policy_inline.sql...
physical-device-ui-proof	Reconstruct disposable live-79 Supabase	2026-09-07T20:50:01.7519796Z Applying migration 20260830073615_clean_cancellation_privacy_and_wakeup.sql...
physical-device-ui-proof	Reconstruct disposable live-79 Supabase	2026-09-07T20:50:01.7612733Z Applying migration 20260830080947_clean_need_lifecycle_integrity.sql...
physical-device-ui-proof	Reconstruct disposable live-79 Supabase	2026-09-07T20:50:01.7724027Z Applying migration 20260830081035_clean_selection_eligibility_and_deadline.sql...
physical-device-ui-proof	Reconstruct disposable live-79 Supabase	2026-09-07T20:50:01.7831958Z Applying migration 20260830081300_clean_authoritative_response_submit.sql...
physical-device-ui-proof	Reconstruct disposable live-79 Supabase	2026-09-07T20:50:01.8082291Z Applying migration 20260830172000_clean_p1_cancel_withdraw_closure.sql...
physical-device-ui-proof	Reconstruct disposable live-79 Supabase	2026-09-07T20:50:01.8634237Z Applying migration 20260830173000_clean_authoritative_mutation_boundary.sql...
physical-device-ui-proof	Reconstruct disposable live-79 Supabase	2026-09-07T20:50:01.8785796Z Applying migration 20260830174000_clean_repair_authority_boundary.sql...
physical-device-ui-proof	Reconstruct disposable live-79 Supabase	2026-09-07T20:50:01.9046867Z Applying migration 20260830174500_clean_ai_insert_authority_closure.sql...
physical-device-ui-proof	Reconstruct disposable live-79 Supabase	2026-09-07T20:50:01.9099793Z Applying migration 20260830191500_clean_p0_authoritative_fixes.sql...
physical-device-ui-proof	Reconstruct disposable live-79 Supabase	2026-09-07T20:50:01.9246768Z Applying migration 20260830194000_clean_p2_read_layer_repair.sql...
physical-device-ui-proof	Reconstruct disposable live-79 Supabase	2026-09-07T20:50:01.9324204Z Applying migration 20260830202733_clean_pre_p4_provenance_reconciliation.sql...
physical-device-ui-proof	Reconstruct disposable live-79 Supabase	2026-09-07T20:50:01.9397714Z Applying migration 20260831110153_clean_pre_p4_participant_rls_repair.sql...
physical-device-ui-proof	Reconstruct disposable live-79 Supabase	2026-09-07T20:50:01.9467477Z Applying migration 20260831110701_clean_pre_p4_participant_rls_execution_contract.sql...
physical-device-ui-proof	Reconstruct disposable live-79 Supabase	2026-09-07T20:50:01.9539577Z Applying migration 20260831114338_clean_pre_p4_participant_rls_authenticated_proof.sql...
physical-device-ui-proof	Reconstruct disposable live-79 Supabase	2026-09-07T20:50:01.9665855Z Applying migration 20260831120157_clean_pre_p4_ai_confirmation_provenance.sql...
physical-device-ui-proof	Reconstruct disposable live-79 Supabase	2026-09-07T20:50:01.9764225Z Applying migration 20260901091438_client_command_authority_closure.sql...
physical-device-ui-proof	Reconstruct disposable live-79 Supabase	2026-09-07T20:50:01.9892050Z Applying migration 20260901101056_client_agreement_workspace_closure.sql...
physical-device-ui-proof	Reconstruct disposable live-79 Supabase	2026-09-07T20:50:02.0071036Z Applying migration 20260901104722_clean_parent_need_completion_closure.sql...
physical-device-ui-proof	Reconstruct disposable live-79 Supabase	2026-09-07T20:50:02.0231534Z Applying migration 20260901105209_clean_single_writer_authority_closure.sql...
physical-device-ui-proof	Reconstruct disposable live-79 Supabase	2026-09-07T20:50:02.0298229Z Applying migration 20260901105922_clean_completion_and_writer_authenticated_proof.sql...
physical-device-ui-proof	Reconstruct disposable live-79 Supabase	2026-09-07T20:50:02.0349100Z Applying migration 20260901112607_clean_ai_interview_turn_persistence.sql...
physical-device-ui-proof	Reconstruct disposable live-79 Supabase	2026-09-07T20:50:02.0499540Z Applying migration 20260901113333_clean_ai_interview_turn_authenticated_proof.sql...
physical-device-ui-proof	Reconstruct disposable live-79 Supabase	2026-09-07T20:50:02.0543783Z Applying migration 20260901114029_clean_ai_fact_supersession_and_human_correction.sql...
physical-device-ui-proof	Reconstruct disposable live-79 Supabase	2026-09-07T20:50:02.0742645Z WARN: no files matched pattern: supabase/seed.sql
physical-device-ui-proof	Reconstruct disposable live-79 Supabase	2026-09-07T20:50:02.0770890Z Starting containers...
physical-device-ui-proof	Reconstruct disposable live-79 Supabase	2026-09-07T20:50:05.8714024Z Waiting for health checks...
physical-device-ui-proof	Reconstruct disposable live-79 Supabase	2026-09-07T20:50:23.2110148Z Started supabase local development setup.
physical-device-ui-proof	Reconstruct disposable live-79 Supabase	2026-09-07T20:50:23.2110628Z
physical-device-ui-proof	Reconstruct disposable live-79 Supabase	2026-09-07T20:50:23.2127363Z ╭──────────────────────────────────────╮
physical-device-ui-proof	Reconstruct disposable live-79 Supabase	2026-09-07T20:50:23.2128009Z │ 🔧 Development Tools                 │
physical-device-ui-proof	Reconstruct disposable live-79 Supabase	2026-09-07T20:50:23.2128727Z ├─────────┬────────────────────────────┤
physical-device-ui-proof	Reconstruct disposable live-79 Supabase	2026-09-07T20:50:23.2129491Z │ Studio  │ http://127.0.0.1:54323     │
physical-device-ui-proof	Reconstruct disposable live-79 Supabase	2026-09-07T20:50:23.2130195Z │ Mailpit │ http://127.0.0.1:54324     │
physical-device-ui-proof	Reconstruct disposable live-79 Supabase	2026-09-07T20:50:23.2130855Z │ MCP     │ http://127.0.0.1:54321/mcp │
physical-device-ui-proof	Reconstruct disposable live-79 Supabase	2026-09-07T20:50:23.2131520Z ╰─────────┴────────────────────────────╯
physical-device-ui-proof	Reconstruct disposable live-79 Supabase	2026-09-07T20:50:23.2131827Z
physical-device-ui-proof	Reconstruct disposable live-79 Supabase	2026-09-07T20:50:23.2132574Z ╭──────────────────────────────────────────────────────╮
physical-device-ui-proof	Reconstruct disposable live-79 Supabase	2026-09-07T20:50:23.2133476Z │ 🌐 APIs                                              │
physical-device-ui-proof	Reconstruct disposable live-79 Supabase	2026-09-07T20:50:23.2134079Z ├────────────────┬─────────────────────────────────────┤
physical-device-ui-proof	Reconstruct disposable live-79 Supabase	2026-09-07T20:50:23.2134588Z │ Project URL    │ http://127.0.0.1:54321              │
physical-device-ui-proof	Reconstruct disposable live-79 Supabase	2026-09-07T20:50:23.2135072Z │ REST           │ http://127.0.0.1:54321/rest/v1      │
physical-device-ui-proof	Reconstruct disposable live-79 Supabase	2026-09-07T20:50:23.2135846Z │ GraphQL        │ http://127.0.0.1:54321/graphql/v1   │
physical-device-ui-proof	Reconstruct disposable live-79 Supabase	2026-09-07T20:50:23.2136395Z │ Edge Functions │ http://127.0.0.1:54321/functions/v1 │
physical-device-ui-proof	Reconstruct disposable live-79 Supabase	2026-09-07T20:50:23.2136871Z ╰────────────────┴─────────────────────────────────────╯
physical-device-ui-proof	Reconstruct disposable live-79 Supabase	2026-09-07T20:50:23.2137334Z
physical-device-ui-proof	Reconstruct disposable live-79 Supabase	2026-09-07T20:50:23.2137840Z ╭───────────────────────────────────────────────────────────────╮
physical-device-ui-proof	Reconstruct disposable live-79 Supabase	2026-09-07T20:50:23.2138637Z │ ⛁ Database                                                    │
physical-device-ui-proof	Reconstruct disposable live-79 Supabase	2026-09-07T20:50:23.2139175Z ├─────┬─────────────────────────────────────────────────────────┤
physical-device-ui-proof	Reconstruct disposable live-79 Supabase	2026-09-07T20:50:23.2139818Z Local dev security notice
physical-device-ui-proof	Reconstruct disposable live-79 Supabase	2026-09-07T20:50:23.2140525Z All services bind to 0.0.0.0 (network-accessible, not just localhost)
physical-device-ui-proof	Reconstruct disposable live-79 Supabase	2026-09-07T20:50:23.2141096Z API keys and JWT secrets are shared defaults. Do not use in production
physical-device-ui-proof	Reconstruct disposable live-79 Supabase	2026-09-07T20:50:23.2141612Z Studio, pgMeta (/pg/*), and analytics have no authentication
physical-device-ui-proof	Reconstruct disposable live-79 Supabase	2026-09-07T20:50:23.2141897Z
physical-device-ui-proof	Reconstruct disposable live-79 Supabase	2026-09-07T20:50:23.2142863Z │ URL │ ***127.0.0.1:54322/postgres │
physical-device-ui-proof	Reconstruct disposable live-79 Supabase	2026-09-07T20:50:23.2143397Z ╰─────┴─────────────────────────────────────────────────────────╯
physical-device-ui-proof	Reconstruct disposable live-79 Supabase	2026-09-07T20:50:23.2143640Z
physical-device-ui-proof	Reconstruct disposable live-79 Supabase	2026-09-07T20:50:23.2143919Z ╭──────────────────────────────────────────────────────────────╮
physical-device-ui-proof	Reconstruct disposable live-79 Supabase	2026-09-07T20:50:23.2144413Z │ 🔑 Authentication Keys                                       │
physical-device-ui-proof	Reconstruct disposable live-79 Supabase	2026-09-07T20:50:23.2147306Z ├─────────────┬────────────────────────────────────────────────┤
physical-device-ui-proof	Reconstruct disposable live-79 Supabase	2026-09-07T20:50:23.2147903Z │ Publishable │ [REDACTED_SUPABASE_PUBLISHABLE_KEY] │
physical-device-ui-proof	Reconstruct disposable live-79 Supabase	2026-09-07T20:50:23.2148465Z │ Secret      │ [REDACTED_SUPABASE_SECRET_KEY]      │
physical-device-ui-proof	Reconstruct disposable live-79 Supabase	2026-09-07T20:50:23.2148993Z ╰─────────────┴────────────────────────────────────────────────╯
physical-device-ui-proof	Reconstruct disposable live-79 Supabase	2026-09-07T20:50:23.2149220Z
physical-device-ui-proof	Reconstruct disposable live-79 Supabase	2026-09-07T20:50:23.2149562Z ╭───────────────────────────────────────────────────────────────────────────────╮
physical-device-ui-proof	Reconstruct disposable live-79 Supabase	2026-09-07T20:50:23.2150117Z │ 📦 Storage (S3)                                                               │
physical-device-ui-proof	Reconstruct disposable live-79 Supabase	2026-09-07T20:50:23.2151336Z ├────────────┬──────────────────────────────────────────────────────────────────┤
physical-device-ui-proof	Reconstruct disposable live-79 Supabase	2026-09-07T20:50:23.2151973Z │ URL        │ http://127.0.0.1:54321/storage/v1/s3                             │
physical-device-ui-proof	Reconstruct disposable live-79 Supabase	2026-09-07T20:50:23.2153035Z │ Access Key │ 625729a08b95bf1b7ff351a663f3a23c                                 │
physical-device-ui-proof	Reconstruct disposable live-79 Supabase	2026-09-07T20:50:23.2154300Z │ Secret Key │ 850181e4652dd023b7a98c58ae0d2d34bd487ee0cc3254aed6eda37307425907 │
physical-device-ui-proof	Reconstruct disposable live-79 Supabase	2026-09-07T20:50:23.2155429Z │ Region     │ local                                                            │
physical-device-ui-proof	Reconstruct disposable live-79 Supabase	2026-09-07T20:50:23.2156564Z ╰────────────┴──────────────────────────────────────────────────────────────────╯
physical-device-ui-proof	Reconstruct disposable live-79 Supabase	2026-09-07T20:50:23.2205418Z A new version of Supabase CLI is available: v2.117.0 (currently installed v2.116.0)
physical-device-ui-proof	Reconstruct disposable live-79 Supabase	2026-09-07T20:50:23.2213196Z We recommend updating regularly for new features and bug fixes: https://supabase.com/docs/guides/cli/getting-started#updating-the-supabase-cli
physical-device-ui-proof	Reconstruct disposable live-79 Supabase	2026-09-07T20:50:23.7664317Z Resetting local database...
physical-device-ui-proof	Reconstruct disposable live-79 Supabase	2026-09-07T20:50:24.0863094Z Recreating database...
physical-device-ui-proof	Reconstruct disposable live-79 Supabase	2026-09-07T20:50:34.6155842Z Initialising schema...
physical-device-ui-proof	Reconstruct disposable live-79 Supabase	2026-09-07T20:50:41.3158577Z Seeding globals from roles.sql...
physical-device-ui-proof	Reconstruct disposable live-79 Supabase	2026-09-07T20:50:41.3296839Z Applying migration 20260825000000_ru5_device_live_bootstrap.sql...
physical-device-ui-proof	Reconstruct disposable live-79 Supabase	2026-09-07T20:50:41.3504153Z Applying migration 20260825115040_cloud_profile_foundation_1_3b.sql...
physical-device-ui-proof	Reconstruct disposable live-79 Supabase	2026-09-07T20:50:41.4909828Z Applying migration 20260825115602_lock_down_auth_trigger_functions_1_3b.sql...
physical-device-ui-proof	Reconstruct disposable live-79 Supabase	2026-09-07T20:50:41.5106625Z Applying migration 20260829183528_clean_security_hardening.sql...
physical-device-ui-proof	Reconstruct disposable live-79 Supabase	2026-09-07T20:50:41.5175164Z Applying migration 20260829183551_clean_need_foundation.sql...
physical-device-ui-proof	Reconstruct disposable live-79 Supabase	2026-09-07T20:50:41.5377107Z Applying migration 20260829183609_clean_response_foundation.sql...
physical-device-ui-proof	Reconstruct disposable live-79 Supabase	2026-09-07T20:50:41.5576466Z Applying migration 20260829183633_clean_agreement_foundation.sql...
physical-device-ui-proof	Reconstruct disposable live-79 Supabase	2026-09-07T20:50:41.5901803Z Applying migration 20260829183651_clean_directional_access_grants.sql...
physical-device-ui-proof	Reconstruct disposable live-79 Supabase	2026-09-07T20:50:41.6134613Z Applying migration 20260829183711_clean_ai_persistence.sql...
physical-device-ui-proof	Reconstruct disposable live-79 Supabase	2026-09-07T20:50:41.6496491Z Applying migration 20260829183740_clean_rls_policies.sql...
physical-device-ui-proof	Reconstruct disposable live-79 Supabase	2026-09-07T20:50:41.6779824Z Applying migration 20260829183816_clean_rpc_selection.sql...
physical-device-ui-proof	Reconstruct disposable live-79 Supabase	2026-09-07T20:50:41.7028670Z Applying migration 20260829183947_clean_rpc_agreement_lifecycle.sql...
physical-device-ui-proof	Reconstruct disposable live-79 Supabase	2026-09-07T20:50:41.7266992Z Applying migration 20260829184024_clean_rpc_ai_intake.sql...
physical-device-ui-proof	Reconstruct disposable live-79 Supabase	2026-09-07T20:50:41.7464070Z Applying migration 20260829184132_clean_revoke_public_execute.sql...
physical-device-ui-proof	Reconstruct disposable live-79 Supabase	2026-09-07T20:50:41.7536237Z Applying migration 20260829184203_clean_revoke_helper_execute_from_authenticated.sql...
physical-device-ui-proof	Reconstruct disposable live-79 Supabase	2026-09-07T20:50:41.7607443Z Applying migration 20260829185334_clean_updated_at_triggers.sql...
physical-device-ui-proof	Reconstruct disposable live-79 Supabase	2026-09-07T20:50:41.7735024Z Applying migration 20260829185354_clean_need_selection_completeness.sql...
physical-device-ui-proof	Reconstruct disposable live-79 Supabase	2026-09-07T20:50:41.7858188Z Applying migration 20260829185434_clean_selection_rpc_alignment.sql...
physical-device-ui-proof	Reconstruct disposable live-79 Supabase	2026-09-07T20:50:41.8151136Z Applying migration 20260829210453_clean_events_and_notifications.sql...
physical-device-ui-proof	Reconstruct disposable live-79 Supabase	2026-09-07T20:50:41.8459238Z Applying migration 20260829210536_clean_emit_event_engine.sql...
physical-device-ui-proof	Reconstruct disposable live-79 Supabase	2026-09-07T20:50:41.8607672Z Applying migration 20260829210602_clean_needs_schema_completion.sql...
physical-device-ui-proof	Reconstruct disposable live-79 Supabase	2026-09-07T20:50:41.8713334Z Applying migration 20260829210650_clean_geo_foundation.sql...
physical-device-ui-proof	Reconstruct disposable live-79 Supabase	2026-09-07T20:50:42.3366279Z Applying migration 20260829211203_clean_geo_foundation_repair.sql...
physical-device-ui-proof	Reconstruct disposable live-79 Supabase	2026-09-07T20:50:42.7697402Z Applying migration 20260829211420_clean_dispatch_foundation.sql...
physical-device-ui-proof	Reconstruct disposable live-79 Supabase	2026-09-07T20:50:42.7959412Z Applying migration 20260829211632_clean_dispatch_engine.sql...
physical-device-ui-proof	Reconstruct disposable live-79 Supabase	2026-09-07T20:50:42.8318631Z Applying migration 20260829211737_clean_dispatch_wave.sql...
physical-device-ui-proof	Reconstruct disposable live-79 Supabase	2026-09-07T20:50:42.8683819Z Applying migration 20260829211904_clean_urgency_projection.sql...
physical-device-ui-proof	Reconstruct disposable live-79 Supabase	2026-09-07T20:50:42.8874916Z Applying migration 20260829211956_clean_urgent_min_choice_floor.sql...
physical-device-ui-proof	Reconstruct disposable live-79 Supabase	2026-09-07T20:50:42.9045173Z Applying migration 20260829212146_clean_scheduled_lifecycle.sql...
physical-device-ui-proof	Reconstruct disposable live-79 Supabase	2026-09-07T20:50:42.9200647Z Applying migration 20260829212158_clean_cron_schedule.sql...
physical-device-ui-proof	Reconstruct disposable live-79 Supabase	2026-09-07T20:50:42.9492818Z Applying migration 20260829212807_clean_advisor_hardening.sql...
physical-device-ui-proof	Reconstruct disposable live-79 Supabase	2026-09-07T20:50:42.9569802Z Applying migration 20260830070448_clean_need_response_deadline_expiry.sql...
physical-device-ui-proof	Reconstruct disposable live-79 Supabase	2026-09-07T20:50:42.9671303Z Applying migration 20260830072818_clean_scoped_contact_reveal.sql...
physical-device-ui-proof	Reconstruct disposable live-79 Supabase	2026-09-07T20:50:42.9871478Z Applying migration 20260830072920_clean_grant_policy_inline.sql...
physical-device-ui-proof	Reconstruct disposable live-79 Supabase	2026-09-07T20:50:42.9963917Z Applying migration 20260830073615_clean_cancellation_privacy_and_wakeup.sql...
physical-device-ui-proof	Reconstruct disposable live-79 Supabase	2026-09-07T20:50:43.0098884Z Applying migration 20260830080947_clean_need_lifecycle_integrity.sql...
physical-device-ui-proof	Reconstruct disposable live-79 Supabase	2026-09-07T20:50:43.0296169Z Applying migration 20260830081035_clean_selection_eligibility_and_deadline.sql...
physical-device-ui-proof	Reconstruct disposable live-79 Supabase	2026-09-07T20:50:43.0456708Z Applying migration 20260830081300_clean_authoritative_response_submit.sql...
physical-device-ui-proof	Reconstruct disposable live-79 Supabase	2026-09-07T20:50:43.0905498Z Applying migration 20260830172000_clean_p1_cancel_withdraw_closure.sql...
physical-device-ui-proof	Reconstruct disposable live-79 Supabase	2026-09-07T20:50:43.1899787Z Applying migration 20260830173000_clean_authoritative_mutation_boundary.sql...
physical-device-ui-proof	Reconstruct disposable live-79 Supabase	2026-09-07T20:50:43.2156759Z Applying migration 20260830174000_clean_repair_authority_boundary.sql...
physical-device-ui-proof	Reconstruct disposable live-79 Supabase	2026-09-07T20:50:43.2692883Z Applying migration 20260830174500_clean_ai_insert_authority_closure.sql...
physical-device-ui-proof	Reconstruct disposable live-79 Supabase	2026-09-07T20:50:43.2799191Z Applying migration 20260830191500_clean_p0_authoritative_fixes.sql...
physical-device-ui-proof	Reconstruct disposable live-79 Supabase	2026-09-07T20:50:43.2970205Z Applying migration 20260830194000_clean_p2_read_layer_repair.sql...
physical-device-ui-proof	Reconstruct disposable live-79 Supabase	2026-09-07T20:50:43.3078055Z Applying migration 20260830202733_clean_pre_p4_provenance_reconciliation.sql...
physical-device-ui-proof	Reconstruct disposable live-79 Supabase	2026-09-07T20:50:43.3153647Z Applying migration 20260831110153_clean_pre_p4_participant_rls_repair.sql...
physical-device-ui-proof	Reconstruct disposable live-79 Supabase	2026-09-07T20:50:43.3229794Z Applying migration 20260831110701_clean_pre_p4_participant_rls_execution_contract.sql...
physical-device-ui-proof	Reconstruct disposable live-79 Supabase	2026-09-07T20:50:43.3317760Z Applying migration 20260831114338_clean_pre_p4_participant_rls_authenticated_proof.sql...
physical-device-ui-proof	Reconstruct disposable live-79 Supabase	2026-09-07T20:50:43.3465829Z Applying migration 20260831120157_clean_pre_p4_ai_confirmation_provenance.sql...
physical-device-ui-proof	Reconstruct disposable live-79 Supabase	2026-09-07T20:50:43.3605716Z Applying migration 20260901091438_client_command_authority_closure.sql...
physical-device-ui-proof	Reconstruct disposable live-79 Supabase	2026-09-07T20:50:43.3728301Z Applying migration 20260901101056_client_agreement_workspace_closure.sql...
physical-device-ui-proof	Reconstruct disposable live-79 Supabase	2026-09-07T20:50:43.4119235Z Applying migration 20260901104722_clean_parent_need_completion_closure.sql...
physical-device-ui-proof	Reconstruct disposable live-79 Supabase	2026-09-07T20:50:43.4326506Z Applying migration 20260901105209_clean_single_writer_authority_closure.sql...
physical-device-ui-proof	Reconstruct disposable live-79 Supabase	2026-09-07T20:50:43.4442569Z Applying migration 20260901105922_clean_completion_and_writer_authenticated_proof.sql...
physical-device-ui-proof	Reconstruct disposable live-79 Supabase	2026-09-07T20:50:43.4506198Z Applying migration 20260901112607_clean_ai_interview_turn_persistence.sql...
physical-device-ui-proof	Reconstruct disposable live-79 Supabase	2026-09-07T20:50:43.4653180Z Applying migration 20260901113333_clean_ai_interview_turn_authenticated_proof.sql...
physical-device-ui-proof	Reconstruct disposable live-79 Supabase	2026-09-07T20:50:43.4720151Z Applying migration 20260901114029_clean_ai_fact_supersession_and_human_correction.sql...
physical-device-ui-proof	Reconstruct disposable live-79 Supabase	2026-09-07T20:50:43.4874674Z WARN: no files matched pattern: supabase/seed.sql
physical-device-ui-proof	Reconstruct disposable live-79 Supabase	2026-09-07T20:50:43.4889472Z Restarting containers...
physical-device-ui-proof	Reconstruct disposable live-79 Supabase	2026-09-07T20:50:54.4820757Z Finished supabase db reset on branch main.
physical-device-ui-proof	Reconstruct disposable live-79 Supabase	2026-09-07T20:50:54.4916130Z A new version of Supabase CLI is available: v2.117.0 (currently installed v2.116.0)
physical-device-ui-proof	Reconstruct disposable live-79 Supabase	2026-09-07T20:50:54.4917542Z We recommend updating regularly for new features and bug fixes: https://supabase.com/docs/guides/cli/getting-started#updating-the-supabase-cli
physical-device-ui-proof	Reconstruct disposable live-79 Supabase	2026-09-07T20:50:54.6092776Z apply_source=20260903130355_clean_ru0_authority_closure.sql live_alias=20260903160812_clean_ru0_authority_closure
physical-device-ui-proof	Reconstruct disposable live-79 Supabase	2026-09-07T20:50:54.7497872Z apply_source=20260903165700_clean_ru1_worker_readiness.sql live_alias=20260903184545_clean_ru1_worker_readiness
physical-device-ui-proof	Reconstruct disposable live-79 Supabase	2026-09-07T20:50:54.8654383Z apply_source=20260903190000_clean_ru2_need_v2_draft.sql live_alias=20260903222139_clean_ru2_need_v2_draft
physical-device-ui-proof	Reconstruct disposable live-79 Supabase	2026-09-07T20:50:54.9460958Z psql:/home/runner/work/USKOCI-CLEAN/USKOCI-CLEAN/supabase/migrations/20260903190000_clean_ru2_need_v2_draft.sql:423: NOTICE:  trigger "guard_ai_fact_schema_trg" for relation "public.ai_structured_facts" does not exist, skipping
physical-device-ui-proof	Reconstruct disposable live-79 Supabase	2026-09-07T20:50:55.0200123Z apply_source=20260903190100_clean_ru2_ai_fact_transition_guard.sql live_alias=20260903222333_clean_ru2_ai_fact_transition_guard
physical-device-ui-proof	Reconstruct disposable live-79 Supabase	2026-09-07T20:50:55.1296893Z apply_source=20260904090000_clean_ru3_policy_bundle_foundation.sql live_alias=20260904090147_clean_ru3_policy_bundle_foundation
physical-device-ui-proof	Reconstruct disposable live-79 Supabase	2026-09-07T20:50:55.2377515Z apply_source=20260904103000_clean_ru3_need_publication_decision.sql live_alias=20260904102429_clean_ru3_need_publication_decision
physical-device-ui-proof	Reconstruct disposable live-79 Supabase	2026-09-07T20:50:55.3016011Z psql:/home/runner/work/USKOCI-CLEAN/USKOCI-CLEAN/supabase/migrations/20260904103000_clean_ru3_need_publication_decision.sql:97: NOTICE:  trigger "need_publication_decisions_immutable" for relation "private.need_publication_decisions" does not exist, skipping
physical-device-ui-proof	Reconstruct disposable live-79 Supabase	2026-09-07T20:50:55.3624363Z apply_source=20260904111500_clean_ru3_canonical_publish.sql live_alias=20260904182402_clean_ru3_canonical_publish
physical-device-ui-proof	Reconstruct disposable live-79 Supabase	2026-09-07T20:50:55.4694679Z apply_source=20260904214500_clean_ru4_owner_edit_lock.sql live_alias=20260905052130_clean_ru4_owner_edit_lock
physical-device-ui-proof	Reconstruct disposable live-79 Supabase	2026-09-07T20:50:55.6306263Z apply_source=20260904223000_clean_ru4_close_remaining_search.sql live_alias=20260905052224_clean_ru4_close_remaining_search
physical-device-ui-proof	Reconstruct disposable live-79 Supabase	2026-09-07T20:50:55.6758178Z psql:/home/runner/work/USKOCI-CLEAN/USKOCI-CLEAN/supabase/migrations/20260904223000_clean_ru4_close_remaining_search.sql:10: NOTICE:  constraint "needs_remaining_search_close_reason_length" of relation "needs" does not exist, skipping
physical-device-ui-proof	Reconstruct disposable live-79 Supabase	2026-09-07T20:50:55.6861408Z psql:/home/runner/work/USKOCI-CLEAN/USKOCI-CLEAN/supabase/migrations/20260904223000_clean_ru4_close_remaining_search.sql:53: NOTICE:  trigger "guard_remaining_search_close_fields_trg" for relation "public.needs" does not exist, skipping
physical-device-ui-proof	Reconstruct disposable live-79 Supabase	2026-09-07T20:50:55.6893326Z psql:/home/runner/work/USKOCI-CLEAN/USKOCI-CLEAN/supabase/migrations/20260904223000_clean_ru4_close_remaining_search.sql:91: NOTICE:  trigger "guard_closed_remaining_search_response_trg" for relation "public.marketplace_responses" does not exist, skipping
physical-device-ui-proof	Reconstruct disposable live-79 Supabase	2026-09-07T20:50:55.6925441Z psql:/home/runner/work/USKOCI-CLEAN/USKOCI-CLEAN/supabase/migrations/20260904223000_clean_ru4_close_remaining_search.sql:117: NOTICE:  trigger "guard_closed_remaining_search_delivery_trg" for relation "public.opportunity_deliveries" does not exist, skipping
physical-device-ui-proof	Reconstruct disposable live-79 Supabase	2026-09-07T20:50:55.7657129Z apply_source=20260904230000_clean_ru4_ai_edit_conversation.sql live_alias=20260905052336_clean_ru4_ai_edit_conversation
physical-device-ui-proof	Reconstruct disposable live-79 Supabase	2026-09-07T20:50:55.9069370Z apply_source=20260904230200_clean_ru4_ai_edit_conversation_live_transfer_reconcile.sql live_alias=20260905052651_clean_ru4_ai_edit_conversation_live_transfer_reconcile
physical-device-ui-proof	Reconstruct disposable live-79 Supabase	2026-09-07T20:50:55.9910093Z apply_source=20260904230500_clean_ru4_ai_edit_replay_boundary.sql live_alias=20260905052713_clean_ru4_ai_edit_replay_boundary
physical-device-ui-proof	Reconstruct disposable live-79 Supabase	2026-09-07T20:50:56.0873838Z apply_source=20260905060000_clean_ru4b_preselection_qa_foundation.sql live_alias=20260905070010_clean_ru4b_preselection_qa_foundation
physical-device-ui-proof	Reconstruct disposable live-79 Supabase	2026-09-07T20:50:56.2328299Z apply_source=20260905060100_clean_ru4b_service_boundary.sql live_alias=20260905070029_clean_ru4b_service_boundary
physical-device-ui-proof	Reconstruct disposable live-79 Supabase	2026-09-07T20:50:56.3424533Z apply_source=20260905060200_clean_ru4b_inbox_event_contract.sql live_alias=20260905070046_clean_ru4b_inbox_event_contract
physical-device-ui-proof	Reconstruct disposable live-79 Supabase	2026-09-07T20:50:56.4524854Z apply_source=20260905133000_clean_ru5_public_profile_projection.sql live_alias=20260905163927_clean_ru5_public_profile_projection
physical-device-ui-proof	Reconstruct disposable live-79 Supabase	2026-09-07T20:50:56.5454563Z apply_source=20260905190000_clean_ru5_atomic_application_submit.sql live_alias=20260905190040_clean_ru5_atomic_application_submit
physical-device-ui-proof	Reconstruct disposable live-79 Supabase	2026-09-07T20:50:56.6788022Z apply_source=20260905211500_clean_ru5_my_applications_projection.sql live_alias=20260905200133_clean_ru5_my_applications_projection
physical-device-ui-proof	Reconstruct disposable live-79 Supabase	2026-09-07T20:50:56.8033819Z apply_source=20260905223000_clean_ru5_candidate_projection.sql live_alias=20260905230326_clean_ru5_candidate_projection
physical-device-ui-proof	Reconstruct disposable live-79 Supabase	2026-09-07T20:50:56.9057653Z apply_source=20260906010000_clean_ru5_selection_eligibility_revalidation.sql live_alias=20260906065758_clean_ru5_selection_eligibility_revalidation
physical-device-ui-proof	Reconstruct disposable live-79 Supabase	2026-09-07T20:50:57.0057308Z apply_source=20260906080000_clean_p0d02_selection_semantic_idempotency.sql live_alias=20260906090451_clean_p0d02_selection_semantic_idempotency
physical-device-ui-proof	Reconstruct disposable live-79 Supabase	2026-09-07T20:50:57.1149935Z apply_source=20260906100000_clean_p0d03_requester_connection_activation_v1.sql live_alias=20260906102021_clean_p0d03_requester_connection_activation_v1
physical-device-ui-proof	Reconstruct disposable live-79 Supabase	2026-09-07T20:50:57.2291123Z apply_source=20260906130000_clean_ru5_fastest_autofill_retirement.sql live_alias=20260906141409_clean_ru5_fastest_autofill_retirement
physical-device-ui-proof	Reconstruct disposable live-79 Supabase	2026-09-07T20:50:57.3771306Z disposable_live_equivalent=79/20260906141409_clean_ru5_fastest_autofill_retirement
physical-device-ui-proof	Reconstruct disposable live-79 Supabase	2026-09-07T20:50:58.3333197Z Stopped services: [supabase_imgproxy_uskoci-ru5-device-ui supabase_pooler_uskoci-ru5-device-ui]
physical-device-ui-proof	Reconstruct disposable live-79 Supabase	2026-09-07T20:50:58.3430516Z A new version of Supabase CLI is available: v2.117.0 (currently installed v2.116.0)
physical-device-ui-proof	Reconstruct disposable live-79 Supabase	2026-09-07T20:50:58.3432509Z We recommend updating regularly for new features and bug fixes: https://supabase.com/docs/guides/cli/getting-started#updating-the-supabase-cli
physical-device-ui-proof	Reconstruct disposable live-79 Supabase	2026-09-07T20:50:58.3551436Z PASS RU5_DEVICE_LIVE79_ENV local_full_stack live79 gated_features_fail_closed
physical-device-ui-proof	Create two real Auth accounts and one disposable Need fixture	﻿2026-09-07T20:50:58.3594874Z ##[group]Run node supabase/proofs/ru5_device_ui_fixture.mjs
physical-device-ui-proof	Create two real Auth accounts and one disposable Need fixture	2026-09-07T20:50:58.3595373Z ^[[36;1mnode supabase/proofs/ru5_device_ui_fixture.mjs^[[0m
physical-device-ui-proof	Create two real Auth accounts and one disposable Need fixture	2026-09-07T20:50:58.3633562Z shell: /usr/bin/bash -e {0}
physical-device-ui-proof	Create two real Auth accounts and one disposable Need fixture	2026-09-07T20:50:58.3633827Z env:
physical-device-ui-proof	Create two real Auth accounts and one disposable Need fixture	2026-09-07T20:50:58.3634023Z   CI: 1
physical-device-ui-proof	Create two real Auth accounts and one disposable Need fixture	2026-09-07T20:50:58.3634226Z   SUPABASE_TELEMETRY_DISABLED: 1
physical-device-ui-proof	Create two real Auth accounts and one disposable Need fixture	2026-09-07T20:50:58.3634499Z   DO_NOT_TRACK: 1
physical-device-ui-proof	Create two real Auth accounts and one disposable Need fixture	2026-09-07T20:50:58.3634734Z   RU5_DEVICE_PACKAGE: rs.uskoci.n04proof
physical-device-ui-proof	Create two real Auth accounts and one disposable Need fixture	2026-09-07T20:50:58.3635095Z   RU5_DEVICE_ARTIFACT_DIR: artifacts/intent-shell-device
physical-device-ui-proof	Create two real Auth accounts and one disposable Need fixture	2026-09-07T20:50:58.3635414Z   RU5_ENTRY_PROOF: 1
physical-device-ui-proof	Create two real Auth accounts and one disposable Need fixture	2026-09-07T20:50:58.3635663Z   SUPABASE_INTERNAL_IMAGE_REGISTRY: ghcr.io
physical-device-ui-proof	Create two real Auth accounts and one disposable Need fixture	2026-09-07T20:50:58.3636078Z   JAVA_HOME: /opt/hostedtoolcache/Java_Temurin-Hotspot_jdk/17.0.20-1/x64
physical-device-ui-proof	Create two real Auth accounts and one disposable Need fixture	2026-09-07T20:50:58.3636577Z   JAVA_HOME_17_X64: /opt/hostedtoolcache/Java_Temurin-Hotspot_jdk/17.0.20-1/x64
physical-device-ui-proof	Create two real Auth accounts and one disposable Need fixture	2026-09-07T20:50:58.3636962Z   MAVEN_ARGS: -ntp
physical-device-ui-proof	Create two real Auth accounts and one disposable Need fixture	2026-09-07T20:50:58.3637213Z   RU5_DEVICE_PROOF_DIR: /tmp/uskoci-ru5-device-ui
physical-device-ui-proof	Create two real Auth accounts and one disposable Need fixture	2026-09-07T20:50:58.3637848Z   RU5_DEVICE_DB_URL: ***127.0.0.1:54322/postgres
physical-device-ui-proof	Create two real Auth accounts and one disposable Need fixture	2026-09-07T20:50:58.3638202Z   RU5_DEVICE_SUPABASE_URL: http://127.0.0.1:54321
physical-device-ui-proof	Create two real Auth accounts and one disposable Need fixture	2026-09-07T20:50:58.3639203Z   RU5_DEVICE_ANON_KEY: ***
physical-device-ui-proof	Create two real Auth accounts and one disposable Need fixture	2026-09-07T20:50:58.3640227Z   RU5_DEVICE_SERVICE_ROLE_KEY: ***
physical-device-ui-proof	Create two real Auth accounts and one disposable Need fixture	2026-09-07T20:50:58.3640481Z ##[endgroup]
physical-device-ui-proof	Create two real Auth accounts and one disposable Need fixture	2026-09-07T20:50:59.1006045Z PASS RU5_DEVICE_UI_FIXTURE two_real_auth_accounts worker_active need=4e441822-e254-47fb-b88c-02d51ad9e8b4 bounded_note_not_configured production_not_touched
physical-device-ui-proof	Apply N02 and N03 locally; real authenticated selection and Inbox fixture	﻿2026-09-07T20:50:59.1121073Z ##[group]Run node supabase/proofs/notifications/n04_inbox_device_fixture.mjs
physical-device-ui-proof	Apply N02 and N03 locally; real authenticated selection and Inbox fixture	2026-09-07T20:50:59.1121662Z ^[[36;1mnode supabase/proofs/notifications/n04_inbox_device_fixture.mjs^[[0m
physical-device-ui-proof	Apply N02 and N03 locally; real authenticated selection and Inbox fixture	2026-09-07T20:50:59.1160101Z shell: /usr/bin/bash -e {0}
physical-device-ui-proof	Apply N02 and N03 locally; real authenticated selection and Inbox fixture	2026-09-07T20:50:59.1160368Z env:
physical-device-ui-proof	Apply N02 and N03 locally; real authenticated selection and Inbox fixture	2026-09-07T20:50:59.1160558Z   CI: 1
physical-device-ui-proof	Apply N02 and N03 locally; real authenticated selection and Inbox fixture	2026-09-07T20:50:59.1160756Z   SUPABASE_TELEMETRY_DISABLED: 1
physical-device-ui-proof	Apply N02 and N03 locally; real authenticated selection and Inbox fixture	2026-09-07T20:50:59.1161014Z   DO_NOT_TRACK: 1
physical-device-ui-proof	Apply N02 and N03 locally; real authenticated selection and Inbox fixture	2026-09-07T20:50:59.1161248Z   RU5_DEVICE_PACKAGE: rs.uskoci.n04proof
physical-device-ui-proof	Apply N02 and N03 locally; real authenticated selection and Inbox fixture	2026-09-07T20:50:59.1161590Z   RU5_DEVICE_ARTIFACT_DIR: artifacts/intent-shell-device
physical-device-ui-proof	Apply N02 and N03 locally; real authenticated selection and Inbox fixture	2026-09-07T20:50:59.1161917Z   RU5_ENTRY_PROOF: 1
physical-device-ui-proof	Apply N02 and N03 locally; real authenticated selection and Inbox fixture	2026-09-07T20:50:59.1162378Z   SUPABASE_INTERNAL_IMAGE_REGISTRY: ghcr.io
physical-device-ui-proof	Apply N02 and N03 locally; real authenticated selection and Inbox fixture	2026-09-07T20:50:59.1162791Z   JAVA_HOME: /opt/hostedtoolcache/Java_Temurin-Hotspot_jdk/17.0.20-1/x64
physical-device-ui-proof	Apply N02 and N03 locally; real authenticated selection and Inbox fixture	2026-09-07T20:50:59.1163698Z   JAVA_HOME_17_X64: /opt/hostedtoolcache/Java_Temurin-Hotspot_jdk/17.0.20-1/x64
physical-device-ui-proof	Apply N02 and N03 locally; real authenticated selection and Inbox fixture	2026-09-07T20:50:59.1164106Z   MAVEN_ARGS: -ntp
physical-device-ui-proof	Apply N02 and N03 locally; real authenticated selection and Inbox fixture	2026-09-07T20:50:59.1164357Z   RU5_DEVICE_PROOF_DIR: /tmp/uskoci-ru5-device-ui
physical-device-ui-proof	Apply N02 and N03 locally; real authenticated selection and Inbox fixture	2026-09-07T20:50:59.1165004Z   RU5_DEVICE_DB_URL: ***127.0.0.1:54322/postgres
physical-device-ui-proof	Apply N02 and N03 locally; real authenticated selection and Inbox fixture	2026-09-07T20:50:59.1165346Z   RU5_DEVICE_SUPABASE_URL: http://127.0.0.1:54321
physical-device-ui-proof	Apply N02 and N03 locally; real authenticated selection and Inbox fixture	2026-09-07T20:50:59.1166346Z   RU5_DEVICE_ANON_KEY: ***
physical-device-ui-proof	Apply N02 and N03 locally; real authenticated selection and Inbox fixture	2026-09-07T20:50:59.1167361Z   RU5_DEVICE_SERVICE_ROLE_KEY: ***
physical-device-ui-proof	Apply N02 and N03 locally; real authenticated selection and Inbox fixture	2026-09-07T20:50:59.1167841Z   RU5_DEVICE_REQUESTER_EMAIL: ru5-device-requester-4c2d7cc3-9922-4387-ad98-c84ef207f8a5@proof.invalid
physical-device-ui-proof	Apply N02 and N03 locally; real authenticated selection and Inbox fixture	2026-09-07T20:50:59.1168516Z   RU5_DEVICE_WORKER_EMAIL: ru5-device-worker-4c2d7cc3-9922-4387-ad98-c84ef207f8a5@proof.invalid
physical-device-ui-proof	Apply N02 and N03 locally; real authenticated selection and Inbox fixture	2026-09-07T20:50:59.1169106Z   RU5_DEVICE_PASSWORD: ***
physical-device-ui-proof	Apply N02 and N03 locally; real authenticated selection and Inbox fixture	2026-09-07T20:50:59.1169384Z   RU5_DEVICE_NEED_ID: 4e441822-e254-47fb-b88c-02d51ad9e8b4
physical-device-ui-proof	Apply N02 and N03 locally; real authenticated selection and Inbox fixture	2026-09-07T20:50:59.1169737Z   RU5_DEVICE_NEED_TITLE: RU5 device journey 4c2d7cc3
physical-device-ui-proof	Apply N02 and N03 locally; real authenticated selection and Inbox fixture	2026-09-07T20:50:59.1170117Z   RU5_DEVICE_REQUESTER_USER_ID: edc61d5b-87c2-4aad-b467-bcb498dae343
physical-device-ui-proof	Apply N02 and N03 locally; real authenticated selection and Inbox fixture	2026-09-07T20:50:59.1170543Z   RU5_DEVICE_WORKER_USER_ID: 9a956706-89b2-4639-8bab-6965461480d0
physical-device-ui-proof	Apply N02 and N03 locally; real authenticated selection and Inbox fixture	2026-09-07T20:50:59.1170875Z ##[endgroup]
physical-device-ui-proof	Apply N02 and N03 locally; real authenticated selection and Inbox fixture	2026-09-07T20:51:01.3034772Z PASS N04_LOCAL_FIXTURE real_auth_application_selection 32_worker_events push_off
physical-device-ui-proof	Bind proof APK to disposable emulator-host Supabase	﻿2026-09-07T20:51:01.3163062Z ##[group]Run echo "EXPO_PUBLIC_SUPABASE_URL=http://10.0.2.2:54321" >> "$GITHUB_ENV"
physical-device-ui-proof	Bind proof APK to disposable emulator-host Supabase	2026-09-07T20:51:01.3163740Z ^[[36;1mecho "EXPO_PUBLIC_SUPABASE_URL=http://10.0.2.2:54321" >> "$GITHUB_ENV"^[[0m
physical-device-ui-proof	Bind proof APK to disposable emulator-host Supabase	2026-09-07T20:51:01.3164306Z ^[[36;1mecho "EXPO_PUBLIC_SUPABASE_ANON_KEY=$RU5_DEVICE_ANON_KEY" >> "$GITHUB_ENV"^[[0m
physical-device-ui-proof	Bind proof APK to disposable emulator-host Supabase	2026-09-07T20:51:01.3164776Z ^[[36;1mecho "EXPO_PUBLIC_USE_FAKE_SOURCE=0" >> "$GITHUB_ENV"^[[0m
physical-device-ui-proof	Bind proof APK to disposable emulator-host Supabase	2026-09-07T20:51:01.3201967Z shell: /usr/bin/bash -e {0}
physical-device-ui-proof	Bind proof APK to disposable emulator-host Supabase	2026-09-07T20:51:01.3202420Z env:
physical-device-ui-proof	Bind proof APK to disposable emulator-host Supabase	2026-09-07T20:51:01.3202638Z   CI: 1
physical-device-ui-proof	Bind proof APK to disposable emulator-host Supabase	2026-09-07T20:51:01.3202851Z   SUPABASE_TELEMETRY_DISABLED: 1
physical-device-ui-proof	Bind proof APK to disposable emulator-host Supabase	2026-09-07T20:51:01.3203102Z   DO_NOT_TRACK: 1
physical-device-ui-proof	Bind proof APK to disposable emulator-host Supabase	2026-09-07T20:51:01.3203327Z   RU5_DEVICE_PACKAGE: rs.uskoci.n04proof
physical-device-ui-proof	Bind proof APK to disposable emulator-host Supabase	2026-09-07T20:51:01.3203700Z   RU5_DEVICE_ARTIFACT_DIR: artifacts/intent-shell-device
physical-device-ui-proof	Bind proof APK to disposable emulator-host Supabase	2026-09-07T20:51:01.3204020Z   RU5_ENTRY_PROOF: 1
physical-device-ui-proof	Bind proof APK to disposable emulator-host Supabase	2026-09-07T20:51:01.3204261Z   SUPABASE_INTERNAL_IMAGE_REGISTRY: ghcr.io
physical-device-ui-proof	Bind proof APK to disposable emulator-host Supabase	2026-09-07T20:51:01.3204653Z   JAVA_HOME: /opt/hostedtoolcache/Java_Temurin-Hotspot_jdk/17.0.20-1/x64
physical-device-ui-proof	Bind proof APK to disposable emulator-host Supabase	2026-09-07T20:51:01.3205181Z   JAVA_HOME_17_X64: /opt/hostedtoolcache/Java_Temurin-Hotspot_jdk/17.0.20-1/x64
physical-device-ui-proof	Bind proof APK to disposable emulator-host Supabase	2026-09-07T20:51:01.3205579Z   MAVEN_ARGS: -ntp
physical-device-ui-proof	Bind proof APK to disposable emulator-host Supabase	2026-09-07T20:51:01.3205826Z   RU5_DEVICE_PROOF_DIR: /tmp/uskoci-ru5-device-ui
physical-device-ui-proof	Bind proof APK to disposable emulator-host Supabase	2026-09-07T20:51:01.3206452Z   RU5_DEVICE_DB_URL: ***127.0.0.1:54322/postgres
physical-device-ui-proof	Bind proof APK to disposable emulator-host Supabase	2026-09-07T20:51:01.3206818Z   RU5_DEVICE_SUPABASE_URL: http://127.0.0.1:54321
physical-device-ui-proof	Bind proof APK to disposable emulator-host Supabase	2026-09-07T20:51:01.3207858Z   RU5_DEVICE_ANON_KEY: ***
physical-device-ui-proof	Bind proof APK to disposable emulator-host Supabase	2026-09-07T20:51:01.3208902Z   RU5_DEVICE_SERVICE_ROLE_KEY: ***
physical-device-ui-proof	Bind proof APK to disposable emulator-host Supabase	2026-09-07T20:51:01.3209391Z   RU5_DEVICE_REQUESTER_EMAIL: ru5-device-requester-4c2d7cc3-9922-4387-ad98-c84ef207f8a5@proof.invalid
physical-device-ui-proof	Bind proof APK to disposable emulator-host Supabase	2026-09-07T20:51:01.3210096Z   RU5_DEVICE_WORKER_EMAIL: ru5-device-worker-4c2d7cc3-9922-4387-ad98-c84ef207f8a5@proof.invalid
physical-device-ui-proof	Bind proof APK to disposable emulator-host Supabase	2026-09-07T20:51:01.3210704Z   RU5_DEVICE_PASSWORD: ***
physical-device-ui-proof	Bind proof APK to disposable emulator-host Supabase	2026-09-07T20:51:01.3210991Z   RU5_DEVICE_NEED_ID: 4e441822-e254-47fb-b88c-02d51ad9e8b4
physical-device-ui-proof	Bind proof APK to disposable emulator-host Supabase	2026-09-07T20:51:01.3211351Z   RU5_DEVICE_NEED_TITLE: RU5 device journey 4c2d7cc3
physical-device-ui-proof	Bind proof APK to disposable emulator-host Supabase	2026-09-07T20:51:01.3211749Z   RU5_DEVICE_REQUESTER_USER_ID: edc61d5b-87c2-4aad-b467-bcb498dae343
physical-device-ui-proof	Bind proof APK to disposable emulator-host Supabase	2026-09-07T20:51:01.3212348Z   RU5_DEVICE_WORKER_USER_ID: 9a956706-89b2-4639-8bab-6965461480d0
physical-device-ui-proof	Bind proof APK to disposable emulator-host Supabase	2026-09-07T20:51:01.3212742Z   N04_AGREEMENT_ID: 8bee4280-4afb-4f50-94e6-92b3dbdea7b5
physical-device-ui-proof	Bind proof APK to disposable emulator-host Supabase	2026-09-07T20:51:01.3213048Z ##[endgroup]
physical-device-ui-proof	Assert proof endpoint is local-only	﻿2026-09-07T20:51:01.3302760Z ##[group]Run test "$EXPO_PUBLIC_SUPABASE_URL" = "http://10.0.2.2:54321"
physical-device-ui-proof	Assert proof endpoint is local-only	2026-09-07T20:51:01.3303314Z ^[[36;1mtest "$EXPO_PUBLIC_SUPABASE_URL" = "http://10.0.2.2:54321"^[[0m
physical-device-ui-proof	Assert proof endpoint is local-only	2026-09-07T20:51:01.3303831Z ^[[36;1mif [[ "$EXPO_PUBLIC_SUPABASE_URL" == *"leqcwgzvjsxugfgzdmth.supabase.co"* ]]; then^[[0m
physical-device-ui-proof	Assert proof endpoint is local-only	2026-09-07T20:51:01.3304412Z ^[[36;1m  echo "Production Supabase URL detected in device proof environment."^[[0m
physical-device-ui-proof	Assert proof endpoint is local-only	2026-09-07T20:51:01.3305007Z ^[[36;1m  exit 1^[[0m
physical-device-ui-proof	Assert proof endpoint is local-only	2026-09-07T20:51:01.3305213Z ^[[36;1mfi^[[0m
physical-device-ui-proof	Assert proof endpoint is local-only	2026-09-07T20:51:01.3340742Z shell: /usr/bin/bash -e {0}
physical-device-ui-proof	Assert proof endpoint is local-only	2026-09-07T20:51:01.3341006Z env:
physical-device-ui-proof	Assert proof endpoint is local-only	2026-09-07T20:51:01.3341190Z   CI: 1
physical-device-ui-proof	Assert proof endpoint is local-only	2026-09-07T20:51:01.3341389Z   SUPABASE_TELEMETRY_DISABLED: 1
physical-device-ui-proof	Assert proof endpoint is local-only	2026-09-07T20:51:01.3341641Z   DO_NOT_TRACK: 1
physical-device-ui-proof	Assert proof endpoint is local-only	2026-09-07T20:51:01.3341874Z   RU5_DEVICE_PACKAGE: rs.uskoci.n04proof
physical-device-ui-proof	Assert proof endpoint is local-only	2026-09-07T20:51:01.3342561Z   RU5_DEVICE_ARTIFACT_DIR: artifacts/intent-shell-device
physical-device-ui-proof	Assert proof endpoint is local-only	2026-09-07T20:51:01.3342889Z   RU5_ENTRY_PROOF: 1
physical-device-ui-proof	Assert proof endpoint is local-only	2026-09-07T20:51:01.3343135Z   SUPABASE_INTERNAL_IMAGE_REGISTRY: ghcr.io
physical-device-ui-proof	Assert proof endpoint is local-only	2026-09-07T20:51:01.3343565Z   JAVA_HOME: /opt/hostedtoolcache/Java_Temurin-Hotspot_jdk/17.0.20-1/x64
physical-device-ui-proof	Assert proof endpoint is local-only	2026-09-07T20:51:01.3344252Z   JAVA_HOME_17_X64: /opt/hostedtoolcache/Java_Temurin-Hotspot_jdk/17.0.20-1/x64
physical-device-ui-proof	Assert proof endpoint is local-only	2026-09-07T20:51:01.3344641Z   MAVEN_ARGS: -ntp
physical-device-ui-proof	Assert proof endpoint is local-only	2026-09-07T20:51:01.3344897Z   RU5_DEVICE_PROOF_DIR: /tmp/uskoci-ru5-device-ui
physical-device-ui-proof	Assert proof endpoint is local-only	2026-09-07T20:51:01.3345445Z   RU5_DEVICE_DB_URL: ***127.0.0.1:54322/postgres
physical-device-ui-proof	Assert proof endpoint is local-only	2026-09-07T20:51:01.3345804Z   RU5_DEVICE_SUPABASE_URL: http://127.0.0.1:54321
physical-device-ui-proof	Assert proof endpoint is local-only	2026-09-07T20:51:01.3346801Z   RU5_DEVICE_ANON_KEY: ***
physical-device-ui-proof	Assert proof endpoint is local-only	2026-09-07T20:51:01.3347841Z   RU5_DEVICE_SERVICE_ROLE_KEY: ***
physical-device-ui-proof	Assert proof endpoint is local-only	2026-09-07T20:51:01.3348329Z   RU5_DEVICE_REQUESTER_EMAIL: ru5-device-requester-4c2d7cc3-9922-4387-ad98-c84ef207f8a5@proof.invalid
physical-device-ui-proof	Assert proof endpoint is local-only	2026-09-07T20:51:01.3349009Z   RU5_DEVICE_WORKER_EMAIL: ru5-device-worker-4c2d7cc3-9922-4387-ad98-c84ef207f8a5@proof.invalid
physical-device-ui-proof	Assert proof endpoint is local-only	2026-09-07T20:51:01.3349573Z   RU5_DEVICE_PASSWORD: ***
physical-device-ui-proof	Assert proof endpoint is local-only	2026-09-07T20:51:01.3349869Z   RU5_DEVICE_NEED_ID: 4e441822-e254-47fb-b88c-02d51ad9e8b4
physical-device-ui-proof	Assert proof endpoint is local-only	2026-09-07T20:51:01.3350229Z   RU5_DEVICE_NEED_TITLE: RU5 device journey 4c2d7cc3
physical-device-ui-proof	Assert proof endpoint is local-only	2026-09-07T20:51:01.3350618Z   RU5_DEVICE_REQUESTER_USER_ID: edc61d5b-87c2-4aad-b467-bcb498dae343
physical-device-ui-proof	Assert proof endpoint is local-only	2026-09-07T20:51:01.3351053Z   RU5_DEVICE_WORKER_USER_ID: 9a956706-89b2-4639-8bab-6965461480d0
physical-device-ui-proof	Assert proof endpoint is local-only	2026-09-07T20:51:01.3351434Z   N04_AGREEMENT_ID: 8bee4280-4afb-4f50-94e6-92b3dbdea7b5
physical-device-ui-proof	Assert proof endpoint is local-only	2026-09-07T20:51:01.3351794Z   EXPO_PUBLIC_SUPABASE_URL: http://10.0.2.2:54321
physical-device-ui-proof	Assert proof endpoint is local-only	2026-09-07T20:51:01.3353331Z   EXPO_PUBLIC_SUPABASE_ANON_KEY: ***
physical-device-ui-proof	Assert proof endpoint is local-only	2026-09-07T20:51:01.3353632Z   EXPO_PUBLIC_USE_FAKE_SOURCE: 0
physical-device-ui-proof	Assert proof endpoint is local-only	2026-09-07T20:51:01.3353885Z ##[endgroup]
physical-device-ui-proof	Inject proof-only Android package id	﻿2026-09-07T20:51:01.3456574Z ##[group]Run node <<'NODE'
physical-device-ui-proof	Inject proof-only Android package id	2026-09-07T20:51:01.3456892Z ^[[36;1mnode <<'NODE'^[[0m
physical-device-ui-proof	Inject proof-only Android package id	2026-09-07T20:51:01.3457125Z ^[[36;1mconst fs = require('fs');^[[0m
physical-device-ui-proof	Inject proof-only Android package id	2026-09-07T20:51:01.3457396Z ^[[36;1mconst path = 'app.json';^[[0m
physical-device-ui-proof	Inject proof-only Android package id	2026-09-07T20:51:01.3457728Z ^[[36;1mconst app = JSON.parse(fs.readFileSync(path, 'utf8'));^[[0m
physical-device-ui-proof	Inject proof-only Android package id	2026-09-07T20:51:01.3458121Z ^[[36;1mapp.expo.android = app.expo.android || {};^[[0m
physical-device-ui-proof	Inject proof-only Android package id	2026-09-07T20:51:01.3458490Z ^[[36;1mapp.expo.android.package = 'rs.uskoci.n04proof';^[[0m
physical-device-ui-proof	Inject proof-only Android package id	2026-09-07T20:51:01.3458886Z ^[[36;1mapp.expo.name = 'USKOČI NAV PROOF';^[[0m
physical-device-ui-proof	Inject proof-only Android package id	2026-09-07T20:51:01.3459286Z ^[[36;1mfs.writeFileSync(path, JSON.stringify(app, null, 2) + '\n');^[[0m
physical-device-ui-proof	Inject proof-only Android package id	2026-09-07T20:51:01.3459640Z ^[[36;1mNODE^[[0m
physical-device-ui-proof	Inject proof-only Android package id	2026-09-07T20:51:01.3495130Z shell: /usr/bin/bash -e {0}
physical-device-ui-proof	Inject proof-only Android package id	2026-09-07T20:51:01.3495390Z env:
physical-device-ui-proof	Inject proof-only Android package id	2026-09-07T20:51:01.3495590Z   CI: 1
physical-device-ui-proof	Inject proof-only Android package id	2026-09-07T20:51:01.3495792Z   SUPABASE_TELEMETRY_DISABLED: 1
physical-device-ui-proof	Inject proof-only Android package id	2026-09-07T20:51:01.3496046Z   DO_NOT_TRACK: 1
physical-device-ui-proof	Inject proof-only Android package id	2026-09-07T20:51:01.3496273Z   RU5_DEVICE_PACKAGE: rs.uskoci.n04proof
physical-device-ui-proof	Inject proof-only Android package id	2026-09-07T20:51:01.3496640Z   RU5_DEVICE_ARTIFACT_DIR: artifacts/intent-shell-device
physical-device-ui-proof	Inject proof-only Android package id	2026-09-07T20:51:01.3496959Z   RU5_ENTRY_PROOF: 1
physical-device-ui-proof	Inject proof-only Android package id	2026-09-07T20:51:01.3497201Z   SUPABASE_INTERNAL_IMAGE_REGISTRY: ghcr.io
physical-device-ui-proof	Inject proof-only Android package id	2026-09-07T20:51:01.3497629Z   JAVA_HOME: /opt/hostedtoolcache/Java_Temurin-Hotspot_jdk/17.0.20-1/x64
physical-device-ui-proof	Inject proof-only Android package id	2026-09-07T20:51:01.3498137Z   JAVA_HOME_17_X64: /opt/hostedtoolcache/Java_Temurin-Hotspot_jdk/17.0.20-1/x64
physical-device-ui-proof	Inject proof-only Android package id	2026-09-07T20:51:01.3498544Z   MAVEN_ARGS: -ntp
physical-device-ui-proof	Inject proof-only Android package id	2026-09-07T20:51:01.3498802Z   RU5_DEVICE_PROOF_DIR: /tmp/uskoci-ru5-device-ui
physical-device-ui-proof	Inject proof-only Android package id	2026-09-07T20:51:01.3499344Z   RU5_DEVICE_DB_URL: ***127.0.0.1:54322/postgres
physical-device-ui-proof	Inject proof-only Android package id	2026-09-07T20:51:01.3499704Z   RU5_DEVICE_SUPABASE_URL: http://127.0.0.1:54321
physical-device-ui-proof	Inject proof-only Android package id	2026-09-07T20:51:01.3500748Z   RU5_DEVICE_ANON_KEY: ***
physical-device-ui-proof	Inject proof-only Android package id	2026-09-07T20:51:01.3501794Z   RU5_DEVICE_SERVICE_ROLE_KEY: ***
physical-device-ui-proof	Inject proof-only Android package id	2026-09-07T20:51:01.3502794Z   RU5_DEVICE_REQUESTER_EMAIL: ru5-device-requester-4c2d7cc3-9922-4387-ad98-c84ef207f8a5@proof.invalid
physical-device-ui-proof	Inject proof-only Android package id	2026-09-07T20:51:01.3503524Z   RU5_DEVICE_WORKER_EMAIL: ru5-device-worker-4c2d7cc3-9922-4387-ad98-c84ef207f8a5@proof.invalid
physical-device-ui-proof	Inject proof-only Android package id	2026-09-07T20:51:01.3504140Z   RU5_DEVICE_PASSWORD: ***
physical-device-ui-proof	Inject proof-only Android package id	2026-09-07T20:51:01.3504434Z   RU5_DEVICE_NEED_ID: 4e441822-e254-47fb-b88c-02d51ad9e8b4
physical-device-ui-proof	Inject proof-only Android package id	2026-09-07T20:51:01.3504789Z   RU5_DEVICE_NEED_TITLE: RU5 device journey 4c2d7cc3
physical-device-ui-proof	Inject proof-only Android package id	2026-09-07T20:51:01.3505182Z   RU5_DEVICE_REQUESTER_USER_ID: edc61d5b-87c2-4aad-b467-bcb498dae343
physical-device-ui-proof	Inject proof-only Android package id	2026-09-07T20:51:01.3505617Z   RU5_DEVICE_WORKER_USER_ID: 9a956706-89b2-4639-8bab-6965461480d0
physical-device-ui-proof	Inject proof-only Android package id	2026-09-07T20:51:01.3506001Z   N04_AGREEMENT_ID: 8bee4280-4afb-4f50-94e6-92b3dbdea7b5
physical-device-ui-proof	Inject proof-only Android package id	2026-09-07T20:51:01.3506353Z   EXPO_PUBLIC_SUPABASE_URL: http://10.0.2.2:54321
physical-device-ui-proof	Inject proof-only Android package id	2026-09-07T20:51:01.3507421Z   EXPO_PUBLIC_SUPABASE_ANON_KEY: ***
physical-device-ui-proof	Inject proof-only Android package id	2026-09-07T20:51:01.3507705Z   EXPO_PUBLIC_USE_FAKE_SOURCE: 0
physical-device-ui-proof	Inject proof-only Android package id	2026-09-07T20:51:01.3507954Z ##[endgroup]
physical-device-ui-proof	Generate native Android project	﻿2026-09-07T20:51:01.3890210Z ##[group]Run npx expo prebuild --platform android --clean
physical-device-ui-proof	Generate native Android project	2026-09-07T20:51:01.3890673Z ^[[36;1mnpx expo prebuild --platform android --clean^[[0m
physical-device-ui-proof	Generate native Android project	2026-09-07T20:51:01.3928735Z shell: /usr/bin/bash -e {0}
physical-device-ui-proof	Generate native Android project	2026-09-07T20:51:01.3929002Z env:
physical-device-ui-proof	Generate native Android project	2026-09-07T20:51:01.3929185Z   CI: 1
physical-device-ui-proof	Generate native Android project	2026-09-07T20:51:01.3929388Z   SUPABASE_TELEMETRY_DISABLED: 1
physical-device-ui-proof	Generate native Android project	2026-09-07T20:51:01.3929641Z   DO_NOT_TRACK: 1
physical-device-ui-proof	Generate native Android project	2026-09-07T20:51:01.3929865Z   RU5_DEVICE_PACKAGE: rs.uskoci.n04proof
physical-device-ui-proof	Generate native Android project	2026-09-07T20:51:01.3930218Z   RU5_DEVICE_ARTIFACT_DIR: artifacts/intent-shell-device
physical-device-ui-proof	Generate native Android project	2026-09-07T20:51:01.3930535Z   RU5_ENTRY_PROOF: 1
physical-device-ui-proof	Generate native Android project	2026-09-07T20:51:01.3930771Z   SUPABASE_INTERNAL_IMAGE_REGISTRY: ghcr.io
physical-device-ui-proof	Generate native Android project	2026-09-07T20:51:01.3931164Z   JAVA_HOME: /opt/hostedtoolcache/Java_Temurin-Hotspot_jdk/17.0.20-1/x64
physical-device-ui-proof	Generate native Android project	2026-09-07T20:51:01.3931644Z   JAVA_HOME_17_X64: /opt/hostedtoolcache/Java_Temurin-Hotspot_jdk/17.0.20-1/x64
physical-device-ui-proof	Generate native Android project	2026-09-07T20:51:01.3932018Z   MAVEN_ARGS: -ntp
physical-device-ui-proof	Generate native Android project	2026-09-07T20:51:01.3932528Z   RU5_DEVICE_PROOF_DIR: /tmp/uskoci-ru5-device-ui
physical-device-ui-proof	Generate native Android project	2026-09-07T20:51:01.3933150Z   RU5_DEVICE_DB_URL: ***127.0.0.1:54322/postgres
physical-device-ui-proof	Generate native Android project	2026-09-07T20:51:01.3933499Z   RU5_DEVICE_SUPABASE_URL: http://127.0.0.1:54321
physical-device-ui-proof	Generate native Android project	2026-09-07T20:51:01.3934522Z   RU5_DEVICE_ANON_KEY: ***
physical-device-ui-proof	Generate native Android project	2026-09-07T20:51:01.3935544Z   RU5_DEVICE_SERVICE_ROLE_KEY: ***
physical-device-ui-proof	Generate native Android project	2026-09-07T20:51:01.3936025Z   RU5_DEVICE_REQUESTER_EMAIL: ru5-device-requester-4c2d7cc3-9922-4387-ad98-c84ef207f8a5@proof.invalid
physical-device-ui-proof	Generate native Android project	2026-09-07T20:51:01.3936701Z   RU5_DEVICE_WORKER_EMAIL: ru5-device-worker-4c2d7cc3-9922-4387-ad98-c84ef207f8a5@proof.invalid
physical-device-ui-proof	Generate native Android project	2026-09-07T20:51:01.3937292Z   RU5_DEVICE_PASSWORD: ***
physical-device-ui-proof	Generate native Android project	2026-09-07T20:51:01.3937583Z   RU5_DEVICE_NEED_ID: 4e441822-e254-47fb-b88c-02d51ad9e8b4
physical-device-ui-proof	Generate native Android project	2026-09-07T20:51:01.3937935Z   RU5_DEVICE_NEED_TITLE: RU5 device journey 4c2d7cc3
physical-device-ui-proof	Generate native Android project	2026-09-07T20:51:01.3938329Z   RU5_DEVICE_REQUESTER_USER_ID: edc61d5b-87c2-4aad-b467-bcb498dae343
physical-device-ui-proof	Generate native Android project	2026-09-07T20:51:01.3938758Z   RU5_DEVICE_WORKER_USER_ID: 9a956706-89b2-4639-8bab-6965461480d0
physical-device-ui-proof	Generate native Android project	2026-09-07T20:51:01.3939138Z   N04_AGREEMENT_ID: 8bee4280-4afb-4f50-94e6-92b3dbdea7b5
physical-device-ui-proof	Generate native Android project	2026-09-07T20:51:01.3939504Z   EXPO_PUBLIC_SUPABASE_URL: http://10.0.2.2:54321
physical-device-ui-proof	Generate native Android project	2026-09-07T20:51:01.3940540Z   EXPO_PUBLIC_SUPABASE_ANON_KEY: ***
physical-device-ui-proof	Generate native Android project	2026-09-07T20:51:01.3940814Z   EXPO_PUBLIC_USE_FAKE_SOURCE: 0
physical-device-ui-proof	Generate native Android project	2026-09-07T20:51:01.3941058Z ##[endgroup]
physical-device-ui-proof	Generate native Android project	2026-09-07T20:51:01.9637061Z - Creating native directory (./android)
physical-device-ui-proof	Generate native Android project	2026-09-07T20:51:02.4213146Z ✔ Created native directory
physical-device-ui-proof	Generate native Android project	2026-09-07T20:51:02.4217130Z - Updating package.json
physical-device-ui-proof	Generate native Android project	2026-09-07T20:51:02.4265634Z ✔ Updated package.json
physical-device-ui-proof	Generate native Android project	2026-09-07T20:51:02.4267581Z - Running prebuild
physical-device-ui-proof	Generate native Android project	2026-09-07T20:51:04.2253399Z ✔ Finished prebuild
physical-device-ui-proof	Enable local HTTP only in generated proof APK	﻿2026-09-07T20:51:04.2809982Z ##[group]Run python3 <<'PY'
physical-device-ui-proof	Enable local HTTP only in generated proof APK	2026-09-07T20:51:04.2810362Z ^[[36;1mpython3 <<'PY'^[[0m
physical-device-ui-proof	Enable local HTTP only in generated proof APK	2026-09-07T20:51:04.2810760Z ^[[36;1mfrom pathlib import Path^[[0m
physical-device-ui-proof	Enable local HTTP only in generated proof APK	2026-09-07T20:51:04.2811254Z ^[[36;1mpath = Path('android/app/src/main/AndroidManifest.xml')^[[0m
physical-device-ui-proof	Enable local HTTP only in generated proof APK	2026-09-07T20:51:04.2811627Z ^[[36;1mtext = path.read_text()^[[0m
physical-device-ui-proof	Enable local HTTP only in generated proof APK	2026-09-07T20:51:04.2811937Z ^[[36;1mif 'android:usesCleartextTraffic=' not in text:^[[0m
physical-device-ui-proof	Enable local HTTP only in generated proof APK	2026-09-07T20:51:04.2813030Z ^[[36;1m    text = text.replace('<application ', '<application android:usesCleartextTraffic="true" ', 1)^[[0m
physical-device-ui-proof	Enable local HTTP only in generated proof APK	2026-09-07T20:51:04.2813531Z ^[[36;1mpath.write_text(text)^[[0m
physical-device-ui-proof	Enable local HTTP only in generated proof APK	2026-09-07T20:51:04.2813917Z ^[[36;1mif 'android:usesCleartextTraffic="true"' not in path.read_text():^[[0m
physical-device-ui-proof	Enable local HTTP only in generated proof APK	2026-09-07T20:51:04.2814457Z ^[[36;1m    raise SystemExit('proof-only cleartext manifest injection failed')^[[0m
physical-device-ui-proof	Enable local HTTP only in generated proof APK	2026-09-07T20:51:04.2815285Z ^[[36;1mPY^[[0m
physical-device-ui-proof	Enable local HTTP only in generated proof APK	2026-09-07T20:51:04.2855760Z shell: /usr/bin/bash -e {0}
physical-device-ui-proof	Enable local HTTP only in generated proof APK	2026-09-07T20:51:04.2856039Z env:
physical-device-ui-proof	Enable local HTTP only in generated proof APK	2026-09-07T20:51:04.2856233Z   CI: 1
physical-device-ui-proof	Enable local HTTP only in generated proof APK	2026-09-07T20:51:04.2856432Z   SUPABASE_TELEMETRY_DISABLED: 1
physical-device-ui-proof	Enable local HTTP only in generated proof APK	2026-09-07T20:51:04.2856729Z   DO_NOT_TRACK: 1
physical-device-ui-proof	Enable local HTTP only in generated proof APK	2026-09-07T20:51:04.2856957Z   RU5_DEVICE_PACKAGE: rs.uskoci.n04proof
physical-device-ui-proof	Enable local HTTP only in generated proof APK	2026-09-07T20:51:04.2857306Z   RU5_DEVICE_ARTIFACT_DIR: artifacts/intent-shell-device
physical-device-ui-proof	Enable local HTTP only in generated proof APK	2026-09-07T20:51:04.2857620Z   RU5_ENTRY_PROOF: 1
physical-device-ui-proof	Enable local HTTP only in generated proof APK	2026-09-07T20:51:04.2857861Z   SUPABASE_INTERNAL_IMAGE_REGISTRY: ghcr.io
physical-device-ui-proof	Enable local HTTP only in generated proof APK	2026-09-07T20:51:04.2858256Z   JAVA_HOME: /opt/hostedtoolcache/Java_Temurin-Hotspot_jdk/17.0.20-1/x64
physical-device-ui-proof	Enable local HTTP only in generated proof APK	2026-09-07T20:51:04.2858771Z   JAVA_HOME_17_X64: /opt/hostedtoolcache/Java_Temurin-Hotspot_jdk/17.0.20-1/x64
physical-device-ui-proof	Enable local HTTP only in generated proof APK	2026-09-07T20:51:04.2859160Z   MAVEN_ARGS: -ntp
physical-device-ui-proof	Enable local HTTP only in generated proof APK	2026-09-07T20:51:04.2859405Z   RU5_DEVICE_PROOF_DIR: /tmp/uskoci-ru5-device-ui
physical-device-ui-proof	Enable local HTTP only in generated proof APK	2026-09-07T20:51:04.2859989Z   RU5_DEVICE_DB_URL: ***127.0.0.1:54322/postgres
physical-device-ui-proof	Enable local HTTP only in generated proof APK	2026-09-07T20:51:04.2860350Z   RU5_DEVICE_SUPABASE_URL: http://127.0.0.1:54321
physical-device-ui-proof	Enable local HTTP only in generated proof APK	2026-09-07T20:51:04.2861354Z   RU5_DEVICE_ANON_KEY: ***
physical-device-ui-proof	Enable local HTTP only in generated proof APK	2026-09-07T20:51:04.2862738Z   RU5_DEVICE_SERVICE_ROLE_KEY: ***
physical-device-ui-proof	Enable local HTTP only in generated proof APK	2026-09-07T20:51:04.2863261Z   RU5_DEVICE_REQUESTER_EMAIL: ru5-device-requester-4c2d7cc3-9922-4387-ad98-c84ef207f8a5@proof.invalid
physical-device-ui-proof	Enable local HTTP only in generated proof APK	2026-09-07T20:51:04.2863947Z   RU5_DEVICE_WORKER_EMAIL: ru5-device-worker-4c2d7cc3-9922-4387-ad98-c84ef207f8a5@proof.invalid
physical-device-ui-proof	Enable local HTTP only in generated proof APK	2026-09-07T20:51:04.2864520Z   RU5_DEVICE_PASSWORD: ***
physical-device-ui-proof	Enable local HTTP only in generated proof APK	2026-09-07T20:51:04.2864806Z   RU5_DEVICE_NEED_ID: 4e441822-e254-47fb-b88c-02d51ad9e8b4
physical-device-ui-proof	Enable local HTTP only in generated proof APK	2026-09-07T20:51:04.2865154Z   RU5_DEVICE_NEED_TITLE: RU5 device journey 4c2d7cc3
physical-device-ui-proof	Enable local HTTP only in generated proof APK	2026-09-07T20:51:04.2865552Z   RU5_DEVICE_REQUESTER_USER_ID: edc61d5b-87c2-4aad-b467-bcb498dae343
physical-device-ui-proof	Enable local HTTP only in generated proof APK	2026-09-07T20:51:04.2865975Z   RU5_DEVICE_WORKER_USER_ID: 9a956706-89b2-4639-8bab-6965461480d0
physical-device-ui-proof	Enable local HTTP only in generated proof APK	2026-09-07T20:51:04.2866352Z   N04_AGREEMENT_ID: 8bee4280-4afb-4f50-94e6-92b3dbdea7b5
physical-device-ui-proof	Enable local HTTP only in generated proof APK	2026-09-07T20:51:04.2866700Z   EXPO_PUBLIC_SUPABASE_URL: http://10.0.2.2:54321
physical-device-ui-proof	Enable local HTTP only in generated proof APK	2026-09-07T20:51:04.2867750Z   EXPO_PUBLIC_SUPABASE_ANON_KEY: ***
physical-device-ui-proof	Enable local HTTP only in generated proof APK	2026-09-07T20:51:04.2868030Z   EXPO_PUBLIC_USE_FAKE_SOURCE: 0
physical-device-ui-proof	Enable local HTTP only in generated proof APK	2026-09-07T20:51:04.2868275Z ##[endgroup]
physical-device-ui-proof	Tune Gradle for x86_64 emulator APK	﻿2026-09-07T20:51:04.3309629Z ##[group]Run node <<'NODE'
physical-device-ui-proof	Tune Gradle for x86_64 emulator APK	2026-09-07T20:51:04.3309952Z ^[[36;1mnode <<'NODE'^[[0m
physical-device-ui-proof	Tune Gradle for x86_64 emulator APK	2026-09-07T20:51:04.3310194Z ^[[36;1mconst fs = require('fs');^[[0m
physical-device-ui-proof	Tune Gradle for x86_64 emulator APK	2026-09-07T20:51:04.3310510Z ^[[36;1mconst path = 'android/gradle.properties';^[[0m
physical-device-ui-proof	Tune Gradle for x86_64 emulator APK	2026-09-07T20:51:04.3310867Z ^[[36;1mlet text = fs.readFileSync(path, 'utf8');^[[0m
physical-device-ui-proof	Tune Gradle for x86_64 emulator APK	2026-09-07T20:51:04.3311187Z ^[[36;1mconst setProp = (key, value) => {^[[0m
physical-device-ui-proof	Tune Gradle for x86_64 emulator APK	2026-09-07T20:51:04.3311547Z ^[[36;1m  const escaped = key.replace(/[.*+?^${}()|[\]\\]/g, '\\$&');^[[0m
physical-device-ui-proof	Tune Gradle for x86_64 emulator APK	2026-09-07T20:51:04.3311962Z ^[[36;1m  const re = new RegExp(`^${escaped}=.*$`, 'm');^[[0m
physical-device-ui-proof	Tune Gradle for x86_64 emulator APK	2026-09-07T20:51:04.3312662Z ^[[36;1m  const line = `${key}=${value}`;^[[0m
physical-device-ui-proof	Tune Gradle for x86_64 emulator APK	2026-09-07T20:51:04.3313111Z ^[[36;1m  text = re.test(text) ? text.replace(re, line) : `${text.trimEnd()}\n${line}\n`;^[[0m
physical-device-ui-proof	Tune Gradle for x86_64 emulator APK	2026-09-07T20:51:04.3313537Z ^[[36;1m};^[[0m
physical-device-ui-proof	Tune Gradle for x86_64 emulator APK	2026-09-07T20:51:04.3313959Z ^[[36;1msetProp('org.gradle.jvmargs', '-Xmx4096m -XX:MaxMetaspaceSize=2048m -Dfile.encoding=UTF-8');^[[0m
physical-device-ui-proof	Tune Gradle for x86_64 emulator APK	2026-09-07T20:51:04.3314500Z ^[[36;1msetProp('reactNativeArchitectures', 'x86_64');^[[0m
physical-device-ui-proof	Tune Gradle for x86_64 emulator APK	2026-09-07T20:51:04.3314868Z ^[[36;1mfs.writeFileSync(path, text);^[[0m
physical-device-ui-proof	Tune Gradle for x86_64 emulator APK	2026-09-07T20:51:04.3315138Z ^[[36;1mNODE^[[0m
physical-device-ui-proof	Tune Gradle for x86_64 emulator APK	2026-09-07T20:51:04.3352611Z shell: /usr/bin/bash -e {0}
physical-device-ui-proof	Tune Gradle for x86_64 emulator APK	2026-09-07T20:51:04.3352880Z env:
physical-device-ui-proof	Tune Gradle for x86_64 emulator APK	2026-09-07T20:51:04.3353067Z   CI: 1
physical-device-ui-proof	Tune Gradle for x86_64 emulator APK	2026-09-07T20:51:04.3353269Z   SUPABASE_TELEMETRY_DISABLED: 1
physical-device-ui-proof	Tune Gradle for x86_64 emulator APK	2026-09-07T20:51:04.3353534Z   DO_NOT_TRACK: 1
physical-device-ui-proof	Tune Gradle for x86_64 emulator APK	2026-09-07T20:51:04.3353774Z   RU5_DEVICE_PACKAGE: rs.uskoci.n04proof
physical-device-ui-proof	Tune Gradle for x86_64 emulator APK	2026-09-07T20:51:04.3354356Z   RU5_DEVICE_ARTIFACT_DIR: artifacts/intent-shell-device
physical-device-ui-proof	Tune Gradle for x86_64 emulator APK	2026-09-07T20:51:04.3354685Z   RU5_ENTRY_PROOF: 1
physical-device-ui-proof	Tune Gradle for x86_64 emulator APK	2026-09-07T20:51:04.3354930Z   SUPABASE_INTERNAL_IMAGE_REGISTRY: ghcr.io
physical-device-ui-proof	Tune Gradle for x86_64 emulator APK	2026-09-07T20:51:04.3355322Z   JAVA_HOME: /opt/hostedtoolcache/Java_Temurin-Hotspot_jdk/17.0.20-1/x64
physical-device-ui-proof	Tune Gradle for x86_64 emulator APK	2026-09-07T20:51:04.3355833Z   JAVA_HOME_17_X64: /opt/hostedtoolcache/Java_Temurin-Hotspot_jdk/17.0.20-1/x64
physical-device-ui-proof	Tune Gradle for x86_64 emulator APK	2026-09-07T20:51:04.3356232Z   MAVEN_ARGS: -ntp
physical-device-ui-proof	Tune Gradle for x86_64 emulator APK	2026-09-07T20:51:04.3356484Z   RU5_DEVICE_PROOF_DIR: /tmp/uskoci-ru5-device-ui
physical-device-ui-proof	Tune Gradle for x86_64 emulator APK	2026-09-07T20:51:04.3357046Z   RU5_DEVICE_DB_URL: ***127.0.0.1:54322/postgres
physical-device-ui-proof	Tune Gradle for x86_64 emulator APK	2026-09-07T20:51:04.3357410Z   RU5_DEVICE_SUPABASE_URL: http://127.0.0.1:54321
physical-device-ui-proof	Tune Gradle for x86_64 emulator APK	2026-09-07T20:51:04.3358407Z   RU5_DEVICE_ANON_KEY: ***
physical-device-ui-proof	Tune Gradle for x86_64 emulator APK	2026-09-07T20:51:04.3359442Z   RU5_DEVICE_SERVICE_ROLE_KEY: ***
physical-device-ui-proof	Tune Gradle for x86_64 emulator APK	2026-09-07T20:51:04.3359942Z   RU5_DEVICE_REQUESTER_EMAIL: ru5-device-requester-4c2d7cc3-9922-4387-ad98-c84ef207f8a5@proof.invalid
physical-device-ui-proof	Tune Gradle for x86_64 emulator APK	2026-09-07T20:51:04.3360628Z   RU5_DEVICE_WORKER_EMAIL: ru5-device-worker-4c2d7cc3-9922-4387-ad98-c84ef207f8a5@proof.invalid
physical-device-ui-proof	Tune Gradle for x86_64 emulator APK	2026-09-07T20:51:04.3361205Z   RU5_DEVICE_PASSWORD: ***
physical-device-ui-proof	Tune Gradle for x86_64 emulator APK	2026-09-07T20:51:04.3361488Z   RU5_DEVICE_NEED_ID: 4e441822-e254-47fb-b88c-02d51ad9e8b4
physical-device-ui-proof	Tune Gradle for x86_64 emulator APK	2026-09-07T20:51:04.3361841Z   RU5_DEVICE_NEED_TITLE: RU5 device journey 4c2d7cc3
physical-device-ui-proof	Tune Gradle for x86_64 emulator APK	2026-09-07T20:51:04.3362496Z   RU5_DEVICE_REQUESTER_USER_ID: edc61d5b-87c2-4aad-b467-bcb498dae343
physical-device-ui-proof	Tune Gradle for x86_64 emulator APK	2026-09-07T20:51:04.3362957Z   RU5_DEVICE_WORKER_USER_ID: 9a956706-89b2-4639-8bab-6965461480d0
physical-device-ui-proof	Tune Gradle for x86_64 emulator APK	2026-09-07T20:51:04.3363353Z   N04_AGREEMENT_ID: 8bee4280-4afb-4f50-94e6-92b3dbdea7b5
physical-device-ui-proof	Tune Gradle for x86_64 emulator APK	2026-09-07T20:51:04.3363724Z   EXPO_PUBLIC_SUPABASE_URL: http://10.0.2.2:54321
physical-device-ui-proof	Tune Gradle for x86_64 emulator APK	2026-09-07T20:51:04.3364767Z   EXPO_PUBLIC_SUPABASE_ANON_KEY: ***
physical-device-ui-proof	Tune Gradle for x86_64 emulator APK	2026-09-07T20:51:04.3365044Z   EXPO_PUBLIC_USE_FAKE_SOURCE: 0
physical-device-ui-proof	Tune Gradle for x86_64 emulator APK	2026-09-07T20:51:04.3365293Z ##[endgroup]
physical-device-ui-proof	Build standalone proof APK	﻿2026-09-07T20:51:04.3820813Z ##[group]Run ./gradlew assembleRelease --no-daemon --max-workers=2 -x lintVitalAnalyzeRelease
physical-device-ui-proof	Build standalone proof APK	2026-09-07T20:51:04.3821539Z ^[[36;1m./gradlew assembleRelease --no-daemon --max-workers=2 -x lintVitalAnalyzeRelease^[[0m
physical-device-ui-proof	Build standalone proof APK	2026-09-07T20:51:04.3859830Z shell: /usr/bin/bash -e {0}
physical-device-ui-proof	Build standalone proof APK	2026-09-07T20:51:04.3860098Z env:
physical-device-ui-proof	Build standalone proof APK	2026-09-07T20:51:04.3860292Z   CI: 1
physical-device-ui-proof	Build standalone proof APK	2026-09-07T20:51:04.3860490Z   SUPABASE_TELEMETRY_DISABLED: 1
physical-device-ui-proof	Build standalone proof APK	2026-09-07T20:51:04.3860744Z   DO_NOT_TRACK: 1
physical-device-ui-proof	Build standalone proof APK	2026-09-07T20:51:04.3860974Z   RU5_DEVICE_PACKAGE: rs.uskoci.n04proof
physical-device-ui-proof	Build standalone proof APK	2026-09-07T20:51:04.3861306Z   RU5_DEVICE_ARTIFACT_DIR: artifacts/intent-shell-device
physical-device-ui-proof	Build standalone proof APK	2026-09-07T20:51:04.3861616Z   RU5_ENTRY_PROOF: 1
physical-device-ui-proof	Build standalone proof APK	2026-09-07T20:51:04.3861846Z   SUPABASE_INTERNAL_IMAGE_REGISTRY: ghcr.io
physical-device-ui-proof	Build standalone proof APK	2026-09-07T20:51:04.3862528Z   JAVA_HOME: /opt/hostedtoolcache/Java_Temurin-Hotspot_jdk/17.0.20-1/x64
physical-device-ui-proof	Build standalone proof APK	2026-09-07T20:51:04.3863027Z   JAVA_HOME_17_X64: /opt/hostedtoolcache/Java_Temurin-Hotspot_jdk/17.0.20-1/x64
physical-device-ui-proof	Build standalone proof APK	2026-09-07T20:51:04.3863407Z   MAVEN_ARGS: -ntp
physical-device-ui-proof	Build standalone proof APK	2026-09-07T20:51:04.3863655Z   RU5_DEVICE_PROOF_DIR: /tmp/uskoci-ru5-device-ui
physical-device-ui-proof	Build standalone proof APK	2026-09-07T20:51:04.3864286Z   RU5_DEVICE_DB_URL: ***127.0.0.1:54322/postgres
physical-device-ui-proof	Build standalone proof APK	2026-09-07T20:51:04.3864652Z   RU5_DEVICE_SUPABASE_URL: http://127.0.0.1:54321
physical-device-ui-proof	Build standalone proof APK	2026-09-07T20:51:04.3865646Z   RU5_DEVICE_ANON_KEY: ***
physical-device-ui-proof	Build standalone proof APK	2026-09-07T20:51:04.3866662Z   RU5_DEVICE_SERVICE_ROLE_KEY: ***
physical-device-ui-proof	Build standalone proof APK	2026-09-07T20:51:04.3867144Z   RU5_DEVICE_REQUESTER_EMAIL: ru5-device-requester-4c2d7cc3-9922-4387-ad98-c84ef207f8a5@proof.invalid
physical-device-ui-proof	Build standalone proof APK	2026-09-07T20:51:04.3867853Z   RU5_DEVICE_WORKER_EMAIL: ru5-device-worker-4c2d7cc3-9922-4387-ad98-c84ef207f8a5@proof.invalid
physical-device-ui-proof	Build standalone proof APK	2026-09-07T20:51:04.3868432Z   RU5_DEVICE_PASSWORD: ***
physical-device-ui-proof	Build standalone proof APK	2026-09-07T20:51:04.3868713Z   RU5_DEVICE_NEED_ID: 4e441822-e254-47fb-b88c-02d51ad9e8b4
physical-device-ui-proof	Build standalone proof APK	2026-09-07T20:51:04.3869061Z   RU5_DEVICE_NEED_TITLE: RU5 device journey 4c2d7cc3
physical-device-ui-proof	Build standalone proof APK	2026-09-07T20:51:04.3869459Z   RU5_DEVICE_REQUESTER_USER_ID: edc61d5b-87c2-4aad-b467-bcb498dae343
physical-device-ui-proof	Build standalone proof APK	2026-09-07T20:51:04.3869880Z   RU5_DEVICE_WORKER_USER_ID: 9a956706-89b2-4639-8bab-6965461480d0
physical-device-ui-proof	Build standalone proof APK	2026-09-07T20:51:04.3870262Z   N04_AGREEMENT_ID: 8bee4280-4afb-4f50-94e6-92b3dbdea7b5
physical-device-ui-proof	Build standalone proof APK	2026-09-07T20:51:04.3870617Z   EXPO_PUBLIC_SUPABASE_URL: http://10.0.2.2:54321
physical-device-ui-proof	Build standalone proof APK	2026-09-07T20:51:04.3871691Z   EXPO_PUBLIC_SUPABASE_ANON_KEY: ***
physical-device-ui-proof	Build standalone proof APK	2026-09-07T20:51:04.3872844Z   EXPO_PUBLIC_USE_FAKE_SOURCE: 0
physical-device-ui-proof	Build standalone proof APK	2026-09-07T20:51:04.3873118Z   NODE_ENV: production
physical-device-ui-proof	Build standalone proof APK	2026-09-07T20:51:04.3873344Z ##[endgroup]
physical-device-ui-proof	Build standalone proof APK	2026-09-07T20:51:04.9747409Z Downloading https://services.gradle.org/distributions/gradle-9.3.1-bin.zip
physical-device-ui-proof	Build standalone proof APK	2026-09-07T20:51:08.0675552Z .............10%.............20%.............30%.............40%.............50%.............60%.............70%.............80%.............90%.............100%
physical-device-ui-proof	Build standalone proof APK	2026-09-07T20:51:09.5724901Z
physical-device-ui-proof	Build standalone proof APK	2026-09-07T20:51:09.5725675Z Welcome to Gradle 9.3.1!
physical-device-ui-proof	Build standalone proof APK	2026-09-07T20:51:09.5726082Z
physical-device-ui-proof	Build standalone proof APK	2026-09-07T20:51:09.5728895Z Here are the highlights of this release:
physical-device-ui-proof	Build standalone proof APK	2026-09-07T20:51:09.5738912Z  - Test reporting improvements
physical-device-ui-proof	Build standalone proof APK	2026-09-07T20:51:09.5739738Z  - Error and warning improvements
physical-device-ui-proof	Build standalone proof APK	2026-09-07T20:51:09.5740508Z  - Build authoring improvements
physical-device-ui-proof	Build standalone proof APK	2026-09-07T20:51:09.5740936Z
physical-device-ui-proof	Build standalone proof APK	2026-09-07T20:51:09.5745978Z For more details see https://docs.gradle.org/9.3.1/release-notes.html
physical-device-ui-proof	Build standalone proof APK	2026-09-07T20:51:09.5746627Z
physical-device-ui-proof	Build standalone proof APK	2026-09-07T20:51:09.6726427Z To honour the JVM settings for this build a single-use Daemon process will be forked. For more on this, please refer to https://docs.gradle.org/9.3.1/userguide/gradle_daemon.html#sec:disabling_the_daemon in the Gradle documentation.
physical-device-ui-proof	Build standalone proof APK	2026-09-07T20:51:11.2718000Z Daemon will be stopped at the end of the build
physical-device-ui-proof	Build standalone proof APK	2026-09-07T20:52:03.6751753Z > Task :gradle-plugin:settings-plugin:checkKotlinGradlePluginConfigurationErrors SKIPPED
physical-device-ui-proof	Build standalone proof APK	2026-09-07T20:52:03.6792325Z > Task :expo-gradle-plugin:expo-autolinking-plugin-shared:checkKotlinGradlePluginConfigurationErrors SKIPPED
physical-device-ui-proof	Build standalone proof APK	2026-09-07T20:52:03.6803302Z > Task :gradle-plugin:shared:checkKotlinGradlePluginConfigurationErrors SKIPPED
physical-device-ui-proof	Build standalone proof APK	2026-09-07T20:52:03.8721088Z > Task :expo-gradle-plugin:expo-autolinking-settings-plugin:checkKotlinGradlePluginConfigurationErrors SKIPPED
physical-device-ui-proof	Build standalone proof APK	2026-09-07T20:52:03.9717651Z > Task :expo-gradle-plugin:expo-autolinking-settings-plugin:pluginDescriptors
physical-device-ui-proof	Build standalone proof APK	2026-09-07T20:52:03.9721168Z > Task :expo-gradle-plugin:expo-autolinking-settings-plugin:processResources
physical-device-ui-proof	Build standalone proof APK	2026-09-07T20:52:03.9725166Z > Task :gradle-plugin:settings-plugin:pluginDescriptors
physical-device-ui-proof	Build standalone proof APK	2026-09-07T20:52:03.9726051Z > Task :gradle-plugin:settings-plugin:processResources
physical-device-ui-proof	Build standalone proof APK	2026-09-07T20:52:09.1754002Z > Task :expo-gradle-plugin:expo-autolinking-plugin-shared:processResources NO-SOURCE
physical-device-ui-proof	Build standalone proof APK	2026-09-07T20:52:09.2736744Z > Task :gradle-plugin:shared:processResources NO-SOURCE
physical-device-ui-proof	Build standalone proof APK	2026-09-07T20:52:15.8733485Z > Task :gradle-plugin:shared:compileKotlin
physical-device-ui-proof	Build standalone proof APK	2026-09-07T20:52:15.8743083Z > Task :gradle-plugin:shared:compileJava NO-SOURCE
physical-device-ui-proof	Build standalone proof APK	2026-09-07T20:52:15.8763031Z > Task :gradle-plugin:shared:classes UP-TO-DATE
physical-device-ui-proof	Build standalone proof APK	2026-09-07T20:52:15.8792948Z > Task :gradle-plugin:shared:jar
physical-device-ui-proof	Build standalone proof APK	2026-09-07T20:52:16.2718254Z > Task :expo-gradle-plugin:expo-autolinking-plugin-shared:compileKotlin
physical-device-ui-proof	Build standalone proof APK	2026-09-07T20:52:16.2722656Z > Task :expo-gradle-plugin:expo-autolinking-plugin-shared:compileJava NO-SOURCE
physical-device-ui-proof	Build standalone proof APK	2026-09-07T20:52:16.2723838Z > Task :expo-gradle-plugin:expo-autolinking-plugin-shared:classes UP-TO-DATE
physical-device-ui-proof	Build standalone proof APK	2026-09-07T20:52:16.2724799Z > Task :expo-gradle-plugin:expo-autolinking-plugin-shared:jar
physical-device-ui-proof	Build standalone proof APK	2026-09-07T20:52:25.4725942Z > Task :gradle-plugin:settings-plugin:compileKotlin
physical-device-ui-proof	Build standalone proof APK	2026-09-07T20:52:25.4769847Z > Task :gradle-plugin:settings-plugin:compileJava NO-SOURCE
physical-device-ui-proof	Build standalone proof APK	2026-09-07T20:52:25.4787736Z > Task :gradle-plugin:settings-plugin:classes
physical-device-ui-proof	Build standalone proof APK	2026-09-07T20:52:25.5718420Z > Task :gradle-plugin:settings-plugin:jar
physical-device-ui-proof	Build standalone proof APK	2026-09-07T20:52:28.6718637Z > Task :expo-gradle-plugin:expo-autolinking-settings-plugin:compileKotlin
physical-device-ui-proof	Build standalone proof APK	2026-09-07T20:52:28.7717611Z > Task :expo-gradle-plugin:expo-autolinking-settings-plugin:compileJava NO-SOURCE
physical-device-ui-proof	Build standalone proof APK	2026-09-07T20:52:28.7718762Z > Task :expo-gradle-plugin:expo-autolinking-settings-plugin:classes
physical-device-ui-proof	Build standalone proof APK	2026-09-07T20:52:28.7725122Z > Task :expo-gradle-plugin:expo-autolinking-settings-plugin:jar
physical-device-ui-proof	Build standalone proof APK	2026-09-07T20:52:44.9734470Z > Task :expo-gradle-plugin:expo-autolinking-plugin:checkKotlinGradlePluginConfigurationErrors SKIPPED
physical-device-ui-proof	Build standalone proof APK	2026-09-07T20:52:44.9736931Z > Task :gradle-plugin:react-native-gradle-plugin:checkKotlinGradlePluginConfigurationErrors SKIPPED
physical-device-ui-proof	Build standalone proof APK	2026-09-07T20:52:46.0718199Z > Task :expo-module-gradle-plugin:checkKotlinGradlePluginConfigurationErrors SKIPPED
physical-device-ui-proof	Build standalone proof APK	2026-09-07T20:52:46.0723980Z > Task :expo-module-gradle-plugin:pluginDescriptors
physical-device-ui-proof	Build standalone proof APK	2026-09-07T20:52:46.0729001Z > Task :expo-module-gradle-plugin:processResources
physical-device-ui-proof	Build standalone proof APK	2026-09-07T20:52:46.0730227Z > Task :expo-gradle-plugin:expo-autolinking-plugin:pluginDescriptors
physical-device-ui-proof	Build standalone proof APK	2026-09-07T20:52:46.0731441Z > Task :expo-gradle-plugin:expo-autolinking-plugin:processResources
physical-device-ui-proof	Build standalone proof APK	2026-09-07T20:52:46.0733310Z > Task :expo-gradle-plugin:expo-max-sdk-override-plugin:checkKotlinGradlePluginConfigurationErrors SKIPPED
physical-device-ui-proof	Build standalone proof APK	2026-09-07T20:52:47.1743940Z > Task :expo-gradle-plugin:expo-autolinking-plugin:compileKotlin
physical-device-ui-proof	Build standalone proof APK	2026-09-07T20:52:47.1773465Z > Task :expo-gradle-plugin:expo-autolinking-plugin:compileJava NO-SOURCE
physical-device-ui-proof	Build standalone proof APK	2026-09-07T20:52:47.1803193Z > Task :expo-gradle-plugin:expo-autolinking-plugin:classes
physical-device-ui-proof	Build standalone proof APK	2026-09-07T20:52:47.1834927Z > Task :expo-gradle-plugin:expo-autolinking-plugin:jar
physical-device-ui-proof	Build standalone proof APK	2026-09-07T20:52:47.1863272Z > Task :expo-gradle-plugin:expo-max-sdk-override-plugin:pluginDescriptors
physical-device-ui-proof	Build standalone proof APK	2026-09-07T20:52:47.2726523Z > Task :expo-gradle-plugin:expo-max-sdk-override-plugin:processResources
physical-device-ui-proof	Build standalone proof APK	2026-09-07T20:52:48.8718785Z > Task :expo-gradle-plugin:expo-max-sdk-override-plugin:compileKotlin
physical-device-ui-proof	Build standalone proof APK	2026-09-07T20:52:48.8743305Z > Task :expo-gradle-plugin:expo-max-sdk-override-plugin:compileJava NO-SOURCE
physical-device-ui-proof	Build standalone proof APK	2026-09-07T20:52:48.8744405Z > Task :expo-gradle-plugin:expo-max-sdk-override-plugin:classes
physical-device-ui-proof	Build standalone proof APK	2026-09-07T20:52:48.8745304Z > Task :expo-gradle-plugin:expo-max-sdk-override-plugin:jar
physical-device-ui-proof	Build standalone proof APK	2026-09-07T20:52:50.1744164Z > Task :gradle-plugin:react-native-gradle-plugin:pluginDescriptors
physical-device-ui-proof	Build standalone proof APK	2026-09-07T20:52:50.1763629Z > Task :gradle-plugin:react-native-gradle-plugin:processResources
physical-device-ui-proof	Build standalone proof APK	2026-09-07T20:52:54.4717206Z > Task :gradle-plugin:react-native-gradle-plugin:compileKotlin
physical-device-ui-proof	Build standalone proof APK	2026-09-07T20:52:54.4731903Z > Task :gradle-plugin:react-native-gradle-plugin:compileJava NO-SOURCE
physical-device-ui-proof	Build standalone proof APK	2026-09-07T20:52:54.4733398Z > Task :gradle-plugin:react-native-gradle-plugin:classes
physical-device-ui-proof	Build standalone proof APK	2026-09-07T20:52:54.4734457Z > Task :gradle-plugin:react-native-gradle-plugin:jar
physical-device-ui-proof	Build standalone proof APK	2026-09-07T20:52:56.2749656Z
physical-device-ui-proof	Build standalone proof APK	2026-09-07T20:52:56.2754378Z > Task :expo-module-gradle-plugin:compileKotlin
physical-device-ui-proof	Build standalone proof APK	2026-09-07T20:52:56.2756533Z w: file:///home/runner/work/USKOCI-CLEAN/USKOCI-CLEAN/node_modules/expo-modules-core/expo-module-gradle-plugin/src/main/kotlin/expo/modules/plugin/android/AndroidLibraryExtension.kt:9:24 'var targetSdk: Int?' is deprecated. Will be removed from library DSL in v9.0. Use testOptions.targetSdk or/and lint.targetSdk instead.
physical-device-ui-proof	Build standalone proof APK	2026-09-07T20:52:56.2757933Z
physical-device-ui-proof	Build standalone proof APK	2026-09-07T20:52:56.2758593Z > Task :expo-module-gradle-plugin:compileJava NO-SOURCE
physical-device-ui-proof	Build standalone proof APK	2026-09-07T20:52:56.2759748Z > Task :expo-module-gradle-plugin:classes
physical-device-ui-proof	Build standalone proof APK	2026-09-07T20:52:56.3718461Z > Task :expo-module-gradle-plugin:jar
physical-device-ui-proof	Build standalone proof APK	2026-09-07T20:53:07.4719466Z
physical-device-ui-proof	Build standalone proof APK	2026-09-07T20:53:07.4722939Z > Configure project :
physical-device-ui-proof	Build standalone proof APK	2026-09-07T20:53:07.4724502Z ^[[32m[ExpoRootProject]^[[0m Using the following versions:
physical-device-ui-proof	Build standalone proof APK	2026-09-07T20:53:07.4725512Z   - buildTools:  ^[[32m36.0.0^[[0m
physical-device-ui-proof	Build standalone proof APK	2026-09-07T20:53:07.4726278Z   - minSdk:      ^[[32m24^[[0m
physical-device-ui-proof	Build standalone proof APK	2026-09-07T20:53:07.4726989Z   - compileSdk:  ^[[32m36^[[0m
physical-device-ui-proof	Build standalone proof APK	2026-09-07T20:53:07.4727686Z   - targetSdk:   ^[[32m36^[[0m
physical-device-ui-proof	Build standalone proof APK	2026-09-07T20:53:07.4728417Z   - ndk:         ^[[32m27.1.12297006^[[0m
physical-device-ui-proof	Build standalone proof APK	2026-09-07T20:53:07.4729164Z   - kotlin:      ^[[32m2.1.20^[[0m
physical-device-ui-proof	Build standalone proof APK	2026-09-07T20:53:07.4729894Z   - ksp:         ^[[32m2.1.20-2.0.1^[[0m
physical-device-ui-proof	Build standalone proof APK	2026-09-07T20:53:25.6725221Z
physical-device-ui-proof	Build standalone proof APK	2026-09-07T20:53:25.6726209Z > Configure project :app
physical-device-ui-proof	Build standalone proof APK	2026-09-07T20:53:25.6727667Z  ℹ️  ^[[33mApplying gradle plugin^[[0m '^[[32mexpo-max-sdk-override-plugin^[[0m'
physical-device-ui-proof	Build standalone proof APK	2026-09-07T20:53:25.6731354Z   [expo-max-sdk-override-plugin] This plugin will find all permissions declared with `android:maxSdkVersion`. If there exists a declaration with the `android:maxSdkVersion` annotation and another one without, the plugin will remove the annotation from the final merged manifest. In order to see a log with the changes run a clean build of the app.
physical-device-ui-proof	Build standalone proof APK	2026-09-07T20:53:25.6735072Z Checking the license for package NDK (Side by side) 27.1.12297006 in /usr/local/lib/android/sdk/licenses
physical-device-ui-proof	Build standalone proof APK	2026-09-07T20:53:25.6736933Z License for package NDK (Side by side) 27.1.12297006 accepted.
physical-device-ui-proof	Build standalone proof APK	2026-09-07T20:53:25.6738096Z Preparing "Install NDK (Side by side) 27.1.12297006 v.27.1.12297006".
physical-device-ui-proof	Build standalone proof APK	2026-09-07T20:53:25.6739243Z "Install NDK (Side by side) 27.1.12297006 v.27.1.12297006" ready.
physical-device-ui-proof	Build standalone proof APK	2026-09-07T20:53:25.6740529Z Installing NDK (Side by side) 27.1.12297006 in /usr/local/lib/android/sdk/ndk/27.1.12297006
physical-device-ui-proof	Build standalone proof APK	2026-09-07T20:53:25.6741808Z "Install NDK (Side by side) 27.1.12297006 v.27.1.12297006" complete.
physical-device-ui-proof	Build standalone proof APK	2026-09-07T20:53:25.6743192Z "Install NDK (Side by side) 27.1.12297006 v.27.1.12297006" finished.
physical-device-ui-proof	Build standalone proof APK	2026-09-07T20:53:27.6722806Z
physical-device-ui-proof	Build standalone proof APK	2026-09-07T20:53:27.6763239Z > Configure project :expo
physical-device-ui-proof	Build standalone proof APK	2026-09-07T20:53:27.6763877Z
physical-device-ui-proof	Build standalone proof APK	2026-09-07T20:53:27.6764296Z Using expo modules
physical-device-ui-proof	Build standalone proof APK	2026-09-07T20:53:27.6765066Z   - ^[[32mexpo-log-box^[[0m (57.0.4)
physical-device-ui-proof	Build standalone proof APK	2026-09-07T20:53:27.6765758Z   - ^[[32mexpo-constants^[[0m (57.0.16)
physical-device-ui-proof	Build standalone proof APK	2026-09-07T20:53:38.7734684Z
physical-device-ui-proof	Build standalone proof APK	2026-09-07T20:53:38.7743472Z > Configure project :expo-modules-core
physical-device-ui-proof	Build standalone proof APK	2026-09-07T20:53:38.7753289Z Linking react-native-worklets native libs into expo-modules-core build tasks
physical-device-ui-proof	Build standalone proof APK	2026-09-07T20:53:38.7754463Z task ':react-native-worklets:mergeDebugNativeLibs'
physical-device-ui-proof	Build standalone proof APK	2026-09-07T20:53:38.7755414Z task ':react-native-worklets:mergeReleaseNativeLibs'
physical-device-ui-proof	Build standalone proof APK	2026-09-07T20:53:38.7756021Z
physical-device-ui-proof	Build standalone proof APK	2026-09-07T20:53:38.7756332Z > Configure project :expo
physical-device-ui-proof	Build standalone proof APK	2026-09-07T20:53:38.7757181Z   - ^[[32mexpo-modules-core^[[0m (57.0.14)
physical-device-ui-proof	Build standalone proof APK	2026-09-07T20:53:38.7758024Z   - ^[[33m[📦]^[[0m ^[[32mexpo-dom-webview^[[0m (57.0.1)
physical-device-ui-proof	Build standalone proof APK	2026-09-07T20:53:38.7758803Z   - ^[[33m[📦]^[[0m ^[[32mexpo-ui^[[0m (57.0.14)
physical-device-ui-proof	Build standalone proof APK	2026-09-07T20:53:38.7759586Z   - ^[[33m[📦]^[[0m ^[[32mexpo-asset^[[0m (57.0.15)
physical-device-ui-proof	Build standalone proof APK	2026-09-07T20:53:38.7760370Z   - ^[[33m[📦]^[[0m ^[[32mexpo-device^[[0m (57.0.1)
physical-device-ui-proof	Build standalone proof APK	2026-09-07T20:53:38.7761186Z   - ^[[33m[📦]^[[0m ^[[32mexpo-file-system^[[0m (57.0.6)
physical-device-ui-proof	Build standalone proof APK	2026-09-07T20:53:38.7762916Z   - ^[[33m[📦]^[[0m ^[[32mexpo-font^[[0m (57.0.2)
physical-device-ui-proof	Build standalone proof APK	2026-09-07T20:53:38.7763679Z   - ^[[33m[📦]^[[0m ^[[32mexpo-haptics^[[0m (57.0.2)
physical-device-ui-proof	Build standalone proof APK	2026-09-07T20:53:38.7764450Z   - ^[[33m[📦]^[[0m ^[[32mexpo-image^[[0m (57.0.3)
physical-device-ui-proof	Build standalone proof APK	2026-09-07T20:53:38.7765287Z   - ^[[33m[📦]^[[0m ^[[32mexpo-keep-awake^[[0m (57.0.1)
physical-device-ui-proof	Build standalone proof APK	2026-09-07T20:53:38.7766092Z   - ^[[33m[📦]^[[0m ^[[32mexpo-linking^[[0m (57.0.8)
physical-device-ui-proof	Build standalone proof APK	2026-09-07T20:53:38.7766864Z   - ^[[33m[📦]^[[0m ^[[32mexpo-router^[[0m (57.0.17)
physical-device-ui-proof	Build standalone proof APK	2026-09-07T20:53:38.7767694Z   - ^[[33m[📦]^[[0m ^[[32mexpo-splash-screen^[[0m (57.0.8)
physical-device-ui-proof	Build standalone proof APK	2026-09-07T20:53:38.7768544Z   - ^[[33m[📦]^[[0m ^[[32mexpo-status-bar^[[0m (57.0.1)
physical-device-ui-proof	Build standalone proof APK	2026-09-07T20:53:38.7769370Z   - ^[[33m[📦]^[[0m ^[[32mexpo-system-ui^[[0m (57.0.3)
physical-device-ui-proof	Build standalone proof APK	2026-09-07T20:53:38.7770194Z   - ^[[33m[📦]^[[0m ^[[32mexpo-web-browser^[[0m (57.0.2)
physical-device-ui-proof	Build standalone proof APK	2026-09-07T20:53:38.7770674Z
physical-device-ui-proof	Build standalone proof APK	2026-09-07T20:55:21.3793326Z
physical-device-ui-proof	Build standalone proof APK	2026-09-07T20:55:21.3823387Z > Task :expo:generatePackagesList
physical-device-ui-proof	Build standalone proof APK	2026-09-07T20:55:21.3824455Z > Task :expo:preBuild
physical-device-ui-proof	Build standalone proof APK	2026-09-07T20:55:21.3825400Z > Task :app:generateAutolinkingNewArchitectureFiles
physical-device-ui-proof	Build standalone proof APK	2026-09-07T20:55:21.3826847Z > Task :app:generateAutolinkingPackageList
physical-device-ui-proof	Build standalone proof APK	2026-09-07T20:55:21.3827903Z > Task :app:generateCodegenSchemaFromJavaScript SKIPPED
physical-device-ui-proof	Build standalone proof APK	2026-09-07T20:55:21.3829020Z > Task :app:generateCodegenArtifactsFromSchema SKIPPED
physical-device-ui-proof	Build standalone proof APK	2026-09-07T20:55:21.3830278Z > Task :app:generateReactNativeEntryPoint
physical-device-ui-proof	Build standalone proof APK	2026-09-07T20:55:21.3831247Z > Task :expo-log-box:preBuild UP-TO-DATE
physical-device-ui-proof	Build standalone proof APK	2026-09-07T20:55:21.3832869Z > Task :expo-modules-core:preBuild UP-TO-DATE
physical-device-ui-proof	Build standalone proof APK	2026-09-07T20:55:21.5723918Z > Task :react-native-async-storage_async-storage:generateCodegenSchemaFromJavaScript
physical-device-ui-proof	Build standalone proof APK	2026-09-07T20:55:21.6716763Z > Task :expo-constants:createExpoConfig
physical-device-ui-proof	Build standalone proof APK	2026-09-07T20:55:21.6733618Z > Task :expo-constants:preBuild
physical-device-ui-proof	Build standalone proof APK	2026-09-07T20:55:21.7717430Z > Task :react-native-async-storage_async-storage:generateCodegenArtifactsFromSchema
physical-device-ui-proof	Build standalone proof APK	2026-09-07T20:55:21.7720562Z > Task :react-native-async-storage_async-storage:preBuild
physical-device-ui-proof	Build standalone proof APK	2026-09-07T20:55:21.7721776Z > Task :react-native-masked-view_masked-view:preBuild UP-TO-DATE
physical-device-ui-proof	Build standalone proof APK	2026-09-07T20:55:21.7723244Z > Task :react-native-gesture-handler:generateCodegenSchemaFromJavaScript
physical-device-ui-proof	Build standalone proof APK	2026-09-07T20:55:21.8717020Z > Task :react-native-reanimated:assertMinimalReactNativeVersionTask
physical-device-ui-proof	Build standalone proof APK	2026-09-07T20:55:21.8718707Z > Task :react-native-reanimated:assertWorkletsVersionTask
physical-device-ui-proof	Build standalone proof APK	2026-09-07T20:55:21.9717486Z > Task :react-native-gesture-handler:generateCodegenArtifactsFromSchema
physical-device-ui-proof	Build standalone proof APK	2026-09-07T20:55:21.9720113Z > Task :react-native-gesture-handler:preBuild
physical-device-ui-proof	Build standalone proof APK	2026-09-07T20:55:22.0717387Z > Task :react-native-reanimated:generateCodegenSchemaFromJavaScript
physical-device-ui-proof	Build standalone proof APK	2026-09-07T20:55:22.1717719Z > Task :react-native-safe-area-context:generateCodegenSchemaFromJavaScript
physical-device-ui-proof	Build standalone proof APK	2026-09-07T20:55:22.2733378Z > Task :react-native-reanimated:generateCodegenArtifactsFromSchema
physical-device-ui-proof	Build standalone proof APK	2026-09-07T20:55:22.3718068Z > Task :react-native-reanimated:prepareReanimatedHeadersForPrefabs
physical-device-ui-proof	Build standalone proof APK	2026-09-07T20:55:22.3724941Z > Task :react-native-reanimated:preBuild
physical-device-ui-proof	Build standalone proof APK	2026-09-07T20:55:22.3726128Z > Task :react-native-safe-area-context:generateCodegenArtifactsFromSchema
physical-device-ui-proof	Build standalone proof APK	2026-09-07T20:55:22.3729233Z > Task :react-native-safe-area-context:preBuild
physical-device-ui-proof	Build standalone proof APK	2026-09-07T20:55:22.5724052Z > Task :react-native-screens:generateCodegenSchemaFromJavaScript
physical-device-ui-proof	Build standalone proof APK	2026-09-07T20:55:22.6717127Z > Task :react-native-svg:generateCodegenSchemaFromJavaScript
physical-device-ui-proof	Build standalone proof APK	2026-09-07T20:55:22.7716368Z > Task :react-native-screens:generateCodegenArtifactsFromSchema
physical-device-ui-proof	Build standalone proof APK	2026-09-07T20:55:22.7717532Z > Task :react-native-screens:preBuild
physical-device-ui-proof	Build standalone proof APK	2026-09-07T20:55:22.8717328Z > Task :react-native-svg:generateCodegenArtifactsFromSchema
physical-device-ui-proof	Build standalone proof APK	2026-09-07T20:55:22.8720169Z > Task :react-native-svg:preBuild
physical-device-ui-proof	Build standalone proof APK	2026-09-07T20:55:22.8721142Z > Task :react-native-reanimated:preReleaseBuild
physical-device-ui-proof	Build standalone proof APK	2026-09-07T20:55:22.8721968Z > Task :expo:preReleaseBuild
physical-device-ui-proof	Build standalone proof APK	2026-09-07T20:55:22.8723256Z > Task :react-native-worklets:assertMinimalReactNativeVersionTask
physical-device-ui-proof	Build standalone proof APK	2026-09-07T20:55:22.9737595Z > Task :expo:mergeReleaseJniLibFolders
physical-device-ui-proof	Build standalone proof APK	2026-09-07T20:55:22.9751504Z > Task :expo:mergeReleaseNativeLibs NO-SOURCE
physical-device-ui-proof	Build standalone proof APK	2026-09-07T20:55:22.9752581Z > Task :expo:copyReleaseJniLibsProjectOnly
physical-device-ui-proof	Build standalone proof APK	2026-09-07T20:55:22.9753750Z > Task :expo-constants:preReleaseBuild
physical-device-ui-proof	Build standalone proof APK	2026-09-07T20:55:22.9754445Z > Task :expo-constants:mergeReleaseJniLibFolders
physical-device-ui-proof	Build standalone proof APK	2026-09-07T20:55:22.9755228Z > Task :expo-constants:mergeReleaseNativeLibs NO-SOURCE
physical-device-ui-proof	Build standalone proof APK	2026-09-07T20:55:22.9756037Z > Task :expo-constants:copyReleaseJniLibsProjectOnly
physical-device-ui-proof	Build standalone proof APK	2026-09-07T20:55:22.9756782Z > Task :expo-log-box:preReleaseBuild UP-TO-DATE
physical-device-ui-proof	Build standalone proof APK	2026-09-07T20:55:22.9757500Z > Task :expo-log-box:mergeReleaseJniLibFolders
physical-device-ui-proof	Build standalone proof APK	2026-09-07T20:55:22.9758253Z > Task :expo-log-box:mergeReleaseNativeLibs NO-SOURCE
physical-device-ui-proof	Build standalone proof APK	2026-09-07T20:55:22.9759028Z > Task :expo-log-box:copyReleaseJniLibsProjectOnly
physical-device-ui-proof	Build standalone proof APK	2026-09-07T20:55:22.9759804Z > Task :expo-modules-core:preReleaseBuild UP-TO-DATE
physical-device-ui-proof	Build standalone proof APK	2026-09-07T20:55:22.9760561Z > Task :expo-modules-core:mergeReleaseJniLibFolders
physical-device-ui-proof	Build standalone proof APK	2026-09-07T20:55:22.9761430Z > Task :react-native-async-storage_async-storage:preReleaseBuild
physical-device-ui-proof	Build standalone proof APK	2026-09-07T20:55:22.9762710Z > Task :react-native-async-storage_async-storage:mergeReleaseJniLibFolders
physical-device-ui-proof	Build standalone proof APK	2026-09-07T20:55:22.9763892Z > Task :react-native-async-storage_async-storage:mergeReleaseNativeLibs NO-SOURCE
physical-device-ui-proof	Build standalone proof APK	2026-09-07T20:55:22.9765039Z > Task :react-native-async-storage_async-storage:copyReleaseJniLibsProjectOnly
physical-device-ui-proof	Build standalone proof APK	2026-09-07T20:55:22.9766136Z > Task :react-native-gesture-handler:preReleaseBuild
physical-device-ui-proof	Build standalone proof APK	2026-09-07T20:55:23.0734152Z > Task :react-native-gesture-handler:mergeReleaseJniLibFolders
physical-device-ui-proof	Build standalone proof APK	2026-09-07T20:55:23.0747679Z > Task :react-native-masked-view_masked-view:preReleaseBuild UP-TO-DATE
physical-device-ui-proof	Build standalone proof APK	2026-09-07T20:55:23.0749340Z > Task :react-native-masked-view_masked-view:mergeReleaseJniLibFolders
physical-device-ui-proof	Build standalone proof APK	2026-09-07T20:55:23.0750786Z > Task :react-native-masked-view_masked-view:mergeReleaseNativeLibs NO-SOURCE
physical-device-ui-proof	Build standalone proof APK	2026-09-07T20:55:23.0751990Z > Task :react-native-worklets:generateCodegenSchemaFromJavaScript
physical-device-ui-proof	Build standalone proof APK	2026-09-07T20:55:23.0753448Z > Task :react-native-masked-view_masked-view:copyReleaseJniLibsProjectOnly
physical-device-ui-proof	Build standalone proof APK	2026-09-07T20:55:23.0754522Z > Task :react-native-reanimated:mergeReleaseJniLibFolders
physical-device-ui-proof	Build standalone proof APK	2026-09-07T20:55:23.0755450Z > Task :react-native-safe-area-context:preReleaseBuild
physical-device-ui-proof	Build standalone proof APK	2026-09-07T20:55:23.0756452Z > Task :react-native-safe-area-context:mergeReleaseJniLibFolders
physical-device-ui-proof	Build standalone proof APK	2026-09-07T20:55:23.0757560Z > Task :react-native-safe-area-context:mergeReleaseNativeLibs NO-SOURCE
physical-device-ui-proof	Build standalone proof APK	2026-09-07T20:55:23.0759179Z > Task :react-native-safe-area-context:copyReleaseJniLibsProjectOnly
physical-device-ui-proof	Build standalone proof APK	2026-09-07T20:55:23.0760094Z > Task :react-native-screens:preReleaseBuild
physical-device-ui-proof	Build standalone proof APK	2026-09-07T20:55:23.2722811Z > Task :react-native-worklets:generateCodegenArtifactsFromSchema
physical-device-ui-proof	Build standalone proof APK	2026-09-07T20:55:23.2725829Z > Task :react-native-worklets:prepareWorkletsHeadersForPrefabs
physical-device-ui-proof	Build standalone proof APK	2026-09-07T20:55:23.2727233Z > Task :react-native-worklets:preBuild
physical-device-ui-proof	Build standalone proof APK	2026-09-07T20:55:23.2728029Z > Task :app:preBuild
physical-device-ui-proof	Build standalone proof APK	2026-09-07T20:55:23.2728451Z > Task :app:preReleaseBuild
physical-device-ui-proof	Build standalone proof APK	2026-09-07T20:55:23.2728899Z > Task :react-native-worklets:preReleaseBuild
physical-device-ui-proof	Build standalone proof APK	2026-09-07T20:55:25.0721191Z
physical-device-ui-proof	Build standalone proof APK	2026-09-07T20:55:25.0722627Z > Task :react-native-screens:configureCMakeRelWithDebInfo[x86_64]
physical-device-ui-proof	Build standalone proof APK	2026-09-07T20:55:25.0723825Z Checking the license for package CMake 3.22.1 in /usr/local/lib/android/sdk/licenses
physical-device-ui-proof	Build standalone proof APK	2026-09-07T20:55:25.0724766Z License for package CMake 3.22.1 accepted.
physical-device-ui-proof	Build standalone proof APK	2026-09-07T20:55:25.0725426Z Preparing "Install CMake 3.22.1 v.3.22.1".
physical-device-ui-proof	Build standalone proof APK	2026-09-07T20:55:25.0726038Z "Install CMake 3.22.1 v.3.22.1" ready.
physical-device-ui-proof	Build standalone proof APK	2026-09-07T20:55:25.0726814Z Installing CMake 3.22.1 in /usr/local/lib/android/sdk/cmake/3.22.1
physical-device-ui-proof	Build standalone proof APK	2026-09-07T20:55:25.0727479Z "Install CMake 3.22.1 v.3.22.1" complete.
physical-device-ui-proof	Build standalone proof APK	2026-09-07T20:55:25.0728011Z "Install CMake 3.22.1 v.3.22.1" finished.
physical-device-ui-proof	Build standalone proof APK	2026-09-07T20:55:36.1782860Z
physical-device-ui-proof	Build standalone proof APK	2026-09-07T20:55:36.1995288Z > Task :react-native-worklets:configureCMakeRelWithDebInfo[x86_64]
physical-device-ui-proof	Build standalone proof APK	2026-09-07T20:55:36.1996663Z > Task :app:mergeReleaseJniLibFolders
physical-device-ui-proof	Build standalone proof APK	2026-09-07T20:55:52.1743781Z > Task :react-native-screens:buildCMakeRelWithDebInfo[x86_64]
physical-device-ui-proof	Build standalone proof APK	2026-09-07T20:55:52.1753343Z > Task :react-native-screens:mergeReleaseJniLibFolders
physical-device-ui-proof	Build standalone proof APK	2026-09-07T20:55:52.3773447Z > Task :react-native-screens:mergeReleaseNativeLibs
physical-device-ui-proof	Build standalone proof APK	2026-09-07T20:55:52.3833409Z > Task :react-native-screens:copyReleaseJniLibsProjectOnly
physical-device-ui-proof	Build standalone proof APK	2026-09-07T20:55:52.3863207Z > Task :react-native-svg:preReleaseBuild
physical-device-ui-proof	Build standalone proof APK	2026-09-07T20:55:52.3893010Z > Task :react-native-svg:mergeReleaseJniLibFolders
physical-device-ui-proof	Build standalone proof APK	2026-09-07T20:55:52.4013613Z > Task :react-native-svg:mergeReleaseNativeLibs NO-SOURCE
physical-device-ui-proof	Build standalone proof APK	2026-09-07T20:55:52.4036694Z > Task :react-native-svg:copyReleaseJniLibsProjectOnly
physical-device-ui-proof	Build standalone proof APK	2026-09-07T20:55:52.4065445Z > Task :react-native-async-storage_async-storage:checkKotlinGradlePluginConfigurationErrors SKIPPED
physical-device-ui-proof	Build standalone proof APK	2026-09-07T20:55:52.4716676Z > Task :react-native-async-storage_async-storage:generateReleaseBuildConfig
physical-device-ui-proof	Build standalone proof APK	2026-09-07T20:55:52.4743345Z > Task :react-native-async-storage_async-storage:generateReleaseResValues
physical-device-ui-proof	Build standalone proof APK	2026-09-07T20:55:52.4773380Z > Task :react-native-async-storage_async-storage:generateReleaseResources
physical-device-ui-proof	Build standalone proof APK	2026-09-07T20:55:52.5716921Z > Task :react-native-async-storage_async-storage:packageReleaseResources
physical-device-ui-proof	Build standalone proof APK	2026-09-07T20:55:54.7717104Z > Task :react-native-async-storage_async-storage:parseReleaseLocalResources
physical-device-ui-proof	Build standalone proof APK	2026-09-07T20:55:54.9733675Z > Task :react-native-async-storage_async-storage:generateReleaseRFile
physical-device-ui-proof	Build standalone proof APK	2026-09-07T20:56:01.9716776Z > Task :react-native-worklets:buildCMakeRelWithDebInfo[x86_64][worklets]
physical-device-ui-proof	Build standalone proof APK	2026-09-07T20:56:02.3719933Z > Task :react-native-worklets:externalNativeBuildRelease
physical-device-ui-proof	Build standalone proof APK	2026-09-07T20:56:02.3746436Z > Task :react-native-worklets:generateJsonModelRelease
physical-device-ui-proof	Build standalone proof APK	2026-09-07T20:56:02.3773134Z > Task :react-native-worklets:prefabReleaseConfigurePackage
physical-device-ui-proof	Build standalone proof APK	2026-09-07T20:56:03.7716758Z > Task :react-native-reanimated:configureCMakeRelWithDebInfo[x86_64]
physical-device-ui-proof	Build standalone proof APK	2026-09-07T20:56:03.7717929Z > Task :react-native-reanimated:generateJsonModelRelease
physical-device-ui-proof	Build standalone proof APK	2026-09-07T20:56:03.7718962Z > Task :react-native-reanimated:prefabReleaseConfigurePackage
physical-device-ui-proof	Build standalone proof APK	2026-09-07T20:56:06.0723442Z > Task :app:configureCMakeRelWithDebInfo[x86_64]
physical-device-ui-proof	Build standalone proof APK	2026-09-07T20:56:06.0741741Z > Task :react-native-worklets:prefabReleasePackage
physical-device-ui-proof	Build standalone proof APK	2026-09-07T20:56:16.2733536Z > Task :react-native-async-storage_async-storage:kspReleaseKotlin
physical-device-ui-proof	Build standalone proof APK	2026-09-07T20:56:16.2823388Z > Task :react-native-worklets:mergeReleaseJniLibFolders
physical-device-ui-proof	Build standalone proof APK	2026-09-07T20:56:16.3733729Z > Task :react-native-worklets:mergeReleaseNativeLibs
physical-device-ui-proof	Build standalone proof APK	2026-09-07T20:56:16.5755577Z > Task :react-native-worklets:copyReleaseJniLibsProjectOnly
physical-device-ui-proof	Build standalone proof APK	2026-09-07T20:56:24.4743454Z > Task :expo-modules-core:configureCMakeRelWithDebInfo[x86_64]
physical-device-ui-proof	Build standalone proof APK	2026-09-07T20:56:36.0823073Z > Task :react-native-reanimated:buildCMakeRelWithDebInfo[x86_64][reanimated]
physical-device-ui-proof	Build standalone proof APK	2026-09-07T20:56:54.4773588Z > Task :expo-modules-core:buildCMakeRelWithDebInfo[x86_64]
physical-device-ui-proof	Build standalone proof APK	2026-09-07T20:57:19.9744396Z C/C++: ninja: Entering directory `/home/runner/work/USKOCI-CLEAN/USKOCI-CLEAN/node_modules/expo-modules-core/android/.cxx/RelWithDebInfo/1541o3b5/x86_64'
physical-device-ui-proof	Build standalone proof APK	2026-09-07T20:57:19.9764407Z C/C++: /home/runner/work/USKOCI-CLEAN/USKOCI-CLEAN/node_modules/expo-modules-core/android/src/main/cpp/fabric/ExpoComponentDescriptorFactory.cpp:17:5: warning: 'RawPropsParser' is deprecated [-Wdeprecated-declarations]
physical-device-ui-proof	Build standalone proof APK	2026-09-07T20:57:19.9833478Z C/C++:    17 |     react::RawPropsParser(/*useRawPropsJsiValue=*/true)
physical-device-ui-proof	Build standalone proof APK	2026-09-07T20:57:19.9862946Z C/C++:       |     ^
physical-device-ui-proof	Build standalone proof APK	2026-09-07T20:57:19.9904096Z C/C++: /home/runner/work/USKOCI-CLEAN/USKOCI-CLEAN/node_modules/react-native/ReactCommon/react/renderer/core/RawPropsParser.h:31:5: note: 'RawPropsParser' has been explicitly marked deprecated here
physical-device-ui-proof	Build standalone proof APK	2026-09-07T20:57:19.9933222Z C/C++:    31 |   [[deprecated]] explicit RawPropsParser(bool /* ignored */) : RawPropsParser() {}
physical-device-ui-proof	Build standalone proof APK	2026-09-07T20:57:19.9982690Z C/C++:       |     ^
physical-device-ui-proof	Build standalone proof APK	2026-09-07T20:57:20.0022784Z C/C++: 1 warning generated.
physical-device-ui-proof	Build standalone proof APK	2026-09-07T20:57:21.2715992Z
physical-device-ui-proof	Build standalone proof APK	2026-09-07T20:57:21.2743338Z > Task :expo-modules-core:mergeReleaseNativeLibs
physical-device-ui-proof	Build standalone proof APK	2026-09-07T20:57:21.4823631Z > Task :expo-modules-core:copyReleaseJniLibsProjectOnly
physical-device-ui-proof	Build standalone proof APK	2026-09-07T20:57:23.2744100Z > Task :react-native-gesture-handler:configureCMakeRelWithDebInfo[x86_64]
physical-device-ui-proof	Build standalone proof APK	2026-09-07T20:57:38.3722988Z
physical-device-ui-proof	Build standalone proof APK	2026-09-07T20:57:38.3733655Z > Task :react-native-async-storage_async-storage:compileReleaseKotlin
physical-device-ui-proof	Build standalone proof APK	2026-09-07T20:57:38.3765055Z w: file:///home/runner/work/USKOCI-CLEAN/USKOCI-CLEAN/node_modules/@react-native-async-storage/async-storage/android/src/main/kotlin/org/asyncstorage/legacy_storage/LegacyStorageSupplier.kt:63:69 Java type mismatch: inferred type is 'String?', but 'String' was expected.
physical-device-ui-proof	Build standalone proof APK	2026-09-07T20:57:38.3805344Z w: file:///home/runner/work/USKOCI-CLEAN/USKOCI-CLEAN/node_modules/@react-native-async-storage/async-storage/android/src/main/kotlin/org/asyncstorage/legacy_storage/LegacyStorageSupplier.kt:91:26 The corresponding parameter in the supertype 'Migration' is named 'db'. This may cause problems when calling this function with named arguments.
physical-device-ui-proof	Build standalone proof APK	2026-09-07T20:57:38.3855222Z w: file:///home/runner/work/USKOCI-CLEAN/USKOCI-CLEAN/node_modules/@react-native-async-storage/async-storage/android/src/main/kotlin/org/asyncstorage/legacy_storage/LegacyStorageSupplier.kt:202:17 Unchecked cast of 'ArrayList<Any?>' to 'List<String>'.
physical-device-ui-proof	Build standalone proof APK	2026-09-07T20:57:38.4731297Z
physical-device-ui-proof	Build standalone proof APK	2026-09-07T20:57:38.4743453Z > Task :react-native-async-storage_async-storage:javaPreCompileRelease
physical-device-ui-proof	Build standalone proof APK	2026-09-07T20:57:47.3723863Z > Task :react-native-async-storage_async-storage:compileReleaseJavaWithJavac
physical-device-ui-proof	Build standalone proof APK	2026-09-07T20:57:47.3743176Z > Task :react-native-async-storage_async-storage:bundleLibRuntimeToDirRelease
physical-device-ui-proof	Build standalone proof APK	2026-09-07T20:57:50.4757943Z > Task :react-native-gesture-handler:checkKotlinGradlePluginConfigurationErrors SKIPPED
physical-device-ui-proof	Build standalone proof APK	2026-09-07T20:57:50.4833676Z > Task :react-native-gesture-handler:generateReleaseBuildConfig
physical-device-ui-proof	Build standalone proof APK	2026-09-07T20:57:50.4863667Z > Task :react-native-gesture-handler:generateReleaseResValues
physical-device-ui-proof	Build standalone proof APK	2026-09-07T20:57:50.4864746Z > Task :react-native-gesture-handler:generateReleaseResources
physical-device-ui-proof	Build standalone proof APK	2026-09-07T20:57:50.4865723Z > Task :react-native-gesture-handler:packageReleaseResources
physical-device-ui-proof	Build standalone proof APK	2026-09-07T20:57:50.5742515Z > Task :react-native-gesture-handler:parseReleaseLocalResources
physical-device-ui-proof	Build standalone proof APK	2026-09-07T20:57:50.5744017Z > Task :react-native-gesture-handler:generateReleaseRFile
physical-device-ui-proof	Build standalone proof APK	2026-09-07T20:57:50.5771524Z > Task :react-native-worklets:checkKotlinGradlePluginConfigurationErrors SKIPPED
physical-device-ui-proof	Build standalone proof APK	2026-09-07T20:57:50.5773188Z > Task :react-native-worklets:generateReleaseBuildConfig
physical-device-ui-proof	Build standalone proof APK	2026-09-07T20:57:50.5774268Z > Task :react-native-worklets:generateReleaseResValues
physical-device-ui-proof	Build standalone proof APK	2026-09-07T20:57:50.5775336Z > Task :react-native-worklets:generateReleaseResources
physical-device-ui-proof	Build standalone proof APK	2026-09-07T20:57:50.5776718Z > Task :react-native-worklets:packageReleaseResources
physical-device-ui-proof	Build standalone proof APK	2026-09-07T20:57:50.6756425Z > Task :react-native-worklets:parseReleaseLocalResources
physical-device-ui-proof	Build standalone proof APK	2026-09-07T20:57:50.6783449Z > Task :react-native-worklets:generateReleaseRFile
physical-device-ui-proof	Build standalone proof APK	2026-09-07T20:57:53.7723350Z > Task :react-native-worklets:compileReleaseKotlin
physical-device-ui-proof	Build standalone proof APK	2026-09-07T20:57:53.7783169Z > Task :react-native-worklets:javaPreCompileRelease
physical-device-ui-proof	Build standalone proof APK	2026-09-07T20:57:56.0717148Z > Task :react-native-worklets:compileReleaseJavaWithJavac
physical-device-ui-proof	Build standalone proof APK	2026-09-07T20:57:56.0733091Z > Task :react-native-worklets:bundleLibCompileToJarRelease
physical-device-ui-proof	Build standalone proof APK	2026-09-07T20:57:56.0790080Z > Task :react-native-svg:generateReleaseBuildConfig
physical-device-ui-proof	Build standalone proof APK	2026-09-07T20:57:56.0803065Z > Task :react-native-svg:generateReleaseResValues
physical-device-ui-proof	Build standalone proof APK	2026-09-07T20:57:56.0835640Z > Task :react-native-svg:generateReleaseResources
physical-device-ui-proof	Build standalone proof APK	2026-09-07T20:57:56.1723600Z > Task :react-native-svg:packageReleaseResources
physical-device-ui-proof	Build standalone proof APK	2026-09-07T20:57:56.1745496Z > Task :react-native-svg:parseReleaseLocalResources
physical-device-ui-proof	Build standalone proof APK	2026-09-07T20:57:56.1772966Z > Task :react-native-svg:generateReleaseRFile
physical-device-ui-proof	Build standalone proof APK	2026-09-07T20:57:56.1798937Z > Task :react-native-svg:javaPreCompileRelease
physical-device-ui-proof	Build standalone proof APK	2026-09-07T20:58:01.4716331Z
physical-device-ui-proof	Build standalone proof APK	2026-09-07T20:58:01.4718388Z Note: Some input files use or override a deprecated API.
physical-device-ui-proof	Build standalone proof APK	2026-09-07T20:58:01.4736282Z Note: Recompile with -Xlint:deprecation for details.
physical-device-ui-proof	Build standalone proof APK	2026-09-07T20:58:01.4737188Z > Task :react-native-svg:compileReleaseJavaWithJavac
physical-device-ui-proof	Build standalone proof APK	2026-09-07T20:58:01.4772975Z Note: Some input files use unchecked or unsafe operations.
physical-device-ui-proof	Build standalone proof APK	2026-09-07T20:58:01.4793014Z Note: Recompile with -Xlint:unchecked for details.
physical-device-ui-proof	Build standalone proof APK	2026-09-07T20:58:01.6742845Z
physical-device-ui-proof	Build standalone proof APK	2026-09-07T20:58:01.6753610Z > Task :react-native-svg:bundleLibCompileToJarRelease
physical-device-ui-proof	Build standalone proof APK	2026-09-07T20:58:01.6770522Z > Task :react-native-gesture-handler:javaPreCompileRelease
physical-device-ui-proof	Build standalone proof APK	2026-09-07T20:58:01.6783430Z > Task :react-native-safe-area-context:checkKotlinGradlePluginConfigurationErrors SKIPPED
physical-device-ui-proof	Build standalone proof APK	2026-09-07T20:58:01.6813121Z > Task :react-native-safe-area-context:generateReleaseBuildConfig
physical-device-ui-proof	Build standalone proof APK	2026-09-07T20:58:01.6843174Z > Task :react-native-safe-area-context:generateReleaseResValues
physical-device-ui-proof	Build standalone proof APK	2026-09-07T20:58:01.6853114Z > Task :react-native-safe-area-context:generateReleaseResources
physical-device-ui-proof	Build standalone proof APK	2026-09-07T20:58:01.6878695Z > Task :react-native-safe-area-context:packageReleaseResources
physical-device-ui-proof	Build standalone proof APK	2026-09-07T20:58:01.6913193Z > Task :react-native-safe-area-context:parseReleaseLocalResources
physical-device-ui-proof	Build standalone proof APK	2026-09-07T20:58:01.7749410Z > Task :react-native-safe-area-context:generateReleaseRFile
physical-device-ui-proof	Build standalone proof APK	2026-09-07T20:58:06.9742761Z
physical-device-ui-proof	Build standalone proof APK	2026-09-07T20:58:06.9793805Z > Task :react-native-safe-area-context:compileReleaseKotlin
physical-device-ui-proof	Build standalone proof APK	2026-09-07T20:58:06.9818079Z w: file:///home/runner/work/USKOCI-CLEAN/USKOCI-CLEAN/node_modules/react-native-safe-area-context/android/src/main/java/com/th3rdwave/safeareacontext/SafeAreaProviderManager.kt:39:19 'fun getEventDispatcherForReactTag(context: ReactContext, reactTag: Int): EventDispatcher?' is deprecated. reactTag is no longer needed.
physical-device-ui-proof	Build standalone proof APK	2026-09-07T20:58:06.9838444Z w: file:///home/runner/work/USKOCI-CLEAN/USKOCI-CLEAN/node_modules/react-native-safe-area-context/android/src/main/java/com/th3rdwave/safeareacontext/SafeAreaView.kt:9:8 'class UIManagerModule : ReactContextBaseJavaModule, LifecycleEventListener, UIManager' is deprecated. Deprecated in Java.
physical-device-ui-proof	Build standalone proof APK	2026-09-07T20:58:06.9847150Z w: file:///home/runner/work/USKOCI-CLEAN/USKOCI-CLEAN/node_modules/react-native-safe-area-context/android/src/main/java/com/th3rdwave/safeareacontext/SafeAreaView.kt:50:54 'class UIManagerModule : ReactContextBaseJavaModule, LifecycleEventListener, UIManager' is deprecated. Deprecated in Java.
physical-device-ui-proof	Build standalone proof APK	2026-09-07T20:58:06.9865671Z w: file:///home/runner/work/USKOCI-CLEAN/USKOCI-CLEAN/node_modules/react-native-safe-area-context/android/src/main/java/com/th3rdwave/safeareacontext/SafeAreaView.kt:59:23 'val uiImplementation: UIImplementation!' is deprecated. Deprecated in Java.
physical-device-ui-proof	Build standalone proof APK	2026-09-07T20:58:06.9898716Z w: file:///home/runner/work/USKOCI-CLEAN/USKOCI-CLEAN/node_modules/react-native-safe-area-context/android/src/main/java/com/th3rdwave/safeareacontext/SafeAreaViewShadowNode.kt:9:32 'class LayoutShadowNode : ReactShadowNodeImpl' is deprecated. This class is part of Legacy Architecture and will be removed in a future release.
physical-device-ui-proof	Build standalone proof APK	2026-09-07T20:58:06.9907661Z w: file:///home/runner/work/USKOCI-CLEAN/USKOCI-CLEAN/node_modules/react-native-safe-area-context/android/src/main/java/com/th3rdwave/safeareacontext/SafeAreaViewShadowNode.kt:110:61 'class NativeViewHierarchyOptimizer : Any' is deprecated. This class is part of Legacy Architecture and will be removed in a future release.
physical-device-ui-proof	Build standalone proof APK	2026-09-07T20:58:06.9942525Z
physical-device-ui-proof	Build standalone proof APK	2026-09-07T20:58:06.9955633Z > Task :react-native-safe-area-context:javaPreCompileRelease
physical-device-ui-proof	Build standalone proof APK	2026-09-07T20:58:07.3751934Z > Task :react-native-safe-area-context:compileReleaseJavaWithJavac
physical-device-ui-proof	Build standalone proof APK	2026-09-07T20:58:07.3774104Z > Task :react-native-safe-area-context:bundleLibRuntimeToDirRelease
physical-device-ui-proof	Build standalone proof APK	2026-09-07T20:58:08.1733814Z > Task :react-native-screens:checkKotlinGradlePluginConfigurationErrors SKIPPED
physical-device-ui-proof	Build standalone proof APK	2026-09-07T20:58:08.2716923Z > Task :react-native-screens:generateReleaseBuildConfig
physical-device-ui-proof	Build standalone proof APK	2026-09-07T20:58:08.2718028Z > Task :react-native-screens:generateReleaseResValues
physical-device-ui-proof	Build standalone proof APK	2026-09-07T20:58:08.2740470Z > Task :react-native-screens:generateReleaseResources
physical-device-ui-proof	Build standalone proof APK	2026-09-07T20:58:08.3720554Z > Task :react-native-screens:packageReleaseResources
physical-device-ui-proof	Build standalone proof APK	2026-09-07T20:58:08.3722771Z > Task :react-native-screens:parseReleaseLocalResources
physical-device-ui-proof	Build standalone proof APK	2026-09-07T20:58:08.3724640Z > Task :react-native-screens:generateReleaseRFile
physical-device-ui-proof	Build standalone proof APK	2026-09-07T20:58:09.2716456Z > Task :react-native-reanimated:externalNativeBuildRelease
physical-device-ui-proof	Build standalone proof APK	2026-09-07T20:58:09.3803609Z > Task :react-native-reanimated:prefabReleasePackage
physical-device-ui-proof	Build standalone proof APK	2026-09-07T20:58:38.3765595Z > Task :react-native-screens:compileReleaseKotlin
physical-device-ui-proof	Build standalone proof APK	2026-09-07T20:58:39.3753353Z > Task :app:buildCMakeRelWithDebInfo[x86_64]
physical-device-ui-proof	Build standalone proof APK	2026-09-07T20:59:06.7773231Z
physical-device-ui-proof	Build standalone proof APK	2026-09-07T20:59:06.7873364Z > Task :react-native-screens:compileReleaseKotlin
physical-device-ui-proof	Build standalone proof APK	2026-09-07T20:59:06.7905229Z w: file:///home/runner/work/USKOCI-CLEAN/USKOCI-CLEAN/node_modules/react-native-screens/android/src/main/java/com/swmansion/rnscreens/RNScreensPackage.kt:70:9 The corresponding parameter in the supertype 'BaseReactPackage' is named 'name'. This may cause problems when calling this function with named arguments.
physical-device-ui-proof	Build standalone proof APK	2026-09-07T20:59:06.7995345Z w: file:///home/runner/work/USKOCI-CLEAN/USKOCI-CLEAN/node_modules/react-native-screens/android/src/main/java/com/swmansion/rnscreens/RNScreensPackage.kt:71:9 The corresponding parameter in the supertype 'BaseReactPackage' is named 'reactContext'. This may cause problems when calling this function with named arguments.
physical-device-ui-proof	Build standalone proof APK	2026-09-07T20:59:06.8086960Z w: file:///home/runner/work/USKOCI-CLEAN/USKOCI-CLEAN/node_modules/react-native-screens/android/src/main/java/com/swmansion/rnscreens/RNScreensPackage.kt:83:17 'constructor(name: String, className: String, canOverrideExistingModule: Boolean, needsEagerInit: Boolean, hasConstants: Boolean, isCxxModule: Boolean, isTurboModule: Boolean): ReactModuleInfo' is deprecated. This constructor is deprecated and will be removed in the future. Use ReactModuleInfo(String, String, boolean, boolean, boolean, boolean)].
physical-device-ui-proof	Build standalone proof APK	2026-09-07T20:59:06.8144935Z w: file:///home/runner/work/USKOCI-CLEAN/USKOCI-CLEAN/node_modules/react-native-screens/android/src/main/java/com/swmansion/rnscreens/Screen.kt:54:77 Unchecked cast of '(CoordinatorLayout.Behavior<View!>?..CoordinatorLayout.Behavior<*>?)' to 'BottomSheetBehavior<Screen>'.
physical-device-ui-proof	Build standalone proof APK	2026-09-07T20:59:06.8174973Z w: file:///home/runner/work/USKOCI-CLEAN/USKOCI-CLEAN/node_modules/react-native-screens/android/src/main/java/com/swmansion/rnscreens/Screen.kt:59:33 'fun getEventDispatcherForReactTag(context: ReactContext, reactTag: Int): EventDispatcher?' is deprecated. reactTag is no longer needed.
physical-device-ui-proof	Build standalone proof APK	2026-09-07T20:59:06.8285279Z w: file:///home/runner/work/USKOCI-CLEAN/USKOCI-CLEAN/node_modules/react-native-screens/android/src/main/java/com/swmansion/rnscreens/Screen.kt:516:14 'fun getEventDispatcherForReactTag(context: ReactContext, reactTag: Int): EventDispatcher?' is deprecated. reactTag is no longer needed.
physical-device-ui-proof	Build standalone proof APK	2026-09-07T20:59:06.8345351Z w: file:///home/runner/work/USKOCI-CLEAN/USKOCI-CLEAN/node_modules/react-native-screens/android/src/main/java/com/swmansion/rnscreens/ScreenContainer.kt:250:18 'fun getEventDispatcherForReactTag(context: ReactContext, reactTag: Int): EventDispatcher?' is deprecated. reactTag is no longer needed.
physical-device-ui-proof	Build standalone proof APK	2026-09-07T20:59:06.8415537Z w: file:///home/runner/work/USKOCI-CLEAN/USKOCI-CLEAN/node_modules/react-native-screens/android/src/main/java/com/swmansion/rnscreens/ScreenContainer.kt:260:18 'fun getEventDispatcherForReactTag(context: ReactContext, reactTag: Int): EventDispatcher?' is deprecated. reactTag is no longer needed.
physical-device-ui-proof	Build standalone proof APK	2026-09-07T20:59:06.8485181Z w: file:///home/runner/work/USKOCI-CLEAN/USKOCI-CLEAN/node_modules/react-native-screens/android/src/main/java/com/swmansion/rnscreens/ScreenFragment.kt:225:37 'fun getEventDispatcherForReactTag(context: ReactContext, reactTag: Int): EventDispatcher?' is deprecated. reactTag is no longer needed.
physical-device-ui-proof	Build standalone proof APK	2026-09-07T20:59:06.8565772Z w: file:///home/runner/work/USKOCI-CLEAN/USKOCI-CLEAN/node_modules/react-native-screens/android/src/main/java/com/swmansion/rnscreens/ScreenFragment.kt:242:14 'fun getEventDispatcherForReactTag(context: ReactContext, reactTag: Int): EventDispatcher?' is deprecated. reactTag is no longer needed.
physical-device-ui-proof	Build standalone proof APK	2026-09-07T20:59:06.8625281Z w: file:///home/runner/work/USKOCI-CLEAN/USKOCI-CLEAN/node_modules/react-native-screens/android/src/main/java/com/swmansion/rnscreens/ScreenFragment.kt:258:22 'fun getEventDispatcherForReactTag(context: ReactContext, reactTag: Int): EventDispatcher?' is deprecated. reactTag is no longer needed.
physical-device-ui-proof	Build standalone proof APK	2026-09-07T20:59:06.8685370Z w: file:///home/runner/work/USKOCI-CLEAN/USKOCI-CLEAN/node_modules/react-native-screens/android/src/main/java/com/swmansion/rnscreens/ScreenFragment.kt:327:22 'fun getEventDispatcherForReactTag(context: ReactContext, reactTag: Int): EventDispatcher?' is deprecated. reactTag is no longer needed.
physical-device-ui-proof	Build standalone proof APK	2026-09-07T20:59:06.8733649Z w: file:///home/runner/work/USKOCI-CLEAN/USKOCI-CLEAN/node_modules/react-native-screens/android/src/main/java/com/swmansion/rnscreens/ScreenModalFragment.kt:180:22 'fun getEventDispatcherForReactTag(context: ReactContext, reactTag: Int): EventDispatcher?' is deprecated. reactTag is no longer needed.
physical-device-ui-proof	Build standalone proof APK	2026-09-07T20:59:06.8825061Z w: file:///home/runner/work/USKOCI-CLEAN/USKOCI-CLEAN/node_modules/react-native-screens/android/src/main/java/com/swmansion/rnscreens/ScreenStack.kt:120:14 'fun getEventDispatcherForReactTag(context: ReactContext, reactTag: Int): EventDispatcher?' is deprecated. reactTag is no longer needed.
physical-device-ui-proof	Build standalone proof APK	2026-09-07T20:59:06.8915131Z w: file:///home/runner/work/USKOCI-CLEAN/USKOCI-CLEAN/node_modules/react-native-screens/android/src/main/java/com/swmansion/rnscreens/ScreenStackFragment.kt:173:18 'fun getEventDispatcherForReactTag(context: ReactContext, reactTag: Int): EventDispatcher?' is deprecated. reactTag is no longer needed.
physical-device-ui-proof	Build standalone proof APK	2026-09-07T20:59:06.8983370Z w: file:///home/runner/work/USKOCI-CLEAN/USKOCI-CLEAN/node_modules/react-native-screens/android/src/main/java/com/swmansion/rnscreens/ScreenStackFragment.kt:230:31 'var targetElevation: Float' is deprecated. Deprecated in Java.
physical-device-ui-proof	Build standalone proof APK	2026-09-07T20:59:06.9065106Z w: file:///home/runner/work/USKOCI-CLEAN/USKOCI-CLEAN/node_modules/react-native-screens/android/src/main/java/com/swmansion/rnscreens/ScreenStackFragment.kt:233:13 'fun setHasOptionsMenu(p0: Boolean): Unit' is deprecated. Deprecated in Java.
physical-device-ui-proof	Build standalone proof APK	2026-09-07T20:59:06.9145762Z w: file:///home/runner/work/USKOCI-CLEAN/USKOCI-CLEAN/node_modules/react-native-screens/android/src/main/java/com/swmansion/rnscreens/ScreenStackFragment.kt:443:18 This declaration overrides a deprecated member but is not marked as deprecated itself. Add the '@Deprecated' annotation or suppress the diagnostic.
physical-device-ui-proof	Build standalone proof APK	2026-09-07T20:59:06.9244934Z w: file:///home/runner/work/USKOCI-CLEAN/USKOCI-CLEAN/node_modules/react-native-screens/android/src/main/java/com/swmansion/rnscreens/ScreenStackFragment.kt:450:22 'fun onPrepareOptionsMenu(p0: Menu): Unit' is deprecated. Deprecated in Java.
physical-device-ui-proof	Build standalone proof APK	2026-09-07T20:59:06.9305487Z w: file:///home/runner/work/USKOCI-CLEAN/USKOCI-CLEAN/node_modules/react-native-screens/android/src/main/java/com/swmansion/rnscreens/ScreenStackFragment.kt:453:18 This declaration overrides a deprecated member but is not marked as deprecated itself. Add the '@Deprecated' annotation or suppress the diagnostic.
physical-device-ui-proof	Build standalone proof APK	2026-09-07T20:59:06.9414968Z w: file:///home/runner/work/USKOCI-CLEAN/USKOCI-CLEAN/node_modules/react-native-screens/android/src/main/java/com/swmansion/rnscreens/ScreenStackFragment.kt:458:22 'fun onCreateOptionsMenu(p0: Menu, p1: MenuInflater): Unit' is deprecated. Deprecated in Java.
physical-device-ui-proof	Build standalone proof APK	2026-09-07T20:59:06.9445142Z w: file:///home/runner/work/USKOCI-CLEAN/USKOCI-CLEAN/node_modules/react-native-screens/android/src/main/java/com/swmansion/rnscreens/ScreenStackHeaderConfig.kt:199:14 'fun getEventDispatcherForReactTag(context: ReactContext, reactTag: Int): EventDispatcher?' is deprecated. reactTag is no longer needed.
physical-device-ui-proof	Build standalone proof APK	2026-09-07T20:59:06.9505132Z w: file:///home/runner/work/USKOCI-CLEAN/USKOCI-CLEAN/node_modules/react-native-screens/android/src/main/java/com/swmansion/rnscreens/ScreenStackHeaderConfig.kt:209:14 'fun getEventDispatcherForReactTag(context: ReactContext, reactTag: Int): EventDispatcher?' is deprecated. reactTag is no longer needed.
physical-device-ui-proof	Build standalone proof APK	2026-09-07T20:59:06.9565359Z w: file:///home/runner/work/USKOCI-CLEAN/USKOCI-CLEAN/node_modules/react-native-screens/android/src/main/java/com/swmansion/rnscreens/ScreenWindowTraits.kt:48:42 'fun replaceSystemWindowInsets(p0: Int, p1: Int, p2: Int, p3: Int): @NonNull() WindowInsetsCompat' is deprecated. Deprecated in Java.
physical-device-ui-proof	Build standalone proof APK	2026-09-07T20:59:06.9666035Z w: file:///home/runner/work/USKOCI-CLEAN/USKOCI-CLEAN/node_modules/react-native-screens/android/src/main/java/com/swmansion/rnscreens/ScreenWindowTraits.kt:49:39 'val systemWindowInsetLeft: Int' is deprecated. Deprecated in Java.
physical-device-ui-proof	Build standalone proof APK	2026-09-07T20:59:06.9765001Z w: file:///home/runner/work/USKOCI-CLEAN/USKOCI-CLEAN/node_modules/react-native-screens/android/src/main/java/com/swmansion/rnscreens/ScreenWindowTraits.kt:51:39 'val systemWindowInsetRight: Int' is deprecated. Deprecated in Java.
physical-device-ui-proof	Build standalone proof APK	2026-09-07T20:59:06.9824783Z w: file:///home/runner/work/USKOCI-CLEAN/USKOCI-CLEAN/node_modules/react-native-screens/android/src/main/java/com/swmansion/rnscreens/ScreenWindowTraits.kt:52:39 'val systemWindowInsetBottom: Int' is deprecated. Deprecated in Java.
physical-device-ui-proof	Build standalone proof APK	2026-09-07T20:59:06.9885159Z w: file:///home/runner/work/USKOCI-CLEAN/USKOCI-CLEAN/node_modules/react-native-screens/android/src/main/java/com/swmansion/rnscreens/ScreensModule.kt:100:14 'fun getEventDispatcherForReactTag(context: ReactContext, reactTag: Int): EventDispatcher?' is deprecated. reactTag is no longer needed.
physical-device-ui-proof	Build standalone proof APK	2026-09-07T20:59:06.9945220Z w: file:///home/runner/work/USKOCI-CLEAN/USKOCI-CLEAN/node_modules/react-native-screens/android/src/main/java/com/swmansion/rnscreens/SearchBarView.kt:137:29 'fun getEventDispatcherForReactTag(context: ReactContext, reactTag: Int): EventDispatcher?' is deprecated. reactTag is no longer needed.
physical-device-ui-proof	Build standalone proof APK	2026-09-07T20:59:06.9975201Z w: file:///home/runner/work/USKOCI-CLEAN/USKOCI-CLEAN/node_modules/react-native-screens/android/src/main/java/com/swmansion/rnscreens/bottomsheet/BottomSheetDialogRootView.kt:7:8 'object ReactFeatureFlags : Any' is deprecated. Use com.facebook.react.internal.featureflags.ReactNativeFeatureFlags instead.
physical-device-ui-proof	Build standalone proof APK	2026-09-07T20:59:07.0035521Z w: file:///home/runner/work/USKOCI-CLEAN/USKOCI-CLEAN/node_modules/react-native-screens/android/src/main/java/com/swmansion/rnscreens/bottomsheet/BottomSheetDialogRootView.kt:25:13 'object ReactFeatureFlags : Any' is deprecated. Use com.facebook.react.internal.featureflags.ReactNativeFeatureFlags instead.
physical-device-ui-proof	Build standalone proof APK	2026-09-07T20:59:07.0096733Z w: file:///home/runner/work/USKOCI-CLEAN/USKOCI-CLEAN/node_modules/react-native-screens/android/src/main/java/com/swmansion/rnscreens/bottomsheet/BottomSheetDialogRootView.kt:32:9 The corresponding parameter in the supertype 'ReactViewGroup' is named 'left'. This may cause problems when calling this function with named arguments.
physical-device-ui-proof	Build standalone proof APK	2026-09-07T20:59:07.0135121Z w: file:///home/runner/work/USKOCI-CLEAN/USKOCI-CLEAN/node_modules/react-native-screens/android/src/main/java/com/swmansion/rnscreens/bottomsheet/BottomSheetDialogRootView.kt:33:9 The corresponding parameter in the supertype 'ReactViewGroup' is named 'top'. This may cause problems when calling this function with named arguments.
physical-device-ui-proof	Build standalone proof APK	2026-09-07T20:59:07.0199498Z w: file:///home/runner/work/USKOCI-CLEAN/USKOCI-CLEAN/node_modules/react-native-screens/android/src/main/java/com/swmansion/rnscreens/bottomsheet/BottomSheetDialogRootView.kt:34:9 The corresponding parameter in the supertype 'ReactViewGroup' is named 'right'. This may cause problems when calling this function with named arguments.
physical-device-ui-proof	Build standalone proof APK	2026-09-07T20:59:07.0235833Z w: file:///home/runner/work/USKOCI-CLEAN/USKOCI-CLEAN/node_modules/react-native-screens/android/src/main/java/com/swmansion/rnscreens/bottomsheet/BottomSheetDialogRootView.kt:35:9 The corresponding parameter in the supertype 'ReactViewGroup' is named 'bottom'. This may cause problems when calling this function with named arguments.
physical-device-ui-proof	Build standalone proof APK	2026-09-07T20:59:07.0275466Z w: file:///home/runner/work/USKOCI-CLEAN/USKOCI-CLEAN/node_modules/react-native-screens/android/src/main/java/com/swmansion/rnscreens/bottomsheet/BottomSheetDialogRootView.kt:71:9 The corresponding parameter in the supertype 'RootView' is named 'childView'. This may cause problems when calling this function with named arguments.
physical-device-ui-proof	Build standalone proof APK	2026-09-07T20:59:07.0335610Z w: file:///home/runner/work/USKOCI-CLEAN/USKOCI-CLEAN/node_modules/react-native-screens/android/src/main/java/com/swmansion/rnscreens/bottomsheet/BottomSheetDialogRootView.kt:72:9 The corresponding parameter in the supertype 'RootView' is named 'ev'. This may cause problems when calling this function with named arguments.
physical-device-ui-proof	Build standalone proof APK	2026-09-07T20:59:07.0395304Z w: file:///home/runner/work/USKOCI-CLEAN/USKOCI-CLEAN/node_modules/react-native-screens/android/src/main/java/com/swmansion/rnscreens/bottomsheet/BottomSheetDialogRootView.kt:79:46 The corresponding parameter in the supertype 'RootView' is named 'ev'. This may cause problems when calling this function with named arguments.
physical-device-ui-proof	Build standalone proof APK	2026-09-07T20:59:07.0425569Z w: file:///home/runner/work/USKOCI-CLEAN/USKOCI-CLEAN/node_modules/react-native-screens/android/src/main/java/com/swmansion/rnscreens/bottomsheet/BottomSheetDialogRootView.kt:83:9 The corresponding parameter in the supertype 'RootView' is named 'childView'. This may cause problems when calling this function with named arguments.
physical-device-ui-proof	Build standalone proof APK	2026-09-07T20:59:07.0485785Z w: file:///home/runner/work/USKOCI-CLEAN/USKOCI-CLEAN/node_modules/react-native-screens/android/src/main/java/com/swmansion/rnscreens/bottomsheet/BottomSheetDialogRootView.kt:84:9 The corresponding parameter in the supertype 'RootView' is named 'ev'. This may cause problems when calling this function with named arguments.
physical-device-ui-proof	Build standalone proof APK	2026-09-07T20:59:07.0533693Z w: file:///home/runner/work/USKOCI-CLEAN/USKOCI-CLEAN/node_modules/react-native-screens/android/src/main/java/com/swmansion/rnscreens/bottomsheet/BottomSheetDialogRootView.kt:95:34 The corresponding parameter in the supertype 'RootView' is named 't'. This may cause problems when calling this function with named arguments.
physical-device-ui-proof	Build standalone proof APK	2026-09-07T20:59:07.0815937Z w: file:///home/runner/work/USKOCI-CLEAN/USKOCI-CLEAN/node_modules/react-native-screens/android/src/main/java/com/swmansion/rnscreens/bottomsheet/DimmingView.kt:64:9 The corresponding parameter in the supertype 'ReactCompoundView' is named 'touchX'. This may cause problems when calling this function with named arguments.
physical-device-ui-proof	Build standalone proof APK	2026-09-07T20:59:07.0835974Z w: file:///home/runner/work/USKOCI-CLEAN/USKOCI-CLEAN/node_modules/react-native-screens/android/src/main/java/com/swmansion/rnscreens/bottomsheet/DimmingView.kt:65:9 The corresponding parameter in the supertype 'ReactCompoundView' is named 'touchY'. This may cause problems when calling this function with named arguments.
physical-device-ui-proof	Build standalone proof APK	2026-09-07T20:59:07.0856376Z w: file:///home/runner/work/USKOCI-CLEAN/USKOCI-CLEAN/node_modules/react-native-screens/android/src/main/java/com/swmansion/rnscreens/bottomsheet/DimmingView.kt:69:9 The corresponding parameter in the supertype 'ReactCompoundViewGroup' is named 'touchX'. This may cause problems when calling this function with named arguments.
physical-device-ui-proof	Build standalone proof APK	2026-09-07T20:59:07.0885656Z w: file:///home/runner/work/USKOCI-CLEAN/USKOCI-CLEAN/node_modules/react-native-screens/android/src/main/java/com/swmansion/rnscreens/bottomsheet/DimmingView.kt:70:9 The corresponding parameter in the supertype 'ReactCompoundViewGroup' is named 'touchY'. This may cause problems when calling this function with named arguments.
physical-device-ui-proof	Build standalone proof APK	2026-09-07T20:59:07.0915392Z w: file:///home/runner/work/USKOCI-CLEAN/USKOCI-CLEAN/node_modules/react-native-screens/android/src/main/java/com/swmansion/rnscreens/gamma/common/event/BaseEventEmitter.kt:12:38 'fun getEventDispatcherForReactTag(context: ReactContext, reactTag: Int): EventDispatcher?' is deprecated. reactTag is no longer needed.
physical-device-ui-proof	Build standalone proof APK	2026-09-07T20:59:07.0945585Z w: file:///home/runner/work/USKOCI-CLEAN/USKOCI-CLEAN/node_modules/react-native-screens/android/src/main/java/com/swmansion/rnscreens/gamma/modals/dimmingview/DimmingView.kt:64:9 The corresponding parameter in the supertype 'ReactCompoundView' is named 'touchX'. This may cause problems when calling this function with named arguments.
physical-device-ui-proof	Build standalone proof APK	2026-09-07T20:59:07.0975486Z w: file:///home/runner/work/USKOCI-CLEAN/USKOCI-CLEAN/node_modules/react-native-screens/android/src/main/java/com/swmansion/rnscreens/gamma/modals/dimmingview/DimmingView.kt:65:9 The corresponding parameter in the supertype 'ReactCompoundView' is named 'touchY'. This may cause problems when calling this function with named arguments.
physical-device-ui-proof	Build standalone proof APK	2026-09-07T20:59:07.1004944Z w: file:///home/runner/work/USKOCI-CLEAN/USKOCI-CLEAN/node_modules/react-native-screens/android/src/main/java/com/swmansion/rnscreens/gamma/modals/dimmingview/DimmingView.kt:69:9 The corresponding parameter in the supertype 'ReactCompoundViewGroup' is named 'touchX'. This may cause problems when calling this function with named arguments.
physical-device-ui-proof	Build standalone proof APK	2026-09-07T20:59:07.1025416Z w: file:///home/runner/work/USKOCI-CLEAN/USKOCI-CLEAN/node_modules/react-native-screens/android/src/main/java/com/swmansion/rnscreens/gamma/modals/dimmingview/DimmingView.kt:70:9 The corresponding parameter in the supertype 'ReactCompoundViewGroup' is named 'touchY'. This may cause problems when calling this function with named arguments.
physical-device-ui-proof	Build standalone proof APK	2026-09-07T20:59:07.1045407Z w: file:///home/runner/work/USKOCI-CLEAN/USKOCI-CLEAN/node_modules/react-native-screens/android/src/main/java/com/swmansion/rnscreens/gamma/modals/formsheet/FormSheetContentView.kt:11:8 'object ReactFeatureFlags : Any' is deprecated. Use com.facebook.react.internal.featureflags.ReactNativeFeatureFlags instead.
physical-device-ui-proof	Build standalone proof APK	2026-09-07T20:59:07.1075390Z w: file:///home/runner/work/USKOCI-CLEAN/USKOCI-CLEAN/node_modules/react-native-screens/android/src/main/java/com/swmansion/rnscreens/gamma/modals/formsheet/FormSheetContentView.kt:39:33 'fun getEventDispatcher(context: ReactContext, uiManagerType: Int): EventDispatcher?' is deprecated. UIManagerType is no longer needed.
physical-device-ui-proof	Build standalone proof APK	2026-09-07T20:59:07.1105223Z w: file:///home/runner/work/USKOCI-CLEAN/USKOCI-CLEAN/node_modules/react-native-screens/android/src/main/java/com/swmansion/rnscreens/gamma/modals/formsheet/FormSheetContentView.kt:44:13 'object ReactFeatureFlags : Any' is deprecated. Use com.facebook.react.internal.featureflags.ReactNativeFeatureFlags instead.
physical-device-ui-proof	Build standalone proof APK	2026-09-07T20:59:07.1135502Z w: file:///home/runner/work/USKOCI-CLEAN/USKOCI-CLEAN/node_modules/react-native-screens/android/src/main/java/com/swmansion/rnscreens/gamma/modals/formsheet/FormSheetHostViewManager.kt:38:9 The corresponding parameter in the supertype 'FormSheetHostViewManager' is named 'view'. This may cause problems when calling this function with named arguments.
physical-device-ui-proof	Build standalone proof APK	2026-09-07T20:59:07.1185667Z w: file:///home/runner/work/USKOCI-CLEAN/USKOCI-CLEAN/node_modules/react-native-screens/android/src/main/java/com/swmansion/rnscreens/gamma/tabs/host/TabsHostViewManager.kt:44:9 The corresponding parameter in the supertype 'TabsHostViewManager' is named 'view'. This may cause problems when calling this function with named arguments.
physical-device-ui-proof	Build standalone proof APK	2026-09-07T20:59:07.1214799Z w: file:///home/runner/work/USKOCI-CLEAN/USKOCI-CLEAN/node_modules/react-native-screens/android/src/main/java/com/swmansion/rnscreens/safearea/SafeAreaView.kt:143:45 'fun consumeDisplayCutout(): @NonNull() WindowInsetsCompat' is deprecated. Deprecated in Java.
physical-device-ui-proof	Build standalone proof APK	2026-09-07T20:59:14.4719508Z
physical-device-ui-proof	Build standalone proof APK	2026-09-07T20:59:14.4773568Z > Task :react-native-gesture-handler:buildCMakeRelWithDebInfo[x86_64]
physical-device-ui-proof	Build standalone proof APK	2026-09-07T20:59:14.4833230Z > Task :react-native-gesture-handler:mergeReleaseNativeLibs
physical-device-ui-proof	Build standalone proof APK	2026-09-07T20:59:14.4930311Z > Task :react-native-gesture-handler:copyReleaseJniLibsProjectOnly
physical-device-ui-proof	Build standalone proof APK	2026-09-07T20:59:14.7716898Z > Task :react-native-reanimated:mergeReleaseNativeLibs
physical-device-ui-proof	Build standalone proof APK	2026-09-07T20:59:14.9721091Z > Task :react-native-reanimated:copyReleaseJniLibsProjectOnly
physical-device-ui-proof	Build standalone proof APK	2026-09-07T20:59:14.9763893Z > Task :react-native-reanimated:checkKotlinGradlePluginConfigurationErrors SKIPPED
physical-device-ui-proof	Build standalone proof APK	2026-09-07T20:59:14.9823347Z > Task :react-native-reanimated:generateReleaseBuildConfig
physical-device-ui-proof	Build standalone proof APK	2026-09-07T20:59:14.9893922Z > Task :react-native-reanimated:generateReleaseResValues
physical-device-ui-proof	Build standalone proof APK	2026-09-07T20:59:14.9943318Z > Task :react-native-reanimated:generateReleaseResources
physical-device-ui-proof	Build standalone proof APK	2026-09-07T20:59:15.0756508Z > Task :react-native-reanimated:packageReleaseResources
physical-device-ui-proof	Build standalone proof APK	2026-09-07T20:59:15.0783372Z > Task :react-native-reanimated:parseReleaseLocalResources
physical-device-ui-proof	Build standalone proof APK	2026-09-07T20:59:15.0833249Z > Task :react-native-reanimated:generateReleaseRFile
physical-device-ui-proof	Build standalone proof APK	2026-09-07T20:59:21.4732854Z
physical-device-ui-proof	Build standalone proof APK	2026-09-07T20:59:21.4760851Z > Task :react-native-reanimated:compileReleaseKotlin
physical-device-ui-proof	Build standalone proof APK	2026-09-07T20:59:21.4774672Z w: file:///home/runner/work/USKOCI-CLEAN/USKOCI-CLEAN/node_modules/react-native-reanimated/android/src/main/java/com/swmansion/reanimated/NodesManager.kt:13:8 'class UIManagerModule : ReactContextBaseJavaModule, LifecycleEventListener, UIManager' is deprecated. Deprecated in Java.
physical-device-ui-proof	Build standalone proof APK	2026-09-07T20:59:21.4804364Z w: file:///home/runner/work/USKOCI-CLEAN/USKOCI-CLEAN/node_modules/react-native-reanimated/android/src/main/java/com/swmansion/reanimated/NodesManager.kt:58:95 'fun resolveCustomDirectEventName(eventName: String): String?' is deprecated.
physical-device-ui-proof	Build standalone proof APK	2026-09-07T20:59:21.4825853Z w: file:///home/runner/work/USKOCI-CLEAN/USKOCI-CLEAN/node_modules/react-native-reanimated/android/src/main/java/com/swmansion/reanimated/NodesManager.kt:234:29 'fun receiveEvent(surfaceId: Int, targetTag: Int, eventName: String, canCoalesceEvent: Boolean, customCoalesceKey: Int, params: WritableMap?, category: Int): Unit' is deprecated. Use the overload with eventTimestamp parameter instead.
physical-device-ui-proof	Build standalone proof APK	2026-09-07T20:59:21.4844484Z w: file:///home/runner/work/USKOCI-CLEAN/USKOCI-CLEAN/node_modules/react-native-reanimated/android/src/main/java/com/swmansion/reanimated/ReanimatedPackage.kt:5:8 'class ReactInstanceManager : Any' is deprecated. Deprecated in Java.
physical-device-ui-proof	Build standalone proof APK	2026-09-07T20:59:21.4867675Z w: file:///home/runner/work/USKOCI-CLEAN/USKOCI-CLEAN/node_modules/react-native-reanimated/android/src/main/java/com/swmansion/reanimated/ReanimatedPackage.kt:60:73 'class ReactInstanceManager : Any' is deprecated. Deprecated in Java.
physical-device-ui-proof	Build standalone proof APK	2026-09-07T20:59:21.4936739Z w: file:///home/runner/work/USKOCI-CLEAN/USKOCI-CLEAN/node_modules/react-native-reanimated/android/src/main/java/com/swmansion/reanimated/ReanimatedPackage.kt:61:63 'val reactNativeHost: ReactNativeHost' is deprecated. You should not use ReactNativeHost directly in the New Architecture. Use ReactHost instead.
physical-device-ui-proof	Build standalone proof APK	2026-09-07T20:59:21.4964460Z w: file:///home/runner/work/USKOCI-CLEAN/USKOCI-CLEAN/node_modules/react-native-reanimated/android/src/main/java/com/swmansion/reanimated/nativeProxy/EventHandler.kt:7:8 'class UIManagerModule : ReactContextBaseJavaModule, LifecycleEventListener, UIManager' is deprecated. Deprecated in Java.
physical-device-ui-proof	Build standalone proof APK	2026-09-07T20:59:21.5005781Z w: file:///home/runner/work/USKOCI-CLEAN/USKOCI-CLEAN/node_modules/react-native-reanimated/android/src/main/java/com/swmansion/reanimated/nativeProxy/EventHandler.kt:25:18 This declaration overrides a deprecated member but is not marked as deprecated itself. Add the '@Deprecated' annotation or suppress the diagnostic.
physical-device-ui-proof	Build standalone proof APK	2026-09-07T20:59:21.5015478Z w: file:///home/runner/work/USKOCI-CLEAN/USKOCI-CLEAN/node_modules/react-native-reanimated/android/src/main/java/com/swmansion/reanimated/nativeProxy/EventHandler.kt:38:18 This declaration overrides a deprecated member but is not marked as deprecated itself. Add the '@Deprecated' annotation or suppress the diagnostic.
physical-device-ui-proof	Build standalone proof APK	2026-09-07T20:59:21.5047325Z w: file:///home/runner/work/USKOCI-CLEAN/USKOCI-CLEAN/node_modules/react-native-reanimated/android/src/main/java/com/swmansion/reanimated/nativeProxy/EventHandler.kt:48:18 This declaration overrides a deprecated member but is not marked as deprecated itself. Add the '@Deprecated' annotation or suppress the diagnostic.
physical-device-ui-proof	Build standalone proof APK	2026-09-07T20:59:21.5075240Z w: file:///home/runner/work/USKOCI-CLEAN/USKOCI-CLEAN/node_modules/react-native-reanimated/android/src/main/java/com/swmansion/reanimated/nativeProxy/EventHandler.kt:57:18 This declaration overrides a deprecated member but is not marked as deprecated itself. Add the '@Deprecated' annotation or suppress the diagnostic.
physical-device-ui-proof	Build standalone proof APK	2026-09-07T20:59:21.5095280Z w: file:///home/runner/work/USKOCI-CLEAN/USKOCI-CLEAN/node_modules/react-native-reanimated/android/src/main/java/com/swmansion/reanimated/nativeProxy/NoopEventHandler.kt:8:18 This declaration overrides a deprecated member but is not marked as deprecated itself. Add the '@Deprecated' annotation or suppress the diagnostic.
physical-device-ui-proof	Build standalone proof APK	2026-09-07T20:59:21.5155292Z w: file:///home/runner/work/USKOCI-CLEAN/USKOCI-CLEAN/node_modules/react-native-reanimated/android/src/main/java/com/swmansion/reanimated/nativeProxy/NoopEventHandler.kt:20:18 This declaration overrides a deprecated member but is not marked as deprecated itself. Add the '@Deprecated' annotation or suppress the diagnostic.
physical-device-ui-proof	Build standalone proof APK	2026-09-07T20:59:21.5198229Z w: file:///home/runner/work/USKOCI-CLEAN/USKOCI-CLEAN/node_modules/react-native-reanimated/android/src/main/java/com/swmansion/reanimated/nativeProxy/NoopEventHandler.kt:29:18 This declaration overrides a deprecated member but is not marked as deprecated itself. Add the '@Deprecated' annotation or suppress the diagnostic.
physical-device-ui-proof	Build standalone proof APK	2026-09-07T20:59:21.5259063Z w: file:///home/runner/work/USKOCI-CLEAN/USKOCI-CLEAN/node_modules/react-native-reanimated/android/src/main/java/com/swmansion/reanimated/nativeProxy/NoopEventHandler.kt:37:18 This declaration overrides a deprecated member but is not marked as deprecated itself. Add the '@Deprecated' annotation or suppress the diagnostic.
physical-device-ui-proof	Build standalone proof APK	2026-09-07T20:59:21.5298558Z w: file:///home/runner/work/USKOCI-CLEAN/USKOCI-CLEAN/node_modules/react-native-reanimated/android/src/main/java/com/swmansion/reanimated/sensor/ReanimatedSensor.kt:28:26 'val defaultDisplay: Display!' is deprecated. Deprecated in Java.
physical-device-ui-proof	Build standalone proof APK	2026-09-07T20:59:21.5762678Z
physical-device-ui-proof	Build standalone proof APK	2026-09-07T20:59:21.5763657Z > Task :react-native-reanimated:javaPreCompileRelease
physical-device-ui-proof	Build standalone proof APK	2026-09-07T20:59:23.3717859Z > Task :react-native-reanimated:compileReleaseJavaWithJavac
physical-device-ui-proof	Build standalone proof APK	2026-09-07T20:59:23.3737001Z > Task :react-native-reanimated:bundleLibCompileToJarRelease
physical-device-ui-proof	Build standalone proof APK	2026-09-07T20:59:39.7722668Z
physical-device-ui-proof	Build standalone proof APK	2026-09-07T20:59:39.7753577Z > Task :react-native-gesture-handler:compileReleaseKotlin
physical-device-ui-proof	Build standalone proof APK	2026-09-07T20:59:39.7783494Z w: file:///home/runner/work/USKOCI-CLEAN/USKOCI-CLEAN/node_modules/react-native-gesture-handler/android/src/main/java/com/swmansion/gesturehandler/react/Extensions.kt:8:8 'class UIManagerModule : ReactContextBaseJavaModule, LifecycleEventListener, UIManager' is deprecated. Deprecated in Java.
physical-device-ui-proof	Build standalone proof APK	2026-09-07T20:59:39.7795017Z w: file:///home/runner/work/USKOCI-CLEAN/USKOCI-CLEAN/node_modules/react-native-gesture-handler/android/src/main/java/com/swmansion/gesturehandler/react/Extensions.kt:13:29 'class UIManagerModule : ReactContextBaseJavaModule, LifecycleEventListener, UIManager' is deprecated. Deprecated in Java.
physical-device-ui-proof	Build standalone proof APK	2026-09-07T20:59:39.7835050Z w: file:///home/runner/work/USKOCI-CLEAN/USKOCI-CLEAN/node_modules/react-native-gesture-handler/android/src/main/java/com/swmansion/gesturehandler/react/Extensions.kt:14:32 'class UIManagerModule : ReactContextBaseJavaModule, LifecycleEventListener, UIManager' is deprecated. Deprecated in Java.
physical-device-ui-proof	Build standalone proof APK	2026-09-07T20:59:41.1792619Z
physical-device-ui-proof	Build standalone proof APK	2026-09-07T20:59:41.1850437Z > Task :react-native-gesture-handler:compileReleaseJavaWithJavac
physical-device-ui-proof	Build standalone proof APK	2026-09-07T20:59:41.2733592Z > Task :react-native-gesture-handler:bundleLibRuntimeToDirRelease
physical-device-ui-proof	Build standalone proof APK	2026-09-07T20:59:48.1833557Z > Task :react-native-reanimated:bundleLibRuntimeToDirRelease
physical-device-ui-proof	Build standalone proof APK	2026-09-07T20:59:49.7753438Z > Task :react-native-screens:javaPreCompileRelease
physical-device-ui-proof	Build standalone proof APK	2026-09-07T20:59:53.3716024Z > Task :react-native-screens:compileReleaseJavaWithJavac
physical-device-ui-proof	Build standalone proof APK	2026-09-07T20:59:53.9734076Z > Task :react-native-screens:bundleLibRuntimeToDirRelease
physical-device-ui-proof	Build standalone proof APK	2026-09-07T21:00:05.5773885Z > Task :expo:checkKotlinGradlePluginConfigurationErrors SKIPPED
physical-device-ui-proof	Build standalone proof APK	2026-09-07T21:00:05.5843192Z > Task :expo:generateReleaseBuildConfig
physical-device-ui-proof	Build standalone proof APK	2026-09-07T21:00:05.5907554Z > Task :expo:generateReleaseResValues
physical-device-ui-proof	Build standalone proof APK	2026-09-07T21:00:05.5993269Z > Task :expo:generateReleaseResources
physical-device-ui-proof	Build standalone proof APK	2026-09-07T21:00:05.6022881Z > Task :expo:packageReleaseResources
physical-device-ui-proof	Build standalone proof APK	2026-09-07T21:00:05.6725462Z > Task :expo:parseReleaseLocalResources
physical-device-ui-proof	Build standalone proof APK	2026-09-07T21:00:05.6803035Z > Task :expo:generateReleaseRFile
physical-device-ui-proof	Build standalone proof APK	2026-09-07T21:00:05.6892550Z > Task :expo-constants:checkKotlinGradlePluginConfigurationErrors SKIPPED
physical-device-ui-proof	Build standalone proof APK	2026-09-07T21:00:05.6893723Z > Task :expo-constants:generateReleaseBuildConfig
physical-device-ui-proof	Build standalone proof APK	2026-09-07T21:00:05.6894593Z > Task :expo-constants:generateReleaseResValues
physical-device-ui-proof	Build standalone proof APK	2026-09-07T21:00:05.6895377Z > Task :expo-constants:generateReleaseResources
physical-device-ui-proof	Build standalone proof APK	2026-09-07T21:00:05.7743378Z > Task :expo-constants:packageReleaseResources
physical-device-ui-proof	Build standalone proof APK	2026-09-07T21:00:05.7824707Z > Task :expo-constants:parseReleaseLocalResources
physical-device-ui-proof	Build standalone proof APK	2026-09-07T21:00:05.7863031Z > Task :expo-constants:generateReleaseRFile
physical-device-ui-proof	Build standalone proof APK	2026-09-07T21:00:05.7886733Z > Task :expo-modules-core:checkKotlinGradlePluginConfigurationErrors SKIPPED
physical-device-ui-proof	Build standalone proof APK	2026-09-07T21:00:05.7893076Z > Task :expo-modules-core:generateReleaseBuildConfig
physical-device-ui-proof	Build standalone proof APK	2026-09-07T21:00:05.7943001Z > Task :expo-modules-core:generateReleaseResValues
physical-device-ui-proof	Build standalone proof APK	2026-09-07T21:00:05.7944127Z > Task :expo-modules-core:generateReleaseResources
physical-device-ui-proof	Build standalone proof APK	2026-09-07T21:00:05.8723465Z > Task :expo-modules-core:packageReleaseResources
physical-device-ui-proof	Build standalone proof APK	2026-09-07T21:00:05.8753171Z > Task :expo-modules-core:parseReleaseLocalResources
physical-device-ui-proof	Build standalone proof APK	2026-09-07T21:00:05.9743391Z > Task :expo-modules-core:generateReleaseRFile
physical-device-ui-proof	Build standalone proof APK	2026-09-07T21:00:35.8731427Z > Task :expo-modules-core:compileReleaseKotlin
physical-device-ui-proof	Build standalone proof APK	2026-09-07T21:01:08.2718970Z w: file:///home/runner/work/USKOCI-CLEAN/USKOCI-CLEAN/node_modules/expo-modules-core/android/src/main/java/expo/modules/apploader/AppLoaderProvider.kt:34:52 Unchecked cast of 'Class<*>!' to 'Class<out HeadlessAppLoader>'.
physical-device-ui-proof	Build standalone proof APK	2026-09-07T21:01:08.2734595Z w: file:///home/runner/work/USKOCI-CLEAN/USKOCI-CLEAN/node_modules/expo-modules-core/android/src/main/java/expo/modules/kotlin/AppContext.kt:14:8 'class UIManagerModule : ReactContextBaseJavaModule, LifecycleEventListener, UIManager' is deprecated. Deprecated in Java.
physical-device-ui-proof	Build standalone proof APK	2026-09-07T21:01:08.2764323Z w: file:///home/runner/work/USKOCI-CLEAN/USKOCI-CLEAN/node_modules/expo-modules-core/android/src/main/java/expo/modules/kotlin/AppContext.kt:22:8 'typealias ErrorManagerModule = JSLoggerModule' is deprecated. Use JSLoggerModule instead.
physical-device-ui-proof	Build standalone proof APK	2026-09-07T21:01:08.2774303Z w: file:///home/runner/work/USKOCI-CLEAN/USKOCI-CLEAN/node_modules/expo-modules-core/android/src/main/java/expo/modules/kotlin/AppContext.kt:61:13 'val hostingRuntimeContext: MainRuntime' is deprecated. Use AppContext.runtimeContext instead.
physical-device-ui-proof	Build standalone proof APK	2026-09-07T21:01:08.2803383Z w: file:///home/runner/work/USKOCI-CLEAN/USKOCI-CLEAN/node_modules/expo-modules-core/android/src/main/java/expo/modules/kotlin/AppContext.kt:271:21 'typealias ErrorManagerModule = JSLoggerModule' is deprecated. Use JSLoggerModule instead.
physical-device-ui-proof	Build standalone proof APK	2026-09-07T21:01:08.2824697Z w: file:///home/runner/work/USKOCI-CLEAN/USKOCI-CLEAN/node_modules/expo-modules-core/android/src/main/java/expo/modules/kotlin/AppContext.kt:380:21 'val DEFAULT: Int' is deprecated. UIManagerType.DEFAULT will be deleted in the next release of React Native. Use [LEGACY] instead.
physical-device-ui-proof	Build standalone proof APK	2026-09-07T21:01:08.2854696Z w: file:///home/runner/work/USKOCI-CLEAN/USKOCI-CLEAN/node_modules/expo-modules-core/android/src/main/java/expo/modules/kotlin/AppContext.kt:381:10 'class UIManagerModule : ReactContextBaseJavaModule, LifecycleEventListener, UIManager' is deprecated. Deprecated in Java.
physical-device-ui-proof	Build standalone proof APK	2026-09-07T21:01:08.2884810Z w: file:///home/runner/work/USKOCI-CLEAN/USKOCI-CLEAN/node_modules/expo-modules-core/android/src/main/java/expo/modules/kotlin/defaultmodules/NativeModulesProxyModule.kt:16:5 'fun Constants(legacyConstantsProvider: () -> Map<String, Any?>): Unit' is deprecated. Use `Constant` or `Property` instead.
physical-device-ui-proof	Build standalone proof APK	2026-09-07T21:01:08.2894912Z w: file:///home/runner/work/USKOCI-CLEAN/USKOCI-CLEAN/node_modules/expo-modules-core/android/src/main/java/expo/modules/kotlin/events/KModuleEventEmitterWrapper.kt:99:21 'fun getEventDispatcherForReactTag(context: ReactContext, reactTag: Int): EventDispatcher?' is deprecated. reactTag is no longer needed.
physical-device-ui-proof	Build standalone proof APK	2026-09-07T21:01:08.2925069Z w: file:///home/runner/work/USKOCI-CLEAN/USKOCI-CLEAN/node_modules/expo-modules-core/android/src/main/java/expo/modules/kotlin/events/KModuleEventEmitterWrapper.kt:108:21 'fun getEventDispatcherForReactTag(context: ReactContext, reactTag: Int): EventDispatcher?' is deprecated. reactTag is no longer needed.
physical-device-ui-proof	Build standalone proof APK	2026-09-07T21:01:08.2929346Z w: file:///home/runner/work/USKOCI-CLEAN/USKOCI-CLEAN/node_modules/expo-modules-core/android/src/main/java/expo/modules/kotlin/views/ViewDefinitionBuilder.kt:470:16 'val errorManager: JSLoggerModule?' is deprecated. Use AppContext.jsLogger instead.
physical-device-ui-proof	Build standalone proof APK	2026-09-07T21:01:08.2964887Z w: file:///home/runner/work/USKOCI-CLEAN/USKOCI-CLEAN/node_modules/expo-modules-core/android/src/main/java/expo/modules/kotlin/views/ViewDefinitionBuilder.kt:470:30 'fun reportExceptionToLogBox(codedException: CodedException): Unit' is deprecated. Use appContext.jsLogger.error(...) instead.
physical-device-ui-proof	Build standalone proof APK	2026-09-07T21:01:08.2974327Z w: file:///home/runner/work/USKOCI-CLEAN/USKOCI-CLEAN/node_modules/expo-modules-core/android/src/main/java/expo/modules/kotlin/views/ViewManagerDefinition.kt:41:16 'val errorManager: JSLoggerModule?' is deprecated. Use AppContext.jsLogger instead.
physical-device-ui-proof	Build standalone proof APK	2026-09-07T21:01:08.3005059Z w: file:///home/runner/work/USKOCI-CLEAN/USKOCI-CLEAN/node_modules/expo-modules-core/android/src/main/java/expo/modules/kotlin/views/ViewManagerDefinition.kt:41:30 'fun reportExceptionToLogBox(codedException: CodedException): Unit' is deprecated. Use appContext.jsLogger.error(...) instead.
physical-device-ui-proof	Build standalone proof APK	2026-09-07T21:01:08.4732627Z
physical-device-ui-proof	Build standalone proof APK	2026-09-07T21:01:08.4744764Z > Task :expo-modules-core:javaPreCompileRelease
physical-device-ui-proof	Build standalone proof APK	2026-09-07T21:01:10.4716229Z Note: Some input files use or override a deprecated API.
physical-device-ui-proof	Build standalone proof APK	2026-09-07T21:01:10.4716831Z
physical-device-ui-proof	Build standalone proof APK	2026-09-07T21:01:10.4717125Z Note: Recompile with -Xlint:deprecation for details.
physical-device-ui-proof	Build standalone proof APK	2026-09-07T21:01:10.4717603Z > Task :expo-modules-core:compileReleaseJavaWithJavac
physical-device-ui-proof	Build standalone proof APK	2026-09-07T21:01:11.7724579Z
physical-device-ui-proof	Build standalone proof APK	2026-09-07T21:01:11.7725498Z > Task :expo-modules-core:bundleLibCompileToJarRelease
physical-device-ui-proof	Build standalone proof APK	2026-09-07T21:01:12.8715283Z
physical-device-ui-proof	Build standalone proof APK	2026-09-07T21:01:12.8716092Z > Task :expo-constants:compileReleaseKotlin
physical-device-ui-proof	Build standalone proof APK	2026-09-07T21:01:12.8718255Z w: file:///home/runner/work/USKOCI-CLEAN/USKOCI-CLEAN/node_modules/expo-constants/android/src/main/java/expo/modules/constants/ConstantsModule.kt:13:5 'fun Constants(legacyConstantsProvider: () -> Map<String, Any?>): Unit' is deprecated. Use `Constant` or `Property` instead.
physical-device-ui-proof	Build standalone proof APK	2026-09-07T21:01:16.4732892Z
physical-device-ui-proof	Build standalone proof APK	2026-09-07T21:01:16.4756991Z > Task :expo-constants:javaPreCompileRelease
physical-device-ui-proof	Build standalone proof APK	2026-09-07T21:01:16.6733573Z > Task :expo-constants:compileReleaseJavaWithJavac
physical-device-ui-proof	Build standalone proof APK	2026-09-07T21:01:16.6743464Z > Task :expo-constants:bundleLibCompileToJarRelease
physical-device-ui-proof	Build standalone proof APK	2026-09-07T21:01:16.6813506Z > Task :expo-log-box:checkKotlinGradlePluginConfigurationErrors SKIPPED
physical-device-ui-proof	Build standalone proof APK	2026-09-07T21:01:16.6836071Z > Task :expo-log-box:generateReleaseBuildConfig
physical-device-ui-proof	Build standalone proof APK	2026-09-07T21:01:16.6857278Z > Task :expo-log-box:generateReleaseResValues
physical-device-ui-proof	Build standalone proof APK	2026-09-07T21:01:16.6923370Z > Task :expo-log-box:generateReleaseResources
physical-device-ui-proof	Build standalone proof APK	2026-09-07T21:01:16.6924487Z > Task :expo-log-box:packageReleaseResources
physical-device-ui-proof	Build standalone proof APK	2026-09-07T21:01:16.7716498Z > Task :expo-log-box:parseReleaseLocalResources
physical-device-ui-proof	Build standalone proof APK	2026-09-07T21:01:16.7743577Z > Task :expo-log-box:generateReleaseRFile
physical-device-ui-proof	Build standalone proof APK	2026-09-07T21:01:17.5724149Z > Task :app:mergeReleaseNativeLibs
physical-device-ui-proof	Build standalone proof APK	2026-09-07T21:01:18.4734420Z > Task :app:stripReleaseDebugSymbols
physical-device-ui-proof	Build standalone proof APK	2026-09-07T21:01:19.0716249Z > Task :app:extractReleaseNativeSymbolTables
physical-device-ui-proof	Build standalone proof APK	2026-09-07T21:01:19.1743302Z > Task :expo-log-box:compileReleaseKotlin
physical-device-ui-proof	Build standalone proof APK	2026-09-07T21:01:19.1753002Z > Task :expo-log-box:javaPreCompileRelease
physical-device-ui-proof	Build standalone proof APK	2026-09-07T21:01:19.5732597Z > Task :expo-log-box:compileReleaseJavaWithJavac
physical-device-ui-proof	Build standalone proof APK	2026-09-07T21:01:19.5763025Z > Task :expo-log-box:bundleLibCompileToJarRelease
physical-device-ui-proof	Build standalone proof APK	2026-09-07T21:01:20.7723402Z > Task :app:mergeReleaseNativeDebugMetadata
physical-device-ui-proof	Build standalone proof APK	2026-09-07T21:01:20.7776137Z > Task :expo:javaPreCompileRelease
physical-device-ui-proof	Build standalone proof APK	2026-09-07T21:01:21.3723865Z > Task :expo-modules-core:bundleLibRuntimeToDirRelease
physical-device-ui-proof	Build standalone proof APK	2026-09-07T21:01:23.7745930Z
physical-device-ui-proof	Build standalone proof APK	2026-09-07T21:01:23.7764982Z > Task :expo:compileReleaseKotlin
physical-device-ui-proof	Build standalone proof APK	2026-09-07T21:01:23.7767947Z w: file:///home/runner/work/USKOCI-CLEAN/USKOCI-CLEAN/node_modules/expo/android/src/main/java/expo/modules/ExpoModulesPackage.kt:34:16 This declaration overrides a deprecated member but is not marked as deprecated itself. Add the '@Deprecated' annotation or suppress the diagnostic.
physical-device-ui-proof	Build standalone proof APK	2026-09-07T21:01:23.7771939Z w: file:///home/runner/work/USKOCI-CLEAN/USKOCI-CLEAN/node_modules/expo/android/src/main/java/expo/modules/ReactActivityDelegateWrapper.kt:22:8 'class ReactInstanceManager : Any' is deprecated. Deprecated in Java.
physical-device-ui-proof	Build standalone proof APK	2026-09-07T21:01:23.7776186Z w: file:///home/runner/work/USKOCI-CLEAN/USKOCI-CLEAN/node_modules/expo/android/src/main/java/expo/modules/ReactActivityDelegateWrapper.kt:102:16 This declaration overrides a deprecated member but is not marked as deprecated itself. Add the '@Deprecated' annotation or suppress the diagnostic.
physical-device-ui-proof	Build standalone proof APK	2026-09-07T21:01:23.7780003Z w: file:///home/runner/work/USKOCI-CLEAN/USKOCI-CLEAN/node_modules/expo/android/src/main/java/expo/modules/ReactActivityDelegateWrapper.kt:102:43 'class ReactInstanceManager : Any' is deprecated. Deprecated in Java.
physical-device-ui-proof	Build standalone proof APK	2026-09-07T21:01:23.7791353Z w: file:///home/runner/work/USKOCI-CLEAN/USKOCI-CLEAN/node_modules/expo/android/src/main/java/expo/modules/ReactActivityDelegateWrapper.kt:103:21 'val reactInstanceManager: ReactInstanceManager' is deprecated. Deprecated in Java.
physical-device-ui-proof	Build standalone proof APK	2026-09-07T21:01:23.7795640Z w: file:///home/runner/work/USKOCI-CLEAN/USKOCI-CLEAN/node_modules/expo/android/src/main/java/expo/modules/fetch/ExpoFetchModule.kt:33:39 'constructor(reactContext: ReactContext): ForwardingCookieHandler' is deprecated. Use the default constructor.
physical-device-ui-proof	Build standalone proof APK	2026-09-07T21:01:23.7814759Z w: file:///home/runner/work/USKOCI-CLEAN/USKOCI-CLEAN/node_modules/expo/android/src/main/java/expo/modules/fetch/NativeResponse.kt:44:16 This declaration overrides a deprecated member but is not marked as deprecated itself. Add the '@Deprecated' annotation or suppress the diagnostic.
physical-device-ui-proof	Build standalone proof APK	2026-09-07T21:01:23.7818354Z w: file:///home/runner/work/USKOCI-CLEAN/USKOCI-CLEAN/node_modules/expo/android/src/main/java/expo/modules/fetch/NativeResponse.kt:46:11 'fun deallocate(): Unit' is deprecated. Use sharedObjectDidRelease() instead.
physical-device-ui-proof	Build standalone proof APK	2026-09-07T21:01:25.6718981Z
physical-device-ui-proof	Build standalone proof APK	2026-09-07T21:01:25.6743234Z > Task :expo:compileReleaseJavaWithJavac
physical-device-ui-proof	Build standalone proof APK	2026-09-07T21:01:25.7733524Z > Task :expo:bundleLibRuntimeToDirRelease
physical-device-ui-proof	Build standalone proof APK	2026-09-07T21:01:26.5723783Z > Task :react-native-worklets:bundleLibRuntimeToDirRelease
physical-device-ui-proof	Build standalone proof APK	2026-09-07T21:01:26.6725408Z > Task :react-native-masked-view_masked-view:generateReleaseBuildConfig
physical-device-ui-proof	Build standalone proof APK	2026-09-07T21:01:26.6783991Z > Task :react-native-masked-view_masked-view:generateReleaseResValues
physical-device-ui-proof	Build standalone proof APK	2026-09-07T21:01:26.6845613Z > Task :react-native-masked-view_masked-view:generateReleaseResources
physical-device-ui-proof	Build standalone proof APK	2026-09-07T21:01:26.6878340Z > Task :react-native-masked-view_masked-view:packageReleaseResources
physical-device-ui-proof	Build standalone proof APK	2026-09-07T21:01:26.6913232Z > Task :react-native-masked-view_masked-view:parseReleaseLocalResources
physical-device-ui-proof	Build standalone proof APK	2026-09-07T21:01:26.6956224Z > Task :react-native-masked-view_masked-view:generateReleaseRFile
physical-device-ui-proof	Build standalone proof APK	2026-09-07T21:01:26.7013548Z > Task :react-native-masked-view_masked-view:javaPreCompileRelease
physical-device-ui-proof	Build standalone proof APK	2026-09-07T21:01:27.0725156Z Note: /home/runner/work/USKOCI-CLEAN/USKOCI-CLEAN/node_modules/@react-native-masked-view/masked-view/android/src/main/java/org/reactnative/maskedview/RNCMaskedViewPackage.java uses or overrides a deprecated API.
physical-device-ui-proof	Build standalone proof APK	2026-09-07T21:01:27.0726910Z
physical-device-ui-proof	Build standalone proof APK	2026-09-07T21:01:27.0740338Z > Task :react-native-masked-view_masked-view:compileReleaseJavaWithJavac
physical-device-ui-proof	Build standalone proof APK	2026-09-07T21:01:27.0773212Z Note: Recompile with -Xlint:deprecation for details.
physical-device-ui-proof	Build standalone proof APK	2026-09-07T21:01:27.0773710Z
physical-device-ui-proof	Build standalone proof APK	2026-09-07T21:01:27.0803317Z > Task :react-native-masked-view_masked-view:bundleLibRuntimeToDirRelease
physical-device-ui-proof	Build standalone proof APK	2026-09-07T21:01:27.1743866Z > Task :react-native-svg:bundleLibRuntimeToDirRelease
physical-device-ui-proof	Build standalone proof APK	2026-09-07T21:01:29.4753508Z > Task :expo-log-box:bundleLibRuntimeToDirRelease
physical-device-ui-proof	Build standalone proof APK	2026-09-07T21:01:29.5721599Z > Task :expo-constants:bundleLibRuntimeToDirRelease
physical-device-ui-proof	Build standalone proof APK	2026-09-07T21:01:32.2716084Z > Task :expo:writeReleaseAarMetadata
physical-device-ui-proof	Build standalone proof APK	2026-09-07T21:01:32.2739944Z > Task :expo-constants:writeReleaseAarMetadata
physical-device-ui-proof	Build standalone proof APK	2026-09-07T21:01:32.2753487Z > Task :expo-log-box:writeReleaseAarMetadata
physical-device-ui-proof	Build standalone proof APK	2026-09-07T21:01:32.2763647Z > Task :app:checkReleaseDuplicateClasses
physical-device-ui-proof	Build standalone proof APK	2026-09-07T21:01:32.2764730Z > Task :expo-modules-core:writeReleaseAarMetadata
physical-device-ui-proof	Build standalone proof APK	2026-09-07T21:01:32.2790309Z > Task :react-native-async-storage_async-storage:writeReleaseAarMetadata
physical-device-ui-proof	Build standalone proof APK	2026-09-07T21:01:32.2796314Z > Task :react-native-gesture-handler:writeReleaseAarMetadata
physical-device-ui-proof	Build standalone proof APK	2026-09-07T21:01:32.2800399Z > Task :react-native-masked-view_masked-view:writeReleaseAarMetadata
physical-device-ui-proof	Build standalone proof APK	2026-09-07T21:01:32.2805319Z > Task :react-native-reanimated:writeReleaseAarMetadata
physical-device-ui-proof	Build standalone proof APK	2026-09-07T21:01:32.2808912Z > Task :react-native-safe-area-context:writeReleaseAarMetadata
physical-device-ui-proof	Build standalone proof APK	2026-09-07T21:01:32.2812832Z > Task :react-native-screens:writeReleaseAarMetadata
physical-device-ui-proof	Build standalone proof APK	2026-09-07T21:01:32.2813626Z > Task :react-native-svg:writeReleaseAarMetadata
physical-device-ui-proof	Build standalone proof APK	2026-09-07T21:01:32.2814308Z > Task :app:buildKotlinToolingMetadata
physical-device-ui-proof	Build standalone proof APK	2026-09-07T21:01:32.2815086Z > Task :app:checkKotlinGradlePluginConfigurationErrors SKIPPED
physical-device-ui-proof	Build standalone proof APK	2026-09-07T21:01:32.2815989Z > Task :react-native-worklets:writeReleaseAarMetadata
physical-device-ui-proof	Build standalone proof APK	2026-09-07T21:01:32.2816709Z > Task :expo:extractDeepLinksRelease
physical-device-ui-proof	Build standalone proof APK	2026-09-07T21:01:32.2817348Z > Task :app:generateReleaseBuildConfig
physical-device-ui-proof	Build standalone proof APK	2026-09-07T21:01:32.4723260Z > Task :expo:processReleaseManifest
physical-device-ui-proof	Build standalone proof APK	2026-09-07T21:01:32.4751253Z > Task :expo-constants:extractDeepLinksRelease
physical-device-ui-proof	Build standalone proof APK	2026-09-07T21:01:32.5722266Z > Task :expo-constants:processReleaseManifest
physical-device-ui-proof	Build standalone proof APK	2026-09-07T21:01:32.5723370Z > Task :app:checkReleaseAarMetadata
physical-device-ui-proof	Build standalone proof APK	2026-09-07T21:01:32.5724196Z > Task :expo-log-box:extractDeepLinksRelease
physical-device-ui-proof	Build standalone proof APK	2026-09-07T21:01:32.6744184Z > Task :expo-log-box:processReleaseManifest
physical-device-ui-proof	Build standalone proof APK	2026-09-07T21:01:32.6745027Z > Task :expo-modules-core:extractDeepLinksRelease
physical-device-ui-proof	Build standalone proof APK	2026-09-07T21:01:32.6745466Z
physical-device-ui-proof	Build standalone proof APK	2026-09-07T21:01:32.6745833Z > Task :expo-modules-core:processReleaseManifest
physical-device-ui-proof	Build standalone proof APK	2026-09-07T21:01:32.6747305Z /home/runner/work/USKOCI-CLEAN/USKOCI-CLEAN/node_modules/expo-modules-core/android/src/main/AndroidManifest.xml:8:9-11:45 Warning:
physical-device-ui-proof	Build standalone proof APK	2026-09-07T21:01:32.6749291Z 	meta-data#com.facebook.soloader.enabled@android:value was tagged at AndroidManifest.xml:8 to replace other declarations but no other declaration present
physical-device-ui-proof	Build standalone proof APK	2026-09-07T21:01:32.6750310Z
physical-device-ui-proof	Build standalone proof APK	2026-09-07T21:01:32.6750821Z > Task :react-native-async-storage_async-storage:extractDeepLinksRelease
physical-device-ui-proof	Build standalone proof APK	2026-09-07T21:01:32.6751978Z > Task :react-native-async-storage_async-storage:processReleaseManifest
physical-device-ui-proof	Build standalone proof APK	2026-09-07T21:01:32.6753720Z > Task :react-native-gesture-handler:extractDeepLinksRelease
physical-device-ui-proof	Build standalone proof APK	2026-09-07T21:01:32.6754683Z > Task :react-native-gesture-handler:processReleaseManifest
physical-device-ui-proof	Build standalone proof APK	2026-09-07T21:01:32.6755649Z > Task :react-native-masked-view_masked-view:extractDeepLinksRelease
physical-device-ui-proof	Build standalone proof APK	2026-09-07T21:01:32.6756672Z > Task :react-native-masked-view_masked-view:processReleaseManifest
physical-device-ui-proof	Build standalone proof APK	2026-09-07T21:01:32.6757558Z > Task :react-native-reanimated:extractDeepLinksRelease
physical-device-ui-proof	Build standalone proof APK	2026-09-07T21:01:32.7716401Z > Task :react-native-reanimated:processReleaseManifest
physical-device-ui-proof	Build standalone proof APK	2026-09-07T21:01:32.7717814Z > Task :react-native-safe-area-context:extractDeepLinksRelease
physical-device-ui-proof	Build standalone proof APK	2026-09-07T21:01:32.7718655Z
physical-device-ui-proof	Build standalone proof APK	2026-09-07T21:01:32.7719548Z > Task :react-native-safe-area-context:processReleaseManifest
physical-device-ui-proof	Build standalone proof APK	2026-09-07T21:01:32.7721523Z package="com.th3rdwave.safeareacontext" found in source AndroidManifest.xml: /home/runner/work/USKOCI-CLEAN/USKOCI-CLEAN/node_modules/react-native-safe-area-context/android/src/main/AndroidManifest.xml.
physical-device-ui-proof	Build standalone proof APK	2026-09-07T21:01:32.7723913Z Setting the namespace via the package attribute in the source AndroidManifest.xml is no longer supported, and the value is ignored.
physical-device-ui-proof	Build standalone proof APK	2026-09-07T21:01:32.7726474Z Recommendation: remove package="com.th3rdwave.safeareacontext" from the source AndroidManifest.xml: /home/runner/work/USKOCI-CLEAN/USKOCI-CLEAN/node_modules/react-native-safe-area-context/android/src/main/AndroidManifest.xml.
physical-device-ui-proof	Build standalone proof APK	2026-09-07T21:01:32.7727799Z
physical-device-ui-proof	Build standalone proof APK	2026-09-07T21:01:32.7728102Z > Task :react-native-screens:extractDeepLinksRelease
physical-device-ui-proof	Build standalone proof APK	2026-09-07T21:01:32.7728733Z > Task :react-native-screens:processReleaseManifest
physical-device-ui-proof	Build standalone proof APK	2026-09-07T21:01:32.7729343Z > Task :react-native-svg:extractDeepLinksRelease
physical-device-ui-proof	Build standalone proof APK	2026-09-07T21:01:32.7729922Z > Task :react-native-svg:processReleaseManifest
physical-device-ui-proof	Build standalone proof APK	2026-09-07T21:01:32.7730521Z > Task :react-native-worklets:extractDeepLinksRelease
physical-device-ui-proof	Build standalone proof APK	2026-09-07T21:01:32.7731136Z > Task :react-native-worklets:processReleaseManifest
physical-device-ui-proof	Build standalone proof APK	2026-09-07T21:01:33.3719655Z > Task :expo:compileReleaseLibraryResources
physical-device-ui-proof	Build standalone proof APK	2026-09-07T21:01:33.3720884Z > Task :expo-constants:compileReleaseLibraryResources
physical-device-ui-proof	Build standalone proof APK	2026-09-07T21:01:33.4716015Z > Task :expo-log-box:compileReleaseLibraryResources
physical-device-ui-proof	Build standalone proof APK	2026-09-07T21:01:33.4717214Z > Task :expo-modules-core:compileReleaseLibraryResources
physical-device-ui-proof	Build standalone proof APK	2026-09-07T21:01:33.4718599Z > Task :react-native-async-storage_async-storage:compileReleaseLibraryResources
physical-device-ui-proof	Build standalone proof APK	2026-09-07T21:01:33.4720052Z > Task :react-native-gesture-handler:compileReleaseLibraryResources
physical-device-ui-proof	Build standalone proof APK	2026-09-07T21:01:33.4721458Z > Task :react-native-masked-view_masked-view:compileReleaseLibraryResources
physical-device-ui-proof	Build standalone proof APK	2026-09-07T21:01:33.4722854Z > Task :react-native-reanimated:compileReleaseLibraryResources
physical-device-ui-proof	Build standalone proof APK	2026-09-07T21:01:33.4723670Z > Task :react-native-safe-area-context:compileReleaseLibraryResources
physical-device-ui-proof	Build standalone proof APK	2026-09-07T21:01:33.5716840Z > Task :react-native-screens:compileReleaseLibraryResources
physical-device-ui-proof	Build standalone proof APK	2026-09-07T21:01:33.6717808Z > Task :react-native-svg:compileReleaseLibraryResources
physical-device-ui-proof	Build standalone proof APK	2026-09-07T21:01:33.6720151Z > Task :react-native-worklets:compileReleaseLibraryResources
physical-device-ui-proof	Build standalone proof APK	2026-09-07T21:01:33.6721067Z > Task :expo:bundleLibCompileToJarRelease
physical-device-ui-proof	Build standalone proof APK	2026-09-07T21:01:33.6721989Z > Task :react-native-async-storage_async-storage:bundleLibCompileToJarRelease
physical-device-ui-proof	Build standalone proof APK	2026-09-07T21:01:33.6723462Z > Task :react-native-gesture-handler:bundleLibCompileToJarRelease
physical-device-ui-proof	Build standalone proof APK	2026-09-07T21:01:33.6724416Z > Task :react-native-masked-view_masked-view:bundleLibCompileToJarRelease
physical-device-ui-proof	Build standalone proof APK	2026-09-07T21:01:33.6725461Z > Task :react-native-safe-area-context:bundleLibCompileToJarRelease
physical-device-ui-proof	Build standalone proof APK	2026-09-07T21:01:33.7753675Z > Task :react-native-screens:bundleLibCompileToJarRelease
physical-device-ui-proof	Build standalone proof APK	2026-09-07T21:01:33.7844453Z > Task :expo:prepareReleaseArtProfile
physical-device-ui-proof	Build standalone proof APK	2026-09-07T21:01:33.7846763Z > Task :expo-constants:prepareReleaseArtProfile
physical-device-ui-proof	Build standalone proof APK	2026-09-07T21:01:33.7873548Z > Task :expo-log-box:prepareReleaseArtProfile
physical-device-ui-proof	Build standalone proof APK	2026-09-07T21:01:33.7903249Z > Task :expo-modules-core:prepareReleaseArtProfile
physical-device-ui-proof	Build standalone proof APK	2026-09-07T21:01:33.7933325Z > Task :react-native-async-storage_async-storage:prepareReleaseArtProfile
physical-device-ui-proof	Build standalone proof APK	2026-09-07T21:01:33.7934749Z > Task :react-native-gesture-handler:prepareReleaseArtProfile
physical-device-ui-proof	Build standalone proof APK	2026-09-07T21:01:33.7953580Z > Task :react-native-masked-view_masked-view:prepareReleaseArtProfile
physical-device-ui-proof	Build standalone proof APK	2026-09-07T21:01:33.7954830Z > Task :react-native-reanimated:prepareReleaseArtProfile
physical-device-ui-proof	Build standalone proof APK	2026-09-07T21:01:33.7955913Z > Task :react-native-safe-area-context:prepareReleaseArtProfile
physical-device-ui-proof	Build standalone proof APK	2026-09-07T21:01:33.7956950Z > Task :react-native-screens:prepareReleaseArtProfile
physical-device-ui-proof	Build standalone proof APK	2026-09-07T21:01:33.7957863Z > Task :react-native-svg:prepareReleaseArtProfile
physical-device-ui-proof	Build standalone proof APK	2026-09-07T21:01:33.7960721Z > Task :react-native-worklets:prepareReleaseArtProfile
physical-device-ui-proof	Build standalone proof APK	2026-09-07T21:01:33.7983434Z > Task :react-native-async-storage_async-storage:bundleLibRuntimeToJarRelease
physical-device-ui-proof	Build standalone proof APK	2026-09-07T21:01:34.0787705Z > Task :react-native-gesture-handler:bundleLibRuntimeToJarRelease
physical-device-ui-proof	Build standalone proof APK	2026-09-07T21:01:34.5716119Z
physical-device-ui-proof	Build standalone proof APK	2026-09-07T21:01:34.5743511Z > Task :app:createBundleReleaseJsAndAssets
physical-device-ui-proof	Build standalone proof APK	2026-09-07T21:01:34.5773462Z Using src/app as the root directory for Expo Router.
physical-device-ui-proof	Build standalone proof APK	2026-09-07T21:01:34.5802972Z React Compiler enabled
physical-device-ui-proof	Build standalone proof APK	2026-09-07T21:01:34.5822991Z Starting Metro Bundler
physical-device-ui-proof	Build standalone proof APK	2026-09-07T21:01:34.5832624Z
physical-device-ui-proof	Build standalone proof APK	2026-09-07T21:01:34.8716026Z
physical-device-ui-proof	Build standalone proof APK	2026-09-07T21:01:34.8748353Z > Task :react-native-reanimated:bundleLibRuntimeToJarRelease
physical-device-ui-proof	Build standalone proof APK	2026-09-07T21:01:35.1733778Z > Task :react-native-safe-area-context:bundleLibRuntimeToJarRelease
physical-device-ui-proof	Build standalone proof APK	2026-09-07T21:01:35.3763664Z > Task :react-native-screens:bundleLibRuntimeToJarRelease
physical-device-ui-proof	Build standalone proof APK	2026-09-07T21:01:39.5716330Z > Task :expo:bundleLibRuntimeToJarRelease
physical-device-ui-proof	Build standalone proof APK	2026-09-07T21:01:40.5743374Z > Task :expo-modules-core:bundleLibRuntimeToJarRelease
physical-device-ui-proof	Build standalone proof APK	2026-09-07T21:01:49.9724120Z > Task :react-native-worklets:bundleLibRuntimeToJarRelease
physical-device-ui-proof	Build standalone proof APK	2026-09-07T21:01:50.0733775Z > Task :react-native-masked-view_masked-view:bundleLibRuntimeToJarRelease
physical-device-ui-proof	Build standalone proof APK	2026-09-07T21:01:50.0764656Z > Task :react-native-svg:bundleLibRuntimeToJarRelease
physical-device-ui-proof	Build standalone proof APK	2026-09-07T21:01:51.9734719Z > Task :expo-log-box:bundleLibRuntimeToJarRelease
physical-device-ui-proof	Build standalone proof APK	2026-09-07T21:01:52.1716566Z > Task :expo-constants:bundleLibRuntimeToJarRelease
physical-device-ui-proof	Build standalone proof APK	2026-09-07T21:01:52.1739719Z > Task :expo:mergeReleaseShaders
physical-device-ui-proof	Build standalone proof APK	2026-09-07T21:01:52.2794217Z > Task :expo:compileReleaseShaders NO-SOURCE
physical-device-ui-proof	Build standalone proof APK	2026-09-07T21:01:52.2863628Z > Task :expo:generateReleaseAssets UP-TO-DATE
physical-device-ui-proof	Build standalone proof APK	2026-09-07T21:01:52.2915158Z > Task :expo:mergeReleaseAssets
physical-device-ui-proof	Build standalone proof APK	2026-09-07T21:01:52.2983173Z > Task :expo-constants:mergeReleaseShaders
physical-device-ui-proof	Build standalone proof APK	2026-09-07T21:01:52.3043582Z > Task :expo-constants:compileReleaseShaders NO-SOURCE
physical-device-ui-proof	Build standalone proof APK	2026-09-07T21:01:52.3073367Z > Task :expo-constants:generateReleaseAssets UP-TO-DATE
physical-device-ui-proof	Build standalone proof APK	2026-09-07T21:01:52.3148582Z > Task :expo-constants:mergeReleaseAssets
physical-device-ui-proof	Build standalone proof APK	2026-09-07T21:01:52.3182843Z > Task :expo-log-box:mergeReleaseShaders
physical-device-ui-proof	Build standalone proof APK	2026-09-07T21:01:52.3184255Z > Task :expo-log-box:compileReleaseShaders NO-SOURCE
physical-device-ui-proof	Build standalone proof APK	2026-09-07T21:01:52.3213061Z > Task :expo-log-box:generateReleaseAssets UP-TO-DATE
physical-device-ui-proof	Build standalone proof APK	2026-09-07T21:01:52.3242988Z > Task :expo-log-box:mergeReleaseAssets
physical-device-ui-proof	Build standalone proof APK	2026-09-07T21:01:52.3733461Z > Task :expo-modules-core:mergeReleaseShaders
physical-device-ui-proof	Build standalone proof APK	2026-09-07T21:01:52.3794924Z > Task :expo-modules-core:compileReleaseShaders NO-SOURCE
physical-device-ui-proof	Build standalone proof APK	2026-09-07T21:01:52.3865257Z > Task :expo-modules-core:generateReleaseAssets UP-TO-DATE
physical-device-ui-proof	Build standalone proof APK	2026-09-07T21:01:52.3913668Z > Task :expo-modules-core:mergeReleaseAssets
physical-device-ui-proof	Build standalone proof APK	2026-09-07T21:01:52.3963754Z > Task :react-native-async-storage_async-storage:mergeReleaseShaders
physical-device-ui-proof	Build standalone proof APK	2026-09-07T21:01:52.3978285Z > Task :react-native-async-storage_async-storage:compileReleaseShaders NO-SOURCE
physical-device-ui-proof	Build standalone proof APK	2026-09-07T21:01:52.3979766Z > Task :react-native-async-storage_async-storage:generateReleaseAssets UP-TO-DATE
physical-device-ui-proof	Build standalone proof APK	2026-09-07T21:01:52.3981492Z > Task :react-native-async-storage_async-storage:mergeReleaseAssets
physical-device-ui-proof	Build standalone proof APK	2026-09-07T21:01:52.3983055Z > Task :react-native-gesture-handler:mergeReleaseShaders
physical-device-ui-proof	Build standalone proof APK	2026-09-07T21:01:52.3984321Z > Task :react-native-gesture-handler:compileReleaseShaders NO-SOURCE
physical-device-ui-proof	Build standalone proof APK	2026-09-07T21:01:52.3985612Z > Task :react-native-gesture-handler:generateReleaseAssets UP-TO-DATE
physical-device-ui-proof	Build standalone proof APK	2026-09-07T21:01:52.3986766Z > Task :react-native-gesture-handler:mergeReleaseAssets
physical-device-ui-proof	Build standalone proof APK	2026-09-07T21:01:52.3987880Z > Task :react-native-masked-view_masked-view:mergeReleaseShaders
physical-device-ui-proof	Build standalone proof APK	2026-09-07T21:01:52.3989167Z > Task :react-native-masked-view_masked-view:compileReleaseShaders NO-SOURCE
physical-device-ui-proof	Build standalone proof APK	2026-09-07T21:01:52.4003065Z > Task :react-native-masked-view_masked-view:generateReleaseAssets UP-TO-DATE
physical-device-ui-proof	Build standalone proof APK	2026-09-07T21:01:52.4733529Z > Task :react-native-masked-view_masked-view:mergeReleaseAssets
physical-device-ui-proof	Build standalone proof APK	2026-09-07T21:01:52.4763245Z > Task :react-native-reanimated:mergeReleaseShaders
physical-device-ui-proof	Build standalone proof APK	2026-09-07T21:01:52.4773175Z > Task :react-native-reanimated:compileReleaseShaders NO-SOURCE
physical-device-ui-proof	Build standalone proof APK	2026-09-07T21:01:52.4803360Z > Task :react-native-reanimated:generateReleaseAssets UP-TO-DATE
physical-device-ui-proof	Build standalone proof APK	2026-09-07T21:01:52.4833057Z > Task :react-native-reanimated:mergeReleaseAssets
physical-device-ui-proof	Build standalone proof APK	2026-09-07T21:01:52.4863245Z > Task :react-native-safe-area-context:mergeReleaseShaders
physical-device-ui-proof	Build standalone proof APK	2026-09-07T21:01:52.4864502Z > Task :react-native-safe-area-context:compileReleaseShaders NO-SOURCE
physical-device-ui-proof	Build standalone proof APK	2026-09-07T21:01:52.4895119Z > Task :react-native-safe-area-context:generateReleaseAssets UP-TO-DATE
physical-device-ui-proof	Build standalone proof APK	2026-09-07T21:01:52.4923189Z > Task :react-native-safe-area-context:mergeReleaseAssets
physical-device-ui-proof	Build standalone proof APK	2026-09-07T21:01:52.4973450Z > Task :react-native-screens:mergeReleaseShaders
physical-device-ui-proof	Build standalone proof APK	2026-09-07T21:01:52.5003039Z > Task :react-native-screens:compileReleaseShaders NO-SOURCE
physical-device-ui-proof	Build standalone proof APK	2026-09-07T21:01:52.5033090Z > Task :react-native-screens:generateReleaseAssets UP-TO-DATE
physical-device-ui-proof	Build standalone proof APK	2026-09-07T21:01:52.5034197Z > Task :react-native-screens:mergeReleaseAssets
physical-device-ui-proof	Build standalone proof APK	2026-09-07T21:01:52.5763586Z > Task :react-native-svg:mergeReleaseShaders
physical-device-ui-proof	Build standalone proof APK	2026-09-07T21:01:52.5813531Z > Task :react-native-svg:compileReleaseShaders NO-SOURCE
physical-device-ui-proof	Build standalone proof APK	2026-09-07T21:01:52.5822941Z > Task :react-native-svg:generateReleaseAssets UP-TO-DATE
physical-device-ui-proof	Build standalone proof APK	2026-09-07T21:01:52.5853261Z > Task :react-native-svg:mergeReleaseAssets
physical-device-ui-proof	Build standalone proof APK	2026-09-07T21:01:52.5917482Z > Task :react-native-worklets:mergeReleaseShaders
physical-device-ui-proof	Build standalone proof APK	2026-09-07T21:01:52.5963477Z > Task :react-native-worklets:compileReleaseShaders NO-SOURCE
physical-device-ui-proof	Build standalone proof APK	2026-09-07T21:01:52.6031948Z > Task :react-native-worklets:generateReleaseAssets UP-TO-DATE
physical-device-ui-proof	Build standalone proof APK	2026-09-07T21:01:52.6073379Z > Task :react-native-worklets:mergeReleaseAssets
physical-device-ui-proof	Build standalone proof APK	2026-09-07T21:01:52.6726149Z > Task :expo:processReleaseJavaRes
physical-device-ui-proof	Build standalone proof APK	2026-09-07T21:01:52.6793360Z > Task :expo:createFullJarRelease
physical-device-ui-proof	Build standalone proof APK	2026-09-07T21:01:52.6822534Z > Task :expo:extractProguardFiles
physical-device-ui-proof	Build standalone proof APK	2026-09-07T21:01:52.6863030Z > Task :expo-constants:processReleaseJavaRes
physical-device-ui-proof	Build standalone proof APK	2026-09-07T21:01:52.6902975Z > Task :expo-constants:createFullJarRelease
physical-device-ui-proof	Build standalone proof APK	2026-09-07T21:01:52.6932891Z > Task :expo-constants:extractProguardFiles
physical-device-ui-proof	Build standalone proof APK	2026-09-07T21:01:52.7716412Z > Task :expo-modules-core:processReleaseJavaRes
physical-device-ui-proof	Build standalone proof APK	2026-09-07T21:01:52.8753195Z > Task :expo-modules-core:createFullJarRelease
physical-device-ui-proof	Build standalone proof APK	2026-09-07T21:01:52.8754223Z > Task :expo-modules-core:extractProguardFiles
physical-device-ui-proof	Build standalone proof APK	2026-09-07T21:01:52.8793039Z > Task :react-native-worklets:processReleaseJavaRes
physical-device-ui-proof	Build standalone proof APK	2026-09-07T21:01:52.8833033Z > Task :react-native-worklets:createFullJarRelease
physical-device-ui-proof	Build standalone proof APK	2026-09-07T21:01:52.8862977Z > Task :react-native-worklets:extractProguardFiles
physical-device-ui-proof	Build standalone proof APK	2026-09-07T21:02:00.7720554Z > Task :react-native-worklets:generateReleaseLintModel
physical-device-ui-proof	Build standalone proof APK	2026-09-07T21:02:00.8743650Z > Task :react-native-worklets:prepareLintJarForPublish
physical-device-ui-proof	Build standalone proof APK	2026-09-07T21:02:02.3736400Z > Task :expo-modules-core:generateReleaseLintModel
physical-device-ui-proof	Build standalone proof APK	2026-09-07T21:02:02.3759408Z > Task :expo-modules-core:prepareLintJarForPublish
physical-device-ui-proof	Build standalone proof APK	2026-09-07T21:02:02.4716728Z > Task :expo-constants:generateReleaseLintModel
physical-device-ui-proof	Build standalone proof APK	2026-09-07T21:02:02.4736298Z > Task :expo-constants:prepareLintJarForPublish
physical-device-ui-proof	Build standalone proof APK	2026-09-07T21:02:02.4737570Z > Task :expo-log-box:processReleaseJavaRes
physical-device-ui-proof	Build standalone proof APK	2026-09-07T21:02:02.4744154Z > Task :expo-log-box:createFullJarRelease
physical-device-ui-proof	Build standalone proof APK	2026-09-07T21:02:02.4745084Z > Task :expo-log-box:extractProguardFiles
physical-device-ui-proof	Build standalone proof APK	2026-09-07T21:02:03.0716454Z > Task :expo-log-box:generateReleaseLintModel
physical-device-ui-proof	Build standalone proof APK	2026-09-07T21:02:03.0735004Z > Task :expo-log-box:prepareLintJarForPublish
physical-device-ui-proof	Build standalone proof APK	2026-09-07T21:02:04.6716730Z > Task :expo:generateReleaseLintModel
physical-device-ui-proof	Build standalone proof APK	2026-09-07T21:02:04.6750769Z > Task :expo:prepareLintJarForPublish
physical-device-ui-proof	Build standalone proof APK	2026-09-07T21:02:04.6751783Z > Task :react-native-async-storage_async-storage:processReleaseJavaRes
physical-device-ui-proof	Build standalone proof APK	2026-09-07T21:02:04.6773881Z > Task :react-native-async-storage_async-storage:createFullJarRelease
physical-device-ui-proof	Build standalone proof APK	2026-09-07T21:02:04.6814642Z > Task :react-native-async-storage_async-storage:extractProguardFiles
physical-device-ui-proof	Build standalone proof APK	2026-09-07T21:02:04.9726757Z > Task :react-native-async-storage_async-storage:generateReleaseLintModel
physical-device-ui-proof	Build standalone proof APK	2026-09-07T21:02:04.9730908Z > Task :react-native-async-storage_async-storage:prepareLintJarForPublish
physical-device-ui-proof	Build standalone proof APK	2026-09-07T21:02:04.9744455Z > Task :react-native-gesture-handler:processReleaseJavaRes
physical-device-ui-proof	Build standalone proof APK	2026-09-07T21:02:04.9751454Z > Task :react-native-gesture-handler:createFullJarRelease
physical-device-ui-proof	Build standalone proof APK	2026-09-07T21:02:04.9784517Z > Task :react-native-gesture-handler:extractProguardFiles
physical-device-ui-proof	Build standalone proof APK	2026-09-07T21:02:04.9823184Z > Task :react-native-reanimated:processReleaseJavaRes
physical-device-ui-proof	Build standalone proof APK	2026-09-07T21:02:04.9824387Z > Task :react-native-reanimated:createFullJarRelease
physical-device-ui-proof	Build standalone proof APK	2026-09-07T21:02:05.0733596Z > Task :react-native-reanimated:extractProguardFiles
physical-device-ui-proof	Build standalone proof APK	2026-09-07T21:02:05.0763826Z > Task :react-native-reanimated:generateReleaseLintModel
physical-device-ui-proof	Build standalone proof APK	2026-09-07T21:02:05.0765885Z > Task :react-native-reanimated:prepareLintJarForPublish
physical-device-ui-proof	Build standalone proof APK	2026-09-07T21:02:05.0803164Z > Task :react-native-svg:processReleaseJavaRes NO-SOURCE
physical-device-ui-proof	Build standalone proof APK	2026-09-07T21:02:05.0817901Z > Task :react-native-svg:createFullJarRelease
physical-device-ui-proof	Build standalone proof APK	2026-09-07T21:02:05.1733616Z > Task :react-native-svg:extractProguardFiles
physical-device-ui-proof	Build standalone proof APK	2026-09-07T21:02:05.1783696Z > Task :react-native-svg:generateReleaseLintModel
physical-device-ui-proof	Build standalone proof APK	2026-09-07T21:02:05.1803945Z > Task :react-native-svg:prepareLintJarForPublish
physical-device-ui-proof	Build standalone proof APK	2026-09-07T21:02:05.2748580Z > Task :react-native-gesture-handler:generateReleaseLintModel
physical-device-ui-proof	Build standalone proof APK	2026-09-07T21:02:05.2764049Z > Task :react-native-gesture-handler:prepareLintJarForPublish
physical-device-ui-proof	Build standalone proof APK	2026-09-07T21:02:05.2796446Z > Task :react-native-masked-view_masked-view:processReleaseJavaRes NO-SOURCE
physical-device-ui-proof	Build standalone proof APK	2026-09-07T21:02:05.2804648Z > Task :react-native-masked-view_masked-view:createFullJarRelease
physical-device-ui-proof	Build standalone proof APK	2026-09-07T21:02:05.2813306Z > Task :react-native-masked-view_masked-view:extractProguardFiles
physical-device-ui-proof	Build standalone proof APK	2026-09-07T21:02:05.3716726Z > Task :react-native-masked-view_masked-view:generateReleaseLintModel
physical-device-ui-proof	Build standalone proof APK	2026-09-07T21:02:05.3737375Z > Task :react-native-masked-view_masked-view:prepareLintJarForPublish
physical-device-ui-proof	Build standalone proof APK	2026-09-07T21:02:05.3753471Z > Task :react-native-safe-area-context:processReleaseJavaRes
physical-device-ui-proof	Build standalone proof APK	2026-09-07T21:02:05.3775523Z > Task :react-native-safe-area-context:createFullJarRelease
physical-device-ui-proof	Build standalone proof APK	2026-09-07T21:02:05.3817083Z > Task :react-native-safe-area-context:extractProguardFiles
physical-device-ui-proof	Build standalone proof APK	2026-09-07T21:02:05.3828803Z > Task :react-native-safe-area-context:generateReleaseLintModel
physical-device-ui-proof	Build standalone proof APK	2026-09-07T21:02:05.3863141Z > Task :react-native-safe-area-context:prepareLintJarForPublish
physical-device-ui-proof	Build standalone proof APK	2026-09-07T21:02:05.3871517Z > Task :react-native-screens:processReleaseJavaRes
physical-device-ui-proof	Build standalone proof APK	2026-09-07T21:02:05.4743607Z > Task :react-native-screens:createFullJarRelease
physical-device-ui-proof	Build standalone proof APK	2026-09-07T21:02:05.4752981Z > Task :react-native-screens:extractProguardFiles
physical-device-ui-proof	Build standalone proof APK	2026-09-07T21:02:05.4773026Z > Task :react-native-screens:generateReleaseLintModel
physical-device-ui-proof	Build standalone proof APK	2026-09-07T21:02:05.4792433Z > Task :react-native-screens:prepareLintJarForPublish
physical-device-ui-proof	Build standalone proof APK	2026-09-07T21:02:05.5722480Z > Task :expo:generateReleaseLintVitalModel
physical-device-ui-proof	Build standalone proof APK	2026-09-07T21:02:05.6723660Z > Task :expo-constants:generateReleaseLintVitalModel
physical-device-ui-proof	Build standalone proof APK	2026-09-07T21:02:05.6744592Z > Task :expo-log-box:generateReleaseLintVitalModel
physical-device-ui-proof	Build standalone proof APK	2026-09-07T21:02:05.6745758Z > Task :expo-modules-core:generateReleaseLintVitalModel
physical-device-ui-proof	Build standalone proof APK	2026-09-07T21:02:05.7726095Z > Task :react-native-async-storage_async-storage:generateReleaseLintVitalModel
physical-device-ui-proof	Build standalone proof APK	2026-09-07T21:02:05.7773172Z > Task :react-native-gesture-handler:generateReleaseLintVitalModel
physical-device-ui-proof	Build standalone proof APK	2026-09-07T21:02:05.7801962Z > Task :react-native-masked-view_masked-view:generateReleaseLintVitalModel
physical-device-ui-proof	Build standalone proof APK	2026-09-07T21:02:05.8716058Z > Task :react-native-reanimated:generateReleaseLintVitalModel
physical-device-ui-proof	Build standalone proof APK	2026-09-07T21:02:05.8744403Z > Task :react-native-safe-area-context:generateReleaseLintVitalModel
physical-device-ui-proof	Build standalone proof APK	2026-09-07T21:02:05.9726269Z > Task :react-native-screens:generateReleaseLintVitalModel
physical-device-ui-proof	Build standalone proof APK	2026-09-07T21:02:05.9763644Z > Task :react-native-svg:generateReleaseLintVitalModel
physical-device-ui-proof	Build standalone proof APK	2026-09-07T21:02:05.9764635Z > Task :react-native-worklets:generateReleaseLintVitalModel
physical-device-ui-proof	Build standalone proof APK	2026-09-07T21:02:05.9765458Z > Task :expo:stripReleaseDebugSymbols NO-SOURCE
physical-device-ui-proof	Build standalone proof APK	2026-09-07T21:02:05.9766293Z > Task :expo:copyReleaseJniLibsProjectAndLocalJars
physical-device-ui-proof	Build standalone proof APK	2026-09-07T21:02:05.9767035Z > Task :expo:extractDeepLinksForAarRelease
physical-device-ui-proof	Build standalone proof APK	2026-09-07T21:02:12.6745941Z > Task :expo:extractReleaseAnnotations
physical-device-ui-proof	Build standalone proof APK	2026-09-07T21:02:12.6788952Z > Task :expo:mergeReleaseGeneratedProguardFiles
physical-device-ui-proof	Build standalone proof APK	2026-09-07T21:02:12.6817184Z > Task :expo:mergeReleaseConsumerProguardFiles
physical-device-ui-proof	Build standalone proof APK	2026-09-07T21:02:12.8729170Z > Task :expo:mergeReleaseJavaResource
physical-device-ui-proof	Build standalone proof APK	2026-09-07T21:02:12.8730903Z > Task :expo:syncReleaseLibJars
physical-device-ui-proof	Build standalone proof APK	2026-09-07T21:02:12.9723579Z > Task :expo:bundleReleaseAar
physical-device-ui-proof	Build standalone proof APK	2026-09-07T21:02:13.2716530Z > Task :expo:mapReleaseSourceSetPaths
physical-device-ui-proof	Build standalone proof APK	2026-09-07T21:02:18.2733982Z > Task :expo:mergeReleaseResources
physical-device-ui-proof	Build standalone proof APK	2026-09-07T21:02:20.8715672Z
physical-device-ui-proof	Build standalone proof APK	2026-09-07T21:02:20.8717320Z > Task :app:createBundleReleaseJsAndAssets
physical-device-ui-proof	Build standalone proof APK	2026-09-07T21:02:20.8718558Z Android Bundled 46522ms node_modules/expo-router/entry.js (4910 modules)
physical-device-ui-proof	Build standalone proof APK	2026-09-07T21:02:20.8720460Z Writing bundle output to: /home/runner/work/USKOCI-CLEAN/USKOCI-CLEAN/android/app/build/generated/assets/react/release/index.android.bundle
physical-device-ui-proof	Build standalone proof APK	2026-09-07T21:02:20.8723326Z Writing sourcemap output to: /home/runner/work/USKOCI-CLEAN/USKOCI-CLEAN/android/app/build/intermediates/sourcemaps/react/release/index.android.bundle.packager.map
physical-device-ui-proof	Build standalone proof APK	2026-09-07T21:02:21.0716014Z Copying 31 asset files
physical-device-ui-proof	Build standalone proof APK	2026-09-07T21:02:21.0717266Z Done writing bundle output
physical-device-ui-proof	Build standalone proof APK	2026-09-07T21:02:21.0718017Z Done writing sourcemap output
physical-device-ui-proof	Build standalone proof APK	2026-09-07T21:02:23.3732918Z
physical-device-ui-proof	Build standalone proof APK	2026-09-07T21:02:23.3734259Z > Task :expo:verifyReleaseResources
physical-device-ui-proof	Build standalone proof APK	2026-09-07T21:02:23.3735132Z > Task :expo:assembleRelease
physical-device-ui-proof	Build standalone proof APK	2026-09-07T21:02:23.3736051Z > Task :expo-constants:stripReleaseDebugSymbols NO-SOURCE
physical-device-ui-proof	Build standalone proof APK	2026-09-07T21:02:23.3737144Z > Task :expo-constants:copyReleaseJniLibsProjectAndLocalJars
physical-device-ui-proof	Build standalone proof APK	2026-09-07T21:02:23.3738200Z > Task :expo-constants:extractDeepLinksForAarRelease
physical-device-ui-proof	Build standalone proof APK	2026-09-07T21:02:23.3739150Z > Task :expo-constants:extractReleaseAnnotations
physical-device-ui-proof	Build standalone proof APK	2026-09-07T21:02:23.3740873Z > Task :expo-constants:mergeReleaseGeneratedProguardFiles
physical-device-ui-proof	Build standalone proof APK	2026-09-07T21:02:23.4722801Z > Task :expo-constants:mergeReleaseConsumerProguardFiles
physical-device-ui-proof	Build standalone proof APK	2026-09-07T21:02:23.4753027Z > Task :expo-constants:mergeReleaseJavaResource
physical-device-ui-proof	Build standalone proof APK	2026-09-07T21:02:23.4753860Z > Task :expo-constants:syncReleaseLibJars
physical-device-ui-proof	Build standalone proof APK	2026-09-07T21:02:23.4782970Z > Task :expo-constants:bundleReleaseAar
physical-device-ui-proof	Build standalone proof APK	2026-09-07T21:02:23.4792874Z > Task :expo-constants:mapReleaseSourceSetPaths
physical-device-ui-proof	Build standalone proof APK	2026-09-07T21:02:23.4813173Z > Task :expo-constants:mergeReleaseResources
physical-device-ui-proof	Build standalone proof APK	2026-09-07T21:02:23.5720296Z > Task :expo-constants:verifyReleaseResources
physical-device-ui-proof	Build standalone proof APK	2026-09-07T21:02:23.5721381Z > Task :expo-constants:assembleRelease
physical-device-ui-proof	Build standalone proof APK	2026-09-07T21:02:23.5722426Z > Task :expo-log-box:stripReleaseDebugSymbols NO-SOURCE
physical-device-ui-proof	Build standalone proof APK	2026-09-07T21:02:23.5723303Z > Task :expo-log-box:copyReleaseJniLibsProjectAndLocalJars
physical-device-ui-proof	Build standalone proof APK	2026-09-07T21:02:23.5723845Z > Task :expo-log-box:extractDeepLinksForAarRelease
physical-device-ui-proof	Build standalone proof APK	2026-09-07T21:02:23.5724278Z > Task :expo-log-box:extractReleaseAnnotations
physical-device-ui-proof	Build standalone proof APK	2026-09-07T21:02:23.5724722Z > Task :expo-log-box:mergeReleaseGeneratedProguardFiles
physical-device-ui-proof	Build standalone proof APK	2026-09-07T21:02:23.5725177Z > Task :expo-log-box:mergeReleaseConsumerProguardFiles
physical-device-ui-proof	Build standalone proof APK	2026-09-07T21:02:23.6716254Z > Task :expo-log-box:mergeReleaseJavaResource
physical-device-ui-proof	Build standalone proof APK	2026-09-07T21:02:23.6742992Z > Task :expo-log-box:syncReleaseLibJars
physical-device-ui-proof	Build standalone proof APK	2026-09-07T21:02:23.6766939Z > Task :expo-log-box:bundleReleaseAar
physical-device-ui-proof	Build standalone proof APK	2026-09-07T21:02:23.6801496Z > Task :expo-log-box:mapReleaseSourceSetPaths
physical-device-ui-proof	Build standalone proof APK	2026-09-07T21:02:24.7716381Z > Task :expo-log-box:mergeReleaseResources
physical-device-ui-proof	Build standalone proof APK	2026-09-07T21:02:27.0716215Z > Task :expo-log-box:verifyReleaseResources
physical-device-ui-proof	Build standalone proof APK	2026-09-07T21:02:27.0718109Z > Task :expo-log-box:assembleRelease
physical-device-ui-proof	Build standalone proof APK	2026-09-07T21:02:27.1716689Z > Task :expo-modules-core:stripReleaseDebugSymbols
physical-device-ui-proof	Build standalone proof APK	2026-09-07T21:02:27.1743547Z > Task :expo-modules-core:copyReleaseJniLibsProjectAndLocalJars
physical-device-ui-proof	Build standalone proof APK	2026-09-07T21:02:27.1772934Z > Task :expo-modules-core:extractDeepLinksForAarRelease
physical-device-ui-proof	Build standalone proof APK	2026-09-07T21:02:27.1774075Z > Task :expo-modules-core:extractReleaseAnnotations
physical-device-ui-proof	Build standalone proof APK	2026-09-07T21:02:27.1775185Z > Task :expo-modules-core:mergeReleaseGeneratedProguardFiles
physical-device-ui-proof	Build standalone proof APK	2026-09-07T21:02:27.1776342Z > Task :expo-modules-core:mergeReleaseConsumerProguardFiles
physical-device-ui-proof	Build standalone proof APK	2026-09-07T21:02:27.1777446Z > Task :expo-modules-core:mergeReleaseJavaResource
physical-device-ui-proof	Build standalone proof APK	2026-09-07T21:02:27.4716155Z > Task :expo-modules-core:syncReleaseLibJars
physical-device-ui-proof	Build standalone proof APK	2026-09-07T21:02:27.6750135Z > Task :expo-modules-core:bundleReleaseAar
physical-device-ui-proof	Build standalone proof APK	2026-09-07T21:02:27.7716636Z > Task :expo-modules-core:mapReleaseSourceSetPaths
physical-device-ui-proof	Build standalone proof APK	2026-09-07T21:02:28.4719893Z > Task :expo-modules-core:mergeReleaseResources
physical-device-ui-proof	Build standalone proof APK	2026-09-07T21:02:29.4716133Z > Task :expo-modules-core:verifyReleaseResources
physical-device-ui-proof	Build standalone proof APK	2026-09-07T21:02:29.4716932Z > Task :expo-modules-core:assembleRelease
physical-device-ui-proof	Build standalone proof APK	2026-09-07T21:02:29.4717740Z > Task :react-native-async-storage_async-storage:stripReleaseDebugSymbols NO-SOURCE
physical-device-ui-proof	Build standalone proof APK	2026-09-07T21:02:29.4719158Z > Task :react-native-async-storage_async-storage:copyReleaseJniLibsProjectAndLocalJars
physical-device-ui-proof	Build standalone proof APK	2026-09-07T21:02:29.4720088Z > Task :react-native-async-storage_async-storage:extractDeepLinksForAarRelease
physical-device-ui-proof	Build standalone proof APK	2026-09-07T21:02:29.4721421Z > Task :react-native-async-storage_async-storage:extractReleaseAnnotations
physical-device-ui-proof	Build standalone proof APK	2026-09-07T21:02:29.4722667Z > Task :react-native-async-storage_async-storage:mergeReleaseGeneratedProguardFiles
physical-device-ui-proof	Build standalone proof APK	2026-09-07T21:02:29.4723443Z > Task :react-native-async-storage_async-storage:mergeReleaseConsumerProguardFiles
physical-device-ui-proof	Build standalone proof APK	2026-09-07T21:02:29.4724438Z > Task :react-native-async-storage_async-storage:mergeReleaseJavaResource
physical-device-ui-proof	Build standalone proof APK	2026-09-07T21:02:29.5716760Z > Task :react-native-async-storage_async-storage:syncReleaseLibJars
physical-device-ui-proof	Build standalone proof APK	2026-09-07T21:02:29.5718140Z > Task :react-native-async-storage_async-storage:bundleReleaseAar
physical-device-ui-proof	Build standalone proof APK	2026-09-07T21:02:29.5719459Z > Task :react-native-async-storage_async-storage:mapReleaseSourceSetPaths
physical-device-ui-proof	Build standalone proof APK	2026-09-07T21:02:29.8736932Z > Task :react-native-async-storage_async-storage:mergeReleaseResources
physical-device-ui-proof	Build standalone proof APK	2026-09-07T21:02:30.7717870Z > Task :react-native-async-storage_async-storage:verifyReleaseResources
physical-device-ui-proof	Build standalone proof APK	2026-09-07T21:02:30.7719458Z > Task :react-native-async-storage_async-storage:assembleRelease
physical-device-ui-proof	Build standalone proof APK	2026-09-07T21:02:30.7720760Z > Task :react-native-gesture-handler:stripReleaseDebugSymbols
physical-device-ui-proof	Build standalone proof APK	2026-09-07T21:02:30.7722090Z > Task :react-native-gesture-handler:copyReleaseJniLibsProjectAndLocalJars
physical-device-ui-proof	Build standalone proof APK	2026-09-07T21:02:30.7723913Z > Task :react-native-gesture-handler:extractDeepLinksForAarRelease
physical-device-ui-proof	Build standalone proof APK	2026-09-07T21:02:30.7725095Z > Task :react-native-gesture-handler:extractReleaseAnnotations
physical-device-ui-proof	Build standalone proof APK	2026-09-07T21:02:30.7726341Z > Task :react-native-gesture-handler:mergeReleaseGeneratedProguardFiles
physical-device-ui-proof	Build standalone proof APK	2026-09-07T21:02:30.7727755Z > Task :react-native-gesture-handler:mergeReleaseConsumerProguardFiles
physical-device-ui-proof	Build standalone proof APK	2026-09-07T21:02:30.7728938Z > Task :react-native-gesture-handler:mergeReleaseJavaResource
physical-device-ui-proof	Build standalone proof APK	2026-09-07T21:02:30.8716712Z > Task :react-native-gesture-handler:syncReleaseLibJars
physical-device-ui-proof	Build standalone proof APK	2026-09-07T21:02:30.8718097Z > Task :react-native-gesture-handler:bundleReleaseAar
physical-device-ui-proof	Build standalone proof APK	2026-09-07T21:02:30.8719287Z > Task :react-native-gesture-handler:mapReleaseSourceSetPaths
physical-device-ui-proof	Build standalone proof APK	2026-09-07T21:02:31.2734096Z > Task :react-native-gesture-handler:mergeReleaseResources
physical-device-ui-proof	Build standalone proof APK	2026-09-07T21:02:32.0716369Z > Task :react-native-gesture-handler:verifyReleaseResources
physical-device-ui-proof	Build standalone proof APK	2026-09-07T21:02:32.0717864Z > Task :react-native-gesture-handler:assembleRelease
physical-device-ui-proof	Build standalone proof APK	2026-09-07T21:02:32.0719823Z > Task :react-native-masked-view_masked-view:stripReleaseDebugSymbols NO-SOURCE
physical-device-ui-proof	Build standalone proof APK	2026-09-07T21:02:32.0721321Z > Task :react-native-masked-view_masked-view:copyReleaseJniLibsProjectAndLocalJars
physical-device-ui-proof	Build standalone proof APK	2026-09-07T21:02:32.0722956Z > Task :react-native-masked-view_masked-view:extractDeepLinksForAarRelease
physical-device-ui-proof	Build standalone proof APK	2026-09-07T21:02:32.0724264Z > Task :react-native-masked-view_masked-view:extractReleaseAnnotations
physical-device-ui-proof	Build standalone proof APK	2026-09-07T21:02:32.0725601Z > Task :react-native-masked-view_masked-view:mergeReleaseGeneratedProguardFiles
physical-device-ui-proof	Build standalone proof APK	2026-09-07T21:02:32.0727008Z > Task :react-native-masked-view_masked-view:mergeReleaseConsumerProguardFiles
physical-device-ui-proof	Build standalone proof APK	2026-09-07T21:02:32.0728437Z > Task :react-native-masked-view_masked-view:mergeReleaseJavaResource
physical-device-ui-proof	Build standalone proof APK	2026-09-07T21:02:32.0729708Z > Task :react-native-masked-view_masked-view:syncReleaseLibJars
physical-device-ui-proof	Build standalone proof APK	2026-09-07T21:02:32.0730895Z > Task :react-native-masked-view_masked-view:bundleReleaseAar
physical-device-ui-proof	Build standalone proof APK	2026-09-07T21:02:32.0732458Z > Task :react-native-masked-view_masked-view:mapReleaseSourceSetPaths
physical-device-ui-proof	Build standalone proof APK	2026-09-07T21:02:32.4724701Z > Task :react-native-masked-view_masked-view:mergeReleaseResources
physical-device-ui-proof	Build standalone proof APK	2026-09-07T21:02:33.1716241Z > Task :react-native-masked-view_masked-view:verifyReleaseResources
physical-device-ui-proof	Build standalone proof APK	2026-09-07T21:02:33.1718698Z > Task :react-native-masked-view_masked-view:assembleRelease
physical-device-ui-proof	Build standalone proof APK	2026-09-07T21:02:33.1720160Z > Task :react-native-reanimated:stripReleaseDebugSymbols
physical-device-ui-proof	Build standalone proof APK	2026-09-07T21:02:33.1735336Z > Task :react-native-reanimated:copyReleaseJniLibsProjectAndLocalJars
physical-device-ui-proof	Build standalone proof APK	2026-09-07T21:02:33.1737521Z > Task :react-native-reanimated:extractDeepLinksForAarRelease
physical-device-ui-proof	Build standalone proof APK	2026-09-07T21:02:33.1738496Z > Task :react-native-reanimated:extractReleaseAnnotations
physical-device-ui-proof	Build standalone proof APK	2026-09-07T21:02:33.1739497Z > Task :react-native-reanimated:mergeReleaseGeneratedProguardFiles
physical-device-ui-proof	Build standalone proof APK	2026-09-07T21:02:33.1740520Z > Task :react-native-reanimated:mergeReleaseConsumerProguardFiles
physical-device-ui-proof	Build standalone proof APK	2026-09-07T21:02:33.1742341Z > Task :react-native-reanimated:mergeReleaseJavaResource
physical-device-ui-proof	Build standalone proof APK	2026-09-07T21:02:33.1743404Z > Task :react-native-reanimated:syncReleaseLibJars
physical-device-ui-proof	Build standalone proof APK	2026-09-07T21:02:34.5716451Z > Task :react-native-reanimated:bundleReleaseAar
physical-device-ui-proof	Build standalone proof APK	2026-09-07T21:02:34.5718537Z > Task :react-native-reanimated:mapReleaseSourceSetPaths
physical-device-ui-proof	Build standalone proof APK	2026-09-07T21:02:34.9716368Z > Task :react-native-reanimated:mergeReleaseResources
physical-device-ui-proof	Build standalone proof APK	2026-09-07T21:02:35.5747838Z > Task :react-native-reanimated:verifyReleaseResources
physical-device-ui-proof	Build standalone proof APK	2026-09-07T21:02:35.5750132Z > Task :react-native-reanimated:assembleRelease
physical-device-ui-proof	Build standalone proof APK	2026-09-07T21:02:35.5751172Z > Task :react-native-safe-area-context:stripReleaseDebugSymbols NO-SOURCE
physical-device-ui-proof	Build standalone proof APK	2026-09-07T21:02:35.5752540Z > Task :react-native-safe-area-context:copyReleaseJniLibsProjectAndLocalJars
physical-device-ui-proof	Build standalone proof APK	2026-09-07T21:02:35.5753663Z > Task :react-native-safe-area-context:extractDeepLinksForAarRelease
physical-device-ui-proof	Build standalone proof APK	2026-09-07T21:02:35.5754579Z > Task :react-native-safe-area-context:extractReleaseAnnotations
physical-device-ui-proof	Build standalone proof APK	2026-09-07T21:02:35.5755542Z > Task :react-native-safe-area-context:mergeReleaseGeneratedProguardFiles
physical-device-ui-proof	Build standalone proof APK	2026-09-07T21:02:35.5756555Z > Task :react-native-safe-area-context:mergeReleaseConsumerProguardFiles
physical-device-ui-proof	Build standalone proof APK	2026-09-07T21:02:35.5757524Z > Task :react-native-safe-area-context:mergeReleaseJavaResource
physical-device-ui-proof	Build standalone proof APK	2026-09-07T21:02:35.5758368Z > Task :react-native-safe-area-context:syncReleaseLibJars
physical-device-ui-proof	Build standalone proof APK	2026-09-07T21:02:35.5759184Z > Task :react-native-safe-area-context:bundleReleaseAar
physical-device-ui-proof	Build standalone proof APK	2026-09-07T21:02:35.5760019Z > Task :react-native-safe-area-context:mapReleaseSourceSetPaths
physical-device-ui-proof	Build standalone proof APK	2026-09-07T21:02:35.9743820Z > Task :react-native-safe-area-context:mergeReleaseResources
physical-device-ui-proof	Build standalone proof APK	2026-09-07T21:02:36.5715917Z > Task :react-native-safe-area-context:verifyReleaseResources
physical-device-ui-proof	Build standalone proof APK	2026-09-07T21:02:36.5716773Z > Task :react-native-safe-area-context:assembleRelease
physical-device-ui-proof	Build standalone proof APK	2026-09-07T21:02:36.5717457Z > Task :react-native-screens:stripReleaseDebugSymbols
physical-device-ui-proof	Build standalone proof APK	2026-09-07T21:02:36.6717020Z > Task :react-native-screens:copyReleaseJniLibsProjectAndLocalJars
physical-device-ui-proof	Build standalone proof APK	2026-09-07T21:02:36.6718330Z > Task :react-native-screens:extractDeepLinksForAarRelease
physical-device-ui-proof	Build standalone proof APK	2026-09-07T21:02:36.6719333Z > Task :react-native-screens:extractReleaseAnnotations
physical-device-ui-proof	Build standalone proof APK	2026-09-07T21:02:36.6720384Z > Task :react-native-screens:mergeReleaseGeneratedProguardFiles
physical-device-ui-proof	Build standalone proof APK	2026-09-07T21:02:36.6721806Z > Task :react-native-screens:mergeReleaseConsumerProguardFiles
physical-device-ui-proof	Build standalone proof APK	2026-09-07T21:02:36.6722984Z > Task :react-native-screens:mergeReleaseJavaResource
physical-device-ui-proof	Build standalone proof APK	2026-09-07T21:02:36.7716411Z > Task :react-native-screens:syncReleaseLibJars
physical-device-ui-proof	Build standalone proof APK	2026-09-07T21:02:36.7718587Z > Task :react-native-screens:bundleReleaseAar
physical-device-ui-proof	Build standalone proof APK	2026-09-07T21:02:36.7720011Z > Task :react-native-screens:mapReleaseSourceSetPaths
physical-device-ui-proof	Build standalone proof APK	2026-09-07T21:02:37.5723574Z > Task :react-native-screens:mergeReleaseResources
physical-device-ui-proof	Build standalone proof APK	2026-09-07T21:02:38.9716457Z > Task :react-native-screens:verifyReleaseResources
physical-device-ui-proof	Build standalone proof APK	2026-09-07T21:02:38.9717945Z > Task :react-native-screens:assembleRelease
physical-device-ui-proof	Build standalone proof APK	2026-09-07T21:02:38.9719524Z > Task :react-native-svg:stripReleaseDebugSymbols NO-SOURCE
physical-device-ui-proof	Build standalone proof APK	2026-09-07T21:02:38.9720850Z > Task :react-native-svg:copyReleaseJniLibsProjectAndLocalJars
physical-device-ui-proof	Build standalone proof APK	2026-09-07T21:02:38.9722413Z > Task :react-native-svg:extractDeepLinksForAarRelease
physical-device-ui-proof	Build standalone proof APK	2026-09-07T21:02:38.9723611Z > Task :react-native-svg:extractReleaseAnnotations
physical-device-ui-proof	Build standalone proof APK	2026-09-07T21:02:38.9724948Z > Task :react-native-svg:mergeReleaseGeneratedProguardFiles
physical-device-ui-proof	Build standalone proof APK	2026-09-07T21:02:38.9725967Z > Task :react-native-svg:mergeReleaseConsumerProguardFiles
physical-device-ui-proof	Build standalone proof APK	2026-09-07T21:02:38.9726837Z > Task :react-native-svg:mergeReleaseJavaResource
physical-device-ui-proof	Build standalone proof APK	2026-09-07T21:02:39.0716766Z > Task :react-native-svg:syncReleaseLibJars
physical-device-ui-proof	Build standalone proof APK	2026-09-07T21:02:39.0718506Z > Task :react-native-svg:bundleReleaseAar
physical-device-ui-proof	Build standalone proof APK	2026-09-07T21:02:39.0719917Z > Task :react-native-svg:mapReleaseSourceSetPaths
physical-device-ui-proof	Build standalone proof APK	2026-09-07T21:02:39.5716383Z > Task :react-native-svg:mergeReleaseResources
physical-device-ui-proof	Build standalone proof APK	2026-09-07T21:02:40.1717886Z > Task :react-native-svg:verifyReleaseResources
physical-device-ui-proof	Build standalone proof APK	2026-09-07T21:02:40.1720045Z > Task :react-native-svg:assembleRelease
physical-device-ui-proof	Build standalone proof APK	2026-09-07T21:02:40.2716357Z > Task :react-native-worklets:stripReleaseDebugSymbols
physical-device-ui-proof	Build standalone proof APK	2026-09-07T21:02:40.2717456Z > Task :react-native-worklets:copyReleaseJniLibsProjectAndLocalJars
physical-device-ui-proof	Build standalone proof APK	2026-09-07T21:02:40.2718401Z > Task :react-native-worklets:extractDeepLinksForAarRelease
physical-device-ui-proof	Build standalone proof APK	2026-09-07T21:02:40.2719214Z > Task :react-native-worklets:extractReleaseAnnotations
physical-device-ui-proof	Build standalone proof APK	2026-09-07T21:02:40.2720097Z > Task :react-native-worklets:mergeReleaseGeneratedProguardFiles
physical-device-ui-proof	Build standalone proof APK	2026-09-07T21:02:40.2720994Z > Task :react-native-worklets:mergeReleaseConsumerProguardFiles
physical-device-ui-proof	Build standalone proof APK	2026-09-07T21:02:40.2722309Z > Task :react-native-worklets:mergeReleaseJavaResource
physical-device-ui-proof	Build standalone proof APK	2026-09-07T21:02:40.2723057Z > Task :react-native-worklets:syncReleaseLibJars
physical-device-ui-proof	Build standalone proof APK	2026-09-07T21:02:40.7716576Z > Task :react-native-worklets:bundleReleaseAar
physical-device-ui-proof	Build standalone proof APK	2026-09-07T21:02:40.7718134Z > Task :react-native-worklets:mapReleaseSourceSetPaths
physical-device-ui-proof	Build standalone proof APK	2026-09-07T21:02:41.0743653Z > Task :react-native-worklets:mergeReleaseResources
physical-device-ui-proof	Build standalone proof APK	2026-09-07T21:02:41.6716055Z > Task :react-native-worklets:verifyReleaseResources
physical-device-ui-proof	Build standalone proof APK	2026-09-07T21:02:41.6716851Z > Task :react-native-worklets:assembleRelease
physical-device-ui-proof	Build standalone proof APK	2026-09-07T21:02:46.0715973Z > Task :app:generateReleaseResValues
physical-device-ui-proof	Build standalone proof APK	2026-09-07T21:02:46.0716461Z > Task :app:mapReleaseSourceSetPaths
physical-device-ui-proof	Build standalone proof APK	2026-09-07T21:02:46.0716844Z > Task :app:generateReleaseResources
physical-device-ui-proof	Build standalone proof APK	2026-09-07T21:02:46.8728286Z > Task :app:packageReleaseResources
physical-device-ui-proof	Build standalone proof APK	2026-09-07T21:02:46.8743482Z > Task :app:parseReleaseLocalResources
physical-device-ui-proof	Build standalone proof APK	2026-09-07T21:02:46.8745155Z > Task :app:createReleaseCompatibleScreenManifests
physical-device-ui-proof	Build standalone proof APK	2026-09-07T21:02:46.9715772Z > Task :app:extractDeepLinksRelease
physical-device-ui-proof	Build standalone proof APK	2026-09-07T21:02:47.1716136Z > Task :app:mergeReleaseResources
physical-device-ui-proof	Build standalone proof APK	2026-09-07T21:02:47.4716348Z
physical-device-ui-proof	Build standalone proof APK	2026-09-07T21:02:47.4717400Z > Task :app:processReleaseMainManifest
physical-device-ui-proof	Build standalone proof APK	2026-09-07T21:02:47.4718784Z /home/runner/work/USKOCI-CLEAN/USKOCI-CLEAN/android/app/src/main/AndroidManifest.xml Warning:
physical-device-ui-proof	Build standalone proof APK	2026-09-07T21:02:47.4721018Z 	provider#expo.modules.filesystem.FileSystemFileProvider@android:authorities was tagged at AndroidManifest.xml:0 to replace other declarations but no other declaration present
physical-device-ui-proof	Build standalone proof APK	2026-09-07T21:02:47.4730374Z
physical-device-ui-proof	Build standalone proof APK	2026-09-07T21:02:47.4731486Z > Task :app:expoReleaseOverrideMaxSdkConflicts
physical-device-ui-proof	Build standalone proof APK	2026-09-07T21:02:47.4761322Z ^[[33m---------- Expo Max Sdk Override Plugin ----------^[[0m
physical-device-ui-proof	Build standalone proof APK	2026-09-07T21:02:47.4790261Z ^[[32m>>> No 'android:maxSdkVersion' conflicts found^[[0m
physical-device-ui-proof	Build standalone proof APK	2026-09-07T21:02:47.4794579Z ^[[33m--------------------------------------------------^[[0m
physical-device-ui-proof	Build standalone proof APK	2026-09-07T21:02:47.4795249Z
physical-device-ui-proof	Build standalone proof APK	2026-09-07T21:02:47.4795865Z > Task :app:processReleaseManifest
physical-device-ui-proof	Build standalone proof APK	2026-09-07T21:02:47.4796718Z > Task :app:javaPreCompileRelease
physical-device-ui-proof	Build standalone proof APK	2026-09-07T21:02:47.5743662Z > Task :app:desugarReleaseFileDependencies
physical-device-ui-proof	Build standalone proof APK	2026-09-07T21:02:47.5773678Z > Task :app:mergeReleaseStartupProfile
physical-device-ui-proof	Build standalone proof APK	2026-09-07T21:03:17.4740452Z > Task :app:processReleaseManifestForPackage
physical-device-ui-proof	Build standalone proof APK	2026-09-07T21:03:17.5723404Z > Task :app:mergeExtDexRelease
physical-device-ui-proof	Build standalone proof APK	2026-09-07T21:03:52.9716529Z > Task :app:mergeReleaseArtProfile
physical-device-ui-proof	Build standalone proof APK	2026-09-07T21:03:52.9772816Z > Task :app:mergeReleaseShaders
physical-device-ui-proof	Build standalone proof APK	2026-09-07T21:03:52.9802870Z > Task :app:compileReleaseShaders NO-SOURCE
physical-device-ui-proof	Build standalone proof APK	2026-09-07T21:03:52.9832803Z > Task :app:generateReleaseAssets UP-TO-DATE
physical-device-ui-proof	Build standalone proof APK	2026-09-07T21:03:53.1716199Z > Task :app:mergeReleaseAssets
physical-device-ui-proof	Build standalone proof APK	2026-09-07T21:03:53.2716635Z > Task :app:compressReleaseAssets
physical-device-ui-proof	Build standalone proof APK	2026-09-07T21:03:53.3744197Z > Task :app:extractReleaseVersionControlInfo
physical-device-ui-proof	Build standalone proof APK	2026-09-07T21:03:53.3772686Z > Task :app:extractProguardFiles
physical-device-ui-proof	Build standalone proof APK	2026-09-07T21:03:53.7764972Z > Task :app:processReleaseResources
physical-device-ui-proof	Build standalone proof APK	2026-09-07T21:03:53.7803143Z > Task :app:collectReleaseDependencies
physical-device-ui-proof	Build standalone proof APK	2026-09-07T21:03:54.4721723Z > Task :app:optimizeReleaseResources
physical-device-ui-proof	Build standalone proof APK	2026-09-07T21:03:54.7716287Z > Task :app:sdkReleaseDependencyData
physical-device-ui-proof	Build standalone proof APK	2026-09-07T21:03:54.7743070Z > Task :app:validateSigningRelease
physical-device-ui-proof	Build standalone proof APK	2026-09-07T21:03:54.7747340Z > Task :app:writeReleaseAppMetadata
physical-device-ui-proof	Build standalone proof APK	2026-09-07T21:03:54.7773005Z > Task :app:writeReleaseSigningConfigVersions
physical-device-ui-proof	Build standalone proof APK	2026-09-07T21:03:54.8743452Z > Task :app:compileReleaseKotlin
physical-device-ui-proof	Build standalone proof APK	2026-09-07T21:03:55.4733525Z > Task :app:compileReleaseJavaWithJavac
physical-device-ui-proof	Build standalone proof APK	2026-09-07T21:03:55.7716126Z > Task :app:dexBuilderRelease
physical-device-ui-proof	Build standalone proof APK	2026-09-07T21:04:01.7719392Z > Task :app:mergeReleaseGlobalSynthetics
physical-device-ui-proof	Build standalone proof APK	2026-09-07T21:04:01.8717114Z > Task :app:mergeDexRelease
physical-device-ui-proof	Build standalone proof APK	2026-09-07T21:04:01.8721129Z > Task :app:generateReleaseLintVitalReportModel
physical-device-ui-proof	Build standalone proof APK	2026-09-07T21:04:03.2718786Z > Task :app:compileReleaseArtProfile
physical-device-ui-proof	Build standalone proof APK	2026-09-07T21:04:03.2720044Z > Task :app:processReleaseJavaRes
physical-device-ui-proof	Build standalone proof APK	2026-09-07T21:04:05.0723405Z > Task :app:lintVitalReportRelease
physical-device-ui-proof	Build standalone proof APK	2026-09-07T21:04:05.0772815Z > Task :app:lintVitalRelease
physical-device-ui-proof	Build standalone proof APK	2026-09-07T21:04:06.1735776Z > Task :app:mergeReleaseJavaResource
physical-device-ui-proof	Build standalone proof APK	2026-09-07T21:04:07.7730750Z > Task :app:packageRelease
physical-device-ui-proof	Build standalone proof APK	2026-09-07T21:04:07.7742864Z > Task :app:createReleaseApkListingFileRedirect
physical-device-ui-proof	Build standalone proof APK	2026-09-07T21:04:07.7772723Z > Task :app:assembleRelease
physical-device-ui-proof	Build standalone proof APK	2026-09-07T21:04:07.8715698Z
physical-device-ui-proof	Build standalone proof APK	2026-09-07T21:04:07.8718531Z [Incubating] Problems report is available at: file:///home/runner/work/USKOCI-CLEAN/USKOCI-CLEAN/android/build/reports/problems/problems-report.html
physical-device-ui-proof	Build standalone proof APK	2026-09-07T21:04:07.8719928Z
physical-device-ui-proof	Build standalone proof APK	2026-09-07T21:04:07.8720903Z Deprecated Gradle features were used in this build, making it incompatible with Gradle 10.
physical-device-ui-proof	Build standalone proof APK	2026-09-07T21:04:07.8721730Z
physical-device-ui-proof	Build standalone proof APK	2026-09-07T21:04:07.8723275Z You can use '--warning-mode all' to show the individual deprecation warnings and determine if they come from your own scripts or plugins.
physical-device-ui-proof	Build standalone proof APK	2026-09-07T21:04:07.8724444Z
physical-device-ui-proof	Build standalone proof APK	2026-09-07T21:04:07.8725765Z For more on this, please refer to https://docs.gradle.org/9.3.1/userguide/command_line_interface.html#sec:command_line_warnings in the Gradle documentation.
physical-device-ui-proof	Build standalone proof APK	2026-09-07T21:04:07.8752989Z
physical-device-ui-proof	Build standalone proof APK	2026-09-07T21:04:07.8773137Z BUILD SUCCESSFUL in 13m 3s
physical-device-ui-proof	Build standalone proof APK	2026-09-07T21:04:07.8774124Z 585 actionable tasks: 585 executed
physical-device-ui-proof	Verify bundled Supabase endpoint is disposable local	﻿2026-09-07T21:04:08.3512751Z ##[group]Run bundle="$(find android/app/build/generated/assets -type f -name 'index.android.bundle' | head -n 1)"
physical-device-ui-proof	Verify bundled Supabase endpoint is disposable local	2026-09-07T21:04:08.3514160Z ^[[36;1mbundle="$(find android/app/build/generated/assets -type f -name 'index.android.bundle' | head -n 1)"^[[0m
physical-device-ui-proof	Verify bundled Supabase endpoint is disposable local	2026-09-07T21:04:08.3515030Z ^[[36;1mtest -n "$bundle"^[[0m
physical-device-ui-proof	Verify bundled Supabase endpoint is disposable local	2026-09-07T21:04:08.3515523Z ^[[36;1mgrep -aF 'http://10.0.2.2:54321' "$bundle" >/dev/null^[[0m
physical-device-ui-proof	Verify bundled Supabase endpoint is disposable local	2026-09-07T21:04:08.3516316Z ^[[36;1mif grep -aF 'leqcwgzvjsxugfgzdmth.supabase.co' "$bundle" >/dev/null; then^[[0m
physical-device-ui-proof	Verify bundled Supabase endpoint is disposable local	2026-09-07T21:04:08.3517182Z ^[[36;1m  echo "Production Supabase hostname found in bundled proof APK."^[[0m
physical-device-ui-proof	Verify bundled Supabase endpoint is disposable local	2026-09-07T21:04:08.3517794Z ^[[36;1m  exit 1^[[0m
physical-device-ui-proof	Verify bundled Supabase endpoint is disposable local	2026-09-07T21:04:08.3518118Z ^[[36;1mfi^[[0m
physical-device-ui-proof	Verify bundled Supabase endpoint is disposable local	2026-09-07T21:04:08.3518691Z ^[[36;1mecho "PASS RU5_DEVICE_APK_ENDPOINT disposable_local_only http://10.0.2.2:54321"^[[0m
physical-device-ui-proof	Verify bundled Supabase endpoint is disposable local	2026-09-07T21:04:08.4037971Z shell: /usr/bin/bash -e {0}
physical-device-ui-proof	Verify bundled Supabase endpoint is disposable local	2026-09-07T21:04:08.4038409Z env:
physical-device-ui-proof	Verify bundled Supabase endpoint is disposable local	2026-09-07T21:04:08.4038730Z   CI: 1
physical-device-ui-proof	Verify bundled Supabase endpoint is disposable local	2026-09-07T21:04:08.4039058Z   SUPABASE_TELEMETRY_DISABLED: 1
physical-device-ui-proof	Verify bundled Supabase endpoint is disposable local	2026-09-07T21:04:08.4039512Z   DO_NOT_TRACK: 1
physical-device-ui-proof	Verify bundled Supabase endpoint is disposable local	2026-09-07T21:04:08.4039895Z   RU5_DEVICE_PACKAGE: rs.uskoci.n04proof
physical-device-ui-proof	Verify bundled Supabase endpoint is disposable local	2026-09-07T21:04:08.4040464Z   RU5_DEVICE_ARTIFACT_DIR: artifacts/intent-shell-device
physical-device-ui-proof	Verify bundled Supabase endpoint is disposable local	2026-09-07T21:04:08.4040932Z   RU5_ENTRY_PROOF: 1
physical-device-ui-proof	Verify bundled Supabase endpoint is disposable local	2026-09-07T21:04:08.4041270Z   SUPABASE_INTERNAL_IMAGE_REGISTRY: ghcr.io
physical-device-ui-proof	Verify bundled Supabase endpoint is disposable local	2026-09-07T21:04:08.4041839Z   JAVA_HOME: /opt/hostedtoolcache/Java_Temurin-Hotspot_jdk/17.0.20-1/x64
physical-device-ui-proof	Verify bundled Supabase endpoint is disposable local	2026-09-07T21:04:08.4042783Z   JAVA_HOME_17_X64: /opt/hostedtoolcache/Java_Temurin-Hotspot_jdk/17.0.20-1/x64
physical-device-ui-proof	Verify bundled Supabase endpoint is disposable local	2026-09-07T21:04:08.4043351Z   MAVEN_ARGS: -ntp
physical-device-ui-proof	Verify bundled Supabase endpoint is disposable local	2026-09-07T21:04:08.4043715Z   RU5_DEVICE_PROOF_DIR: /tmp/uskoci-ru5-device-ui
physical-device-ui-proof	Verify bundled Supabase endpoint is disposable local	2026-09-07T21:04:08.4044527Z   RU5_DEVICE_DB_URL: ***127.0.0.1:54322/postgres
physical-device-ui-proof	Verify bundled Supabase endpoint is disposable local	2026-09-07T21:04:08.4045018Z   RU5_DEVICE_SUPABASE_URL: http://127.0.0.1:54321
physical-device-ui-proof	Verify bundled Supabase endpoint is disposable local	2026-09-07T21:04:08.4046512Z   RU5_DEVICE_ANON_KEY: ***
physical-device-ui-proof	Verify bundled Supabase endpoint is disposable local	2026-09-07T21:04:08.4048054Z   RU5_DEVICE_SERVICE_ROLE_KEY: ***
physical-device-ui-proof	Verify bundled Supabase endpoint is disposable local	2026-09-07T21:04:08.4048762Z   RU5_DEVICE_REQUESTER_EMAIL: ru5-device-requester-4c2d7cc3-9922-4387-ad98-c84ef207f8a5@proof.invalid
physical-device-ui-proof	Verify bundled Supabase endpoint is disposable local	2026-09-07T21:04:08.4049784Z   RU5_DEVICE_WORKER_EMAIL: ru5-device-worker-4c2d7cc3-9922-4387-ad98-c84ef207f8a5@proof.invalid
physical-device-ui-proof	Verify bundled Supabase endpoint is disposable local	2026-09-07T21:04:08.4050621Z   RU5_DEVICE_PASSWORD: ***
physical-device-ui-proof	Verify bundled Supabase endpoint is disposable local	2026-09-07T21:04:08.4050950Z   RU5_DEVICE_NEED_ID: 4e441822-e254-47fb-b88c-02d51ad9e8b4
physical-device-ui-proof	Verify bundled Supabase endpoint is disposable local	2026-09-07T21:04:08.4051361Z   RU5_DEVICE_NEED_TITLE: RU5 device journey 4c2d7cc3
physical-device-ui-proof	Verify bundled Supabase endpoint is disposable local	2026-09-07T21:04:08.4051805Z   RU5_DEVICE_REQUESTER_USER_ID: edc61d5b-87c2-4aad-b467-bcb498dae343
physical-device-ui-proof	Verify bundled Supabase endpoint is disposable local	2026-09-07T21:04:08.4052465Z   RU5_DEVICE_WORKER_USER_ID: 9a956706-89b2-4639-8bab-6965461480d0
physical-device-ui-proof	Verify bundled Supabase endpoint is disposable local	2026-09-07T21:04:08.4052910Z   N04_AGREEMENT_ID: 8bee4280-4afb-4f50-94e6-92b3dbdea7b5
physical-device-ui-proof	Verify bundled Supabase endpoint is disposable local	2026-09-07T21:04:08.4053306Z   EXPO_PUBLIC_SUPABASE_URL: http://10.0.2.2:54321
physical-device-ui-proof	Verify bundled Supabase endpoint is disposable local	2026-09-07T21:04:08.4054494Z   EXPO_PUBLIC_SUPABASE_ANON_KEY: ***
physical-device-ui-proof	Verify bundled Supabase endpoint is disposable local	2026-09-07T21:04:08.4054811Z   EXPO_PUBLIC_USE_FAKE_SOURCE: 0
physical-device-ui-proof	Verify bundled Supabase endpoint is disposable local	2026-09-07T21:04:08.4055096Z ##[endgroup]
physical-device-ui-proof	Verify bundled Supabase endpoint is disposable local	2026-09-07T21:04:08.4263501Z PASS RU5_DEVICE_APK_ENDPOINT disposable_local_only http://10.0.2.2:54321
physical-device-ui-proof	Enable KVM for Android emulator when available	﻿2026-09-07T21:04:08.4295572Z ##[group]Run if [[ -e /dev/kvm ]]; then
physical-device-ui-proof	Enable KVM for Android emulator when available	2026-09-07T21:04:08.4295939Z ^[[36;1mif [[ -e /dev/kvm ]]; then^[[0m
physical-device-ui-proof	Enable KVM for Android emulator when available	2026-09-07T21:04:08.4296219Z ^[[36;1m  sudo chmod 666 /dev/kvm^[[0m
physical-device-ui-proof	Enable KVM for Android emulator when available	2026-09-07T21:04:08.4296479Z ^[[36;1m  echo "KVM_AVAILABLE=1"^[[0m
physical-device-ui-proof	Enable KVM for Android emulator when available	2026-09-07T21:04:08.4296737Z ^[[36;1m  ls -l /dev/kvm^[[0m
physical-device-ui-proof	Enable KVM for Android emulator when available	2026-09-07T21:04:08.4296963Z ^[[36;1melse^[[0m
physical-device-ui-proof	Enable KVM for Android emulator when available	2026-09-07T21:04:08.4297172Z ^[[36;1m  echo "KVM_AVAILABLE=0"^[[0m
physical-device-ui-proof	Enable KVM for Android emulator when available	2026-09-07T21:04:08.4297414Z ^[[36;1mfi^[[0m
physical-device-ui-proof	Enable KVM for Android emulator when available	2026-09-07T21:04:08.4335588Z shell: /usr/bin/bash -e {0}
physical-device-ui-proof	Enable KVM for Android emulator when available	2026-09-07T21:04:08.4335872Z env:
physical-device-ui-proof	Enable KVM for Android emulator when available	2026-09-07T21:04:08.4336073Z   CI: 1
physical-device-ui-proof	Enable KVM for Android emulator when available	2026-09-07T21:04:08.4336286Z   SUPABASE_TELEMETRY_DISABLED: 1
physical-device-ui-proof	Enable KVM for Android emulator when available	2026-09-07T21:04:08.4336553Z   DO_NOT_TRACK: 1
physical-device-ui-proof	Enable KVM for Android emulator when available	2026-09-07T21:04:08.4336803Z   RU5_DEVICE_PACKAGE: rs.uskoci.n04proof
physical-device-ui-proof	Enable KVM for Android emulator when available	2026-09-07T21:04:08.4337169Z   RU5_DEVICE_ARTIFACT_DIR: artifacts/intent-shell-device
physical-device-ui-proof	Enable KVM for Android emulator when available	2026-09-07T21:04:08.4337505Z   RU5_ENTRY_PROOF: 1
physical-device-ui-proof	Enable KVM for Android emulator when available	2026-09-07T21:04:08.4337772Z   SUPABASE_INTERNAL_IMAGE_REGISTRY: ghcr.io
physical-device-ui-proof	Enable KVM for Android emulator when available	2026-09-07T21:04:08.4338184Z   JAVA_HOME: /opt/hostedtoolcache/Java_Temurin-Hotspot_jdk/17.0.20-1/x64
physical-device-ui-proof	Enable KVM for Android emulator when available	2026-09-07T21:04:08.4338729Z   JAVA_HOME_17_X64: /opt/hostedtoolcache/Java_Temurin-Hotspot_jdk/17.0.20-1/x64
physical-device-ui-proof	Enable KVM for Android emulator when available	2026-09-07T21:04:08.4339137Z   MAVEN_ARGS: -ntp
physical-device-ui-proof	Enable KVM for Android emulator when available	2026-09-07T21:04:08.4339400Z   RU5_DEVICE_PROOF_DIR: /tmp/uskoci-ru5-device-ui
physical-device-ui-proof	Enable KVM for Android emulator when available	2026-09-07T21:04:08.4339958Z   RU5_DEVICE_DB_URL: ***127.0.0.1:54322/postgres
physical-device-ui-proof	Enable KVM for Android emulator when available	2026-09-07T21:04:08.4340341Z   RU5_DEVICE_SUPABASE_URL: http://127.0.0.1:54321
physical-device-ui-proof	Enable KVM for Android emulator when available	2026-09-07T21:04:08.4341501Z   RU5_DEVICE_ANON_KEY: ***
physical-device-ui-proof	Enable KVM for Android emulator when available	2026-09-07T21:04:08.4343016Z   RU5_DEVICE_SERVICE_ROLE_KEY: ***
physical-device-ui-proof	Enable KVM for Android emulator when available	2026-09-07T21:04:08.4343568Z   RU5_DEVICE_REQUESTER_EMAIL: ru5-device-requester-4c2d7cc3-9922-4387-ad98-c84ef207f8a5@proof.invalid
physical-device-ui-proof	Enable KVM for Android emulator when available	2026-09-07T21:04:08.4344360Z   RU5_DEVICE_WORKER_EMAIL: ru5-device-worker-4c2d7cc3-9922-4387-ad98-c84ef207f8a5@proof.invalid
physical-device-ui-proof	Enable KVM for Android emulator when available	2026-09-07T21:04:08.4345005Z   RU5_DEVICE_PASSWORD: ***
physical-device-ui-proof	Enable KVM for Android emulator when available	2026-09-07T21:04:08.4345331Z   RU5_DEVICE_NEED_ID: 4e441822-e254-47fb-b88c-02d51ad9e8b4
physical-device-ui-proof	Enable KVM for Android emulator when available	2026-09-07T21:04:08.4345730Z   RU5_DEVICE_NEED_TITLE: RU5 device journey 4c2d7cc3
physical-device-ui-proof	Enable KVM for Android emulator when available	2026-09-07T21:04:08.4346178Z   RU5_DEVICE_REQUESTER_USER_ID: edc61d5b-87c2-4aad-b467-bcb498dae343
physical-device-ui-proof	Enable KVM for Android emulator when available	2026-09-07T21:04:08.4346659Z   RU5_DEVICE_WORKER_USER_ID: 9a956706-89b2-4639-8bab-6965461480d0
physical-device-ui-proof	Enable KVM for Android emulator when available	2026-09-07T21:04:08.4347093Z   N04_AGREEMENT_ID: 8bee4280-4afb-4f50-94e6-92b3dbdea7b5
physical-device-ui-proof	Enable KVM for Android emulator when available	2026-09-07T21:04:08.4347482Z   EXPO_PUBLIC_SUPABASE_URL: http://10.0.2.2:54321
physical-device-ui-proof	Enable KVM for Android emulator when available	2026-09-07T21:04:08.4348664Z   EXPO_PUBLIC_SUPABASE_ANON_KEY: ***
physical-device-ui-proof	Enable KVM for Android emulator when available	2026-09-07T21:04:08.4348976Z   EXPO_PUBLIC_USE_FAKE_SOURCE: 0
physical-device-ui-proof	Enable KVM for Android emulator when available	2026-09-07T21:04:08.4349249Z ##[endgroup]
physical-device-ui-proof	Enable KVM for Android emulator when available	2026-09-07T21:04:08.4547547Z KVM_AVAILABLE=1
physical-device-ui-proof	Enable KVM for Android emulator when available	2026-09-07T21:04:08.4566632Z crw-rw-rw- 1 root kvm 10, 232 Sep  7 20:45 /dev/kvm
physical-device-ui-proof	Run physical Android emulator journey	﻿2026-09-07T21:04:08.4667045Z ##[group]Run ReactiveCircus/android-emulator-runner@a421e43855164a8197daf9d8d40fe71c6996bb0d
physical-device-ui-proof	Run physical Android emulator journey	2026-09-07T21:04:08.4667542Z with:
physical-device-ui-proof	Run physical Android emulator journey	2026-09-07T21:04:08.4667734Z   api-level: 35
physical-device-ui-proof	Run physical Android emulator journey	2026-09-07T21:04:08.4667955Z   arch: x86_64
physical-device-ui-proof	Run physical Android emulator journey	2026-09-07T21:04:08.4668154Z   profile: pixel_6
physical-device-ui-proof	Run physical Android emulator journey	2026-09-07T21:04:08.4668381Z   disable-animations: false
physical-device-ui-proof	Run physical Android emulator journey	2026-09-07T21:04:08.4668900Z   emulator-options: -no-window -gpu swiftshader_indirect -noaudio -no-boot-anim -camera-back none -no-snapshot
physical-device-ui-proof	Run physical Android emulator journey	2026-09-07T21:04:08.4670044Z   script: mkdir -p artifacts/intent-shell-device
physical-device-ui-proof	Run physical Android emulator journey	adb install -r android/app/build/outputs/apk/release/app-release.apk
physical-device-ui-proof	Run physical Android emulator journey	adb shell settings put system pointer_location 0 || true
physical-device-ui-proof	Run physical Android emulator journey	bash scripts/intent_shell_run_journey.sh
physical-device-ui-proof	Run physical Android emulator journey
physical-device-ui-proof	Run physical Android emulator journey	2026-09-07T21:04:08.4670935Z   target: default
physical-device-ui-proof	Run physical Android emulator journey	2026-09-07T21:04:08.4671131Z   cores: 2
physical-device-ui-proof	Run physical Android emulator journey	2026-09-07T21:04:08.4671320Z   avd-name: test
physical-device-ui-proof	Run physical Android emulator journey	2026-09-07T21:04:08.4671529Z   force-avd-creation: true
physical-device-ui-proof	Run physical Android emulator journey	2026-09-07T21:04:08.4671778Z   emulator-boot-timeout: 600
physical-device-ui-proof	Run physical Android emulator journey	2026-09-07T21:04:08.4672015Z   emulator-port: 5554
physical-device-ui-proof	Run physical Android emulator journey	2026-09-07T21:04:08.4672475Z   disable-spellchecker: false
physical-device-ui-proof	Run physical Android emulator journey	2026-09-07T21:04:08.4672737Z   disable-linux-hw-accel: auto
physical-device-ui-proof	Run physical Android emulator journey	2026-09-07T21:04:08.4672991Z   enable-hw-keyboard: false
physical-device-ui-proof	Run physical Android emulator journey	2026-09-07T21:04:08.4673221Z   channel: stable
physical-device-ui-proof	Run physical Android emulator journey	2026-09-07T21:04:08.4673595Z env:
physical-device-ui-proof	Run physical Android emulator journey	2026-09-07T21:04:08.4673772Z   CI: 1
physical-device-ui-proof	Run physical Android emulator journey	2026-09-07T21:04:08.4673974Z   SUPABASE_TELEMETRY_DISABLED: 1
physical-device-ui-proof	Run physical Android emulator journey	2026-09-07T21:04:08.4674217Z   DO_NOT_TRACK: 1
physical-device-ui-proof	Run physical Android emulator journey	2026-09-07T21:04:08.4674440Z   RU5_DEVICE_PACKAGE: rs.uskoci.n04proof
physical-device-ui-proof	Run physical Android emulator journey	2026-09-07T21:04:08.4674777Z   RU5_DEVICE_ARTIFACT_DIR: artifacts/intent-shell-device
physical-device-ui-proof	Run physical Android emulator journey	2026-09-07T21:04:08.4675091Z   RU5_ENTRY_PROOF: 1
physical-device-ui-proof	Run physical Android emulator journey	2026-09-07T21:04:08.4675328Z   SUPABASE_INTERNAL_IMAGE_REGISTRY: ghcr.io
physical-device-ui-proof	Run physical Android emulator journey	2026-09-07T21:04:08.4675731Z   JAVA_HOME: /opt/hostedtoolcache/Java_Temurin-Hotspot_jdk/17.0.20-1/x64
physical-device-ui-proof	Run physical Android emulator journey	2026-09-07T21:04:08.4676226Z   JAVA_HOME_17_X64: /opt/hostedtoolcache/Java_Temurin-Hotspot_jdk/17.0.20-1/x64
physical-device-ui-proof	Run physical Android emulator journey	2026-09-07T21:04:08.4676609Z   MAVEN_ARGS: -ntp
physical-device-ui-proof	Run physical Android emulator journey	2026-09-07T21:04:08.4676866Z   RU5_DEVICE_PROOF_DIR: /tmp/uskoci-ru5-device-ui
physical-device-ui-proof	Run physical Android emulator journey	2026-09-07T21:04:08.4677396Z   RU5_DEVICE_DB_URL: ***127.0.0.1:54322/postgres
physical-device-ui-proof	Run physical Android emulator journey	2026-09-07T21:04:08.4677746Z   RU5_DEVICE_SUPABASE_URL: http://127.0.0.1:54321
physical-device-ui-proof	Run physical Android emulator journey	2026-09-07T21:04:08.4678753Z   RU5_DEVICE_ANON_KEY: ***
physical-device-ui-proof	Run physical Android emulator journey	2026-09-07T21:04:08.4679781Z   RU5_DEVICE_SERVICE_ROLE_KEY: ***
physical-device-ui-proof	Run physical Android emulator journey	2026-09-07T21:04:08.4680260Z   RU5_DEVICE_REQUESTER_EMAIL: ru5-device-requester-4c2d7cc3-9922-4387-ad98-c84ef207f8a5@proof.invalid
physical-device-ui-proof	Run physical Android emulator journey	2026-09-07T21:04:08.4680939Z   RU5_DEVICE_WORKER_EMAIL: ru5-device-worker-4c2d7cc3-9922-4387-ad98-c84ef207f8a5@proof.invalid
physical-device-ui-proof	Run physical Android emulator journey	2026-09-07T21:04:08.4681506Z   RU5_DEVICE_PASSWORD: ***
physical-device-ui-proof	Run physical Android emulator journey	2026-09-07T21:04:08.4681786Z   RU5_DEVICE_NEED_ID: 4e441822-e254-47fb-b88c-02d51ad9e8b4
physical-device-ui-proof	Run physical Android emulator journey	2026-09-07T21:04:08.4682344Z   RU5_DEVICE_NEED_TITLE: RU5 device journey 4c2d7cc3
physical-device-ui-proof	Run physical Android emulator journey	2026-09-07T21:04:08.4682734Z   RU5_DEVICE_REQUESTER_USER_ID: edc61d5b-87c2-4aad-b467-bcb498dae343
physical-device-ui-proof	Run physical Android emulator journey	2026-09-07T21:04:08.4683157Z   RU5_DEVICE_WORKER_USER_ID: 9a956706-89b2-4639-8bab-6965461480d0
physical-device-ui-proof	Run physical Android emulator journey	2026-09-07T21:04:08.4683542Z   N04_AGREEMENT_ID: 8bee4280-4afb-4f50-94e6-92b3dbdea7b5
physical-device-ui-proof	Run physical Android emulator journey	2026-09-07T21:04:08.4683900Z   EXPO_PUBLIC_SUPABASE_URL: http://10.0.2.2:54321
physical-device-ui-proof	Run physical Android emulator journey	2026-09-07T21:04:08.4684953Z   EXPO_PUBLIC_SUPABASE_ANON_KEY: ***
physical-device-ui-proof	Run physical Android emulator journey	2026-09-07T21:04:08.4685236Z   EXPO_PUBLIC_USE_FAKE_SOURCE: 0
physical-device-ui-proof	Run physical Android emulator journey	2026-09-07T21:04:08.4685488Z ##[endgroup]
physical-device-ui-proof	Run physical Android emulator journey	2026-09-07T21:04:08.6974765Z ##[group]Configure emulator
physical-device-ui-proof	Run physical Android emulator journey	2026-09-07T21:04:08.6978459Z API level: 35
physical-device-ui-proof	Run physical Android emulator journey	2026-09-07T21:04:08.6979278Z System image API level: 35
physical-device-ui-proof	Run physical Android emulator journey	2026-09-07T21:04:08.6980467Z target: default
physical-device-ui-proof	Run physical Android emulator journey	2026-09-07T21:04:08.6981108Z CPU architecture: x86_64
physical-device-ui-proof	Run physical Android emulator journey	2026-09-07T21:04:08.6983170Z Hardware profile: pixel_6
physical-device-ui-proof	Run physical Android emulator journey	2026-09-07T21:04:08.6988075Z Cores: 2
physical-device-ui-proof	Run physical Android emulator journey	2026-09-07T21:04:08.6988494Z RAM size:
physical-device-ui-proof	Run physical Android emulator journey	2026-09-07T21:04:08.6988891Z Heap size:
physical-device-ui-proof	Run physical Android emulator journey	2026-09-07T21:04:08.6989340Z SD card path or size:
physical-device-ui-proof	Run physical Android emulator journey	2026-09-07T21:04:08.6989749Z Disk size:
physical-device-ui-proof	Run physical Android emulator journey	2026-09-07T21:04:08.6990133Z AVD name: test
physical-device-ui-proof	Run physical Android emulator journey	2026-09-07T21:04:08.6990590Z force avd creation: true
physical-device-ui-proof	Run physical Android emulator journey	2026-09-07T21:04:08.6991122Z Emulator boot timeout: 600
physical-device-ui-proof	Run physical Android emulator journey	2026-09-07T21:04:08.6991462Z emulator port: 5554
physical-device-ui-proof	Run physical Android emulator journey	2026-09-07T21:04:08.6992568Z emulator options: -no-window -gpu swiftshader_indirect -noaudio -no-boot-anim -camera-back none -no-snapshot
physical-device-ui-proof	Run physical Android emulator journey	2026-09-07T21:04:08.6994341Z disable animations: false
physical-device-ui-proof	Run physical Android emulator journey	2026-09-07T21:04:08.6994908Z disable spellchecker: false
physical-device-ui-proof	Run physical Android emulator journey	2026-09-07T21:04:08.6995479Z disable Linux hardware acceleration: false
physical-device-ui-proof	Run physical Android emulator journey	2026-09-07T21:04:08.6996044Z enable hardware keyboard: false
physical-device-ui-proof	Run physical Android emulator journey	2026-09-07T21:04:08.6996544Z Channel: 0 (stable)
physical-device-ui-proof	Run physical Android emulator journey	2026-09-07T21:04:08.6996992Z Script:
physical-device-ui-proof	Run physical Android emulator journey	2026-09-07T21:04:08.6997536Z mkdir -p artifacts/intent-shell-device
physical-device-ui-proof	Run physical Android emulator journey	2026-09-07T21:04:08.6998379Z adb install -r android/app/build/outputs/apk/release/app-release.apk
physical-device-ui-proof	Run physical Android emulator journey	2026-09-07T21:04:08.6999320Z adb shell settings put system pointer_location 0 || true
physical-device-ui-proof	Run physical Android emulator journey	2026-09-07T21:04:08.7000022Z bash scripts/intent_shell_run_journey.sh
physical-device-ui-proof	Run physical Android emulator journey	2026-09-07T21:04:08.7000566Z Pre emulator launch script:
physical-device-ui-proof	Run physical Android emulator journey	2026-09-07T21:04:08.7001313Z ##[endgroup]
physical-device-ui-proof	Run physical Android emulator journey	2026-09-07T21:04:08.7001938Z ##[group]Install Android SDK
physical-device-ui-proof	Run physical Android emulator journey	2026-09-07T21:04:08.7072473Z [command]/usr/bin/sh -c \yes | sdkmanager --licenses > /dev/null
physical-device-ui-proof	Run physical Android emulator journey	2026-09-07T21:04:09.5785117Z Warning: This version only understands SDK XML versions up to 3 but an SDK XML file of version 4 was encountered. This can happen if you use versions of Android Studio and the command-line tools that were released at different times.
physical-device-ui-proof	Run physical Android emulator journey	2026-09-07T21:04:11.5889370Z Installing latest build tools, platform tools, and platform.
physical-device-ui-proof	Run physical Android emulator journey	2026-09-07T21:04:11.5911682Z [command]/usr/bin/sh -c \sdkmanager --install 'build-tools;37.0.0' platform-tools 'platforms;android-35'> /dev/null
physical-device-ui-proof	Run physical Android emulator journey	2026-09-07T21:04:12.1768469Z Warning: This version only understands SDK XML versions up to 3 but an SDK XML file of version 4 was encountered. This can happen if you use versions of Android Studio and the command-line tools that were released at different times.
physical-device-ui-proof	Run physical Android emulator journey	2026-09-07T21:04:13.2551508Z Installing latest emulator.
physical-device-ui-proof	Run physical Android emulator journey	2026-09-07T21:04:13.2570067Z [command]/usr/bin/sh -c \sdkmanager --install emulator --channel=0 > /dev/null
physical-device-ui-proof	Run physical Android emulator journey	2026-09-07T21:04:13.8335013Z Warning: This version only understands SDK XML versions up to 3 but an SDK XML file of version 4 was encountered. This can happen if you use versions of Android Studio and the command-line tools that were released at different times.
physical-device-ui-proof	Run physical Android emulator journey	2026-09-07T21:04:21.5735914Z Installing system images.
physical-device-ui-proof	Run physical Android emulator journey	2026-09-07T21:04:21.5760527Z [command]/usr/bin/sh -c \sdkmanager --install 'system-images;android-35;default;x86_64' --channel=0 > /dev/null
physical-device-ui-proof	Run physical Android emulator journey	2026-09-07T21:04:22.1744980Z Warning: This version only understands SDK XML versions up to 3 but an SDK XML file of version 4 was encountered. This can happen if you use versions of Android Studio and the command-line tools that were released at different times.
physical-device-ui-proof	Run physical Android emulator journey	2026-09-07T21:04:36.2232918Z ##[endgroup]
physical-device-ui-proof	Run physical Android emulator journey	2026-09-07T21:04:36.2234463Z ##[group]Create AVD
physical-device-ui-proof	Run physical Android emulator journey	2026-09-07T21:04:36.2237636Z Creating AVD.
physical-device-ui-proof	Run physical Android emulator journey	2026-09-07T21:04:36.2256760Z [command]/usr/bin/sh -c \echo no | avdmanager create avd --force -n test --package 'system-images;android-35;default;x86_64' --device 'pixel_6'
physical-device-ui-proof	Run physical Android emulator journey	2026-09-07T21:04:36.8143758Z Loading local repository...
physical-device-ui-proof	Run physical Android emulator journey	2026-09-07T21:04:36.8179120Z Warning: This version only understands SDK XML versions up to 3 but an SDK XML file of version 4 was encountered. This can happen if you use versions of Android Studio and the command-line tools that were released at different times.
physical-device-ui-proof	Run physical Android emulator journey	2026-09-07T21:04:37.0520178Z [=========                              ] 25% Loading local repository...
physical-device-ui-proof	Run physical Android emulator journey	2026-09-07T21:04:37.0563368Z [=========                              ] 25% Fetch remote repository...
physical-device-ui-proof	Run physical Android emulator journey	2026-09-07T21:04:37.0583241Z [=======================================] 100% Fetch remote repository...
physical-device-ui-proof	Run physical Android emulator journey	2026-09-07T21:04:37.1185651Z Auto-selecting single ABI x86_64
physical-device-ui-proof	Run physical Android emulator journey	2026-09-07T21:04:37.6210197Z [command]/usr/bin/sh -c \printf 'hw.cpu.ncore=2\n' >> /home/runner/.android/avd/test.avd/config.ini
physical-device-ui-proof	Run physical Android emulator journey	2026-09-07T21:04:37.6237334Z ##[endgroup]
physical-device-ui-proof	Run physical Android emulator journey	2026-09-07T21:04:37.6239758Z ##[group]Launch Emulator
physical-device-ui-proof	Run physical Android emulator journey	2026-09-07T21:04:37.6240249Z Starting emulator.
physical-device-ui-proof	Run physical Android emulator journey	2026-09-07T21:04:37.6259544Z [command]/usr/bin/sh -c \/usr/local/lib/android/sdk/emulator/emulator -port 5554 -avd test -no-window -gpu swiftshader_indirect -noaudio -no-boot-anim -camera-back none -no-snapshot &
physical-device-ui-proof	Run physical Android emulator journey	2026-09-07T21:04:37.6407699Z INFO         | Android emulator version 37.1.11.0 (build_id 15917651) (CL:N/A)
physical-device-ui-proof	Run physical Android emulator journey	2026-09-07T21:04:37.6408411Z INFO         | Graphics backend: gfxstream
physical-device-ui-proof	Run physical Android emulator journey	2026-09-07T21:04:37.6409146Z INFO         | Found systemPath /usr/local/lib/android/sdk/system-images/android-35/default/x86_64/
physical-device-ui-proof	Run physical Android emulator journey	2026-09-07T21:04:37.6870627Z INFO         | Saving last run QEMU version for the AVD to 2
physical-device-ui-proof	Run physical Android emulator journey	2026-09-07T21:04:37.6871491Z INFO         | Increasing RAM size to 2560MB
physical-device-ui-proof	Run physical Android emulator journey	2026-09-07T21:04:37.6872534Z INFO         | Guest GLES Driver: Auto (ext controls)
physical-device-ui-proof	Run physical Android emulator journey	2026-09-07T21:04:37.6873488Z INFO         | emuglConfig_init: vulkan_mode_selected:swiftshader gles_mode_selected:swiftshader
physical-device-ui-proof	Run physical Android emulator journey	2026-09-07T21:04:37.6874533Z INFO         | Checking system compatibility:
physical-device-ui-proof	Run physical Android emulator journey	2026-09-07T21:04:37.6875249Z INFO         |   Checking: hasSufficientDiskSpace
physical-device-ui-proof	Run physical Android emulator journey	2026-09-07T21:04:37.6876014Z INFO         |      Ok: Disk space requirements to run avd: `test` are met
physical-device-ui-proof	Run physical Android emulator journey	2026-09-07T21:04:37.6876734Z INFO         |   Checking: hasSufficientHwGpu
physical-device-ui-proof	Run physical Android emulator journey	2026-09-07T21:04:37.6877490Z INFO         |      Ok: Hardware GPU compatibility checks are not required
physical-device-ui-proof	Run physical Android emulator journey	2026-09-07T21:04:37.6878487Z INFO         |   Checking: hasSufficientSystem
physical-device-ui-proof	Run physical Android emulator journey	2026-09-07T21:04:37.6879245Z INFO         |      Ok: System requirements to run avd: `test` are met
physical-device-ui-proof	Run physical Android emulator journey	2026-09-07T21:04:37.6880533Z WARNING      | Feature QuickbootFileBacked is disabled due to stability issues, if you really want that, the environment variable ANDROID_EMU_FORCE_QUICKBOOT_FILE_BACKED need to set to 1
physical-device-ui-proof	Run physical Android emulator journey	2026-09-07T21:04:37.9385591Z ERROR        | Unable to connect to adb daemon on port: 5037
physical-device-ui-proof	Run physical Android emulator journey	2026-09-07T21:04:37.9400380Z INFO         | Storing crashdata in: /tmp/android-runner/emu-crash-37.1.11.db, detection is enabled for process: 31938
physical-device-ui-proof	Run physical Android emulator journey	2026-09-07T21:04:37.9401517Z INFO         | Initializing gfxstream backend
physical-device-ui-proof	Run physical Android emulator journey	2026-09-07T21:04:37.9410920Z INFO         | startOpenglesRendererImpl: gpu info
physical-device-ui-proof	Run physical Android emulator journey	2026-09-07T21:04:37.9411725Z INFO         |
physical-device-ui-proof	Run physical Android emulator journey	2026-09-07T21:04:37.9415030Z INFO         | initIcdPaths: ICD set to 'swiftshader', using Swiftshader ICD
physical-device-ui-proof	Run physical Android emulator journey	2026-09-07T21:04:37.9416791Z INFO         | Setting ICD filenames for the loader = /usr/local/lib/android/sdk/emulator/lib64/vulkan/vk_swiftshader_icd.json
physical-device-ui-proof	Run physical Android emulator journey	2026-09-07T21:04:37.9418928Z INFO         | SharedLibrary::open for [/usr/local/lib/android/sdk/emulator/qemu/linux-x86_64/lib64/vulkan/libvulkan.so]
physical-device-ui-proof	Run physical Android emulator journey	2026-09-07T21:04:37.9420631Z INFO         | SharedLibrary::open for [/usr/local/lib/android/sdk/emulator/qemu/linux-x86_64/lib64/vulkan/libvulkan.so.1]
physical-device-ui-proof	Run physical Android emulator journey	2026-09-07T21:04:37.9422536Z INFO         | SharedLibrary::open for [/usr/local/lib/android/sdk/emulator/lib64/vulkan/libvulkan.so]
physical-device-ui-proof	Run physical Android emulator journey	2026-09-07T21:04:37.9423769Z INFO         | Added library: /usr/local/lib/android/sdk/emulator/lib64/vulkan/libvulkan.so
physical-device-ui-proof	Run physical Android emulator journey	2026-09-07T21:04:37.9473914Z INFO         | Selecting Vulkan device: SwiftShader Device (Subzero), Version: 1.3.0
physical-device-ui-proof	Run physical Android emulator journey	2026-09-07T21:04:37.9475233Z INFO         | Using Vulkan externalMemoryMode: OpaqueFd for VkEmulation
physical-device-ui-proof	Run physical Android emulator journey	2026-09-07T21:04:37.9656778Z INFO         | SharedLibrary::open for [libX11]
physical-device-ui-proof	Run physical Android emulator journey	2026-09-07T21:04:37.9657674Z WARNING      | Could not open libX11.so, try libX11.so.6
physical-device-ui-proof	Run physical Android emulator journey	2026-09-07T21:04:37.9658538Z INFO         | SharedLibrary::open for [libX11.so.6]
physical-device-ui-proof	Run physical Android emulator journey	2026-09-07T21:04:37.9659174Z INFO         | SharedLibrary::open for [libX11-xcb]
physical-device-ui-proof	Run physical Android emulator journey	2026-09-07T21:04:37.9659703Z WARNING      | Could not open libX11-xcb.so, try libX11-xcb.so.1
physical-device-ui-proof	Run physical Android emulator journey	2026-09-07T21:04:37.9660585Z INFO         | SharedLibrary::open for [libX11-xcb.so.1]
physical-device-ui-proof	Run physical Android emulator journey	2026-09-07T21:04:37.9712634Z INFO         | Initializing VkEmulation features:
physical-device-ui-proof	Run physical Android emulator journey	2026-09-07T21:04:37.9713462Z INFO         |     glInteropSupported: false
physical-device-ui-proof	Run physical Android emulator journey	2026-09-07T21:04:37.9714500Z INFO         |     useDeferredCommands: true
physical-device-ui-proof	Run physical Android emulator journey	2026-09-07T21:04:37.9715704Z INFO         |     createResourceWithRequirements: true
physical-device-ui-proof	Run physical Android emulator journey	2026-09-07T21:04:37.9716848Z INFO         |     useVulkanComposition: false
physical-device-ui-proof	Run physical Android emulator journey	2026-09-07T21:04:37.9718431Z INFO         |     useVulkanNativeSwapchain: false
physical-device-ui-proof	Run physical Android emulator journey	2026-09-07T21:04:37.9719779Z INFO         |     enable guestRenderDoc: false
physical-device-ui-proof	Run physical Android emulator journey	2026-09-07T21:04:37.9720899Z INFO         |     ASTC LDR emulation mode: Gpu
physical-device-ui-proof	Run physical Android emulator journey	2026-09-07T21:04:37.9721807Z INFO         |     enable ETC2 emulation: true
physical-device-ui-proof	Run physical Android emulator journey	2026-09-07T21:04:37.9722835Z INFO         |     enable Ycbcr emulation: false
physical-device-ui-proof	Run physical Android emulator journey	2026-09-07T21:04:37.9723487Z INFO         |     guestVulkanOnly: false
physical-device-ui-proof	Run physical Android emulator journey	2026-09-07T21:04:37.9724132Z INFO         |     useDedicatedAllocations: false
physical-device-ui-proof	Run physical Android emulator journey	2026-09-07T21:04:37.9724803Z INFO         |     guestVulkanMaxApiVersion: 1.3.0
physical-device-ui-proof	Run physical Android emulator journey	2026-09-07T21:04:37.9725516Z INFO         |     enableProtectedMemoryEmulation: false
physical-device-ui-proof	Run physical Android emulator journey	2026-09-07T21:04:37.9726378Z INFO         | Graphics Adapter Vendor Google (Google Inc.)
physical-device-ui-proof	Run physical Android emulator journey	2026-09-07T21:04:37.9727427Z INFO         | Graphics Adapter Android Emulator OpenGL ES Translator (Google SwiftShader)
physical-device-ui-proof	Run physical Android emulator journey	2026-09-07T21:04:37.9728590Z INFO         | Graphics API Version OpenGL ES 3.0 (OpenGL ES 3.0 SwiftShader 4.0.0.1)
physical-device-ui-proof	Run physical Android emulator journey	2026-09-07T21:04:37.9733727Z INFO         | Graphics API Extensions GL_OES_EGL_sync GL_OES_EGL_image GL_OES_EGL_image_external GL_OES_depth24 GL_OES_depth32 GL_OES_element_index_uint GL_OES_texture_float GL_OES_texture_float_linear GL_OES_compressed_paletted_texture GL_OES_compressed_ETC1_RGB8_texture GL_OES_depth_texture GL_OES_texture_half_float GL_OES_texture_half_float_linear GL_OES_packed_depth_stencil GL_OES_vertex_half_float GL_OES_standard_derivatives GL_OES_texture_npot GL_OES_rgb8_rgba8 GL_EXT_color_buffer_float GL_EXT_color_buffer_half_float GL_EXT_texture_format_BGRA8888 GL_APPLE_texture_format_BGRA8888
physical-device-ui-proof	Run physical Android emulator journey	2026-09-07T21:04:37.9736565Z INFO         | Graphics Device Extensions N/A
physical-device-ui-proof	Run physical Android emulator journey	2026-09-07T21:04:37.9736996Z INFO         | Disabling sparse binding feature support
physical-device-ui-proof	Run physical Android emulator journey	2026-09-07T21:04:37.9812315Z INFO         | Sending adb public key [QAAAAC8pbpkxQnQOMSEokkFFQ45l3hF8deP22bian5YKoEhzZURylRxZKFq5tlXAId9o5qtynAJucK2Bj9JbfwgBzU0gCDtz0hBYRZeoj3VkPt9gQykM9oFQLeBgmgftOVSYA0KvMzbJrLAJP2BsMtocvnGFTKlU0YbxREA4vsm4FbJwVn0yHnQbcq8zc52Vb6wlaAjcqg4DOtKBAwklASDLR/410AD8IDtHrgVfbGdVDXT9Jlb99/PRFVI787gdRMFynIdV1wt9VnR87mTYbpRFWupJPh2320mWxH4UA5bDwAsTA2UBsvVCuUzb5wz+MqA9otKXrzAFP9ECSO5Ei3dY33YgeAy00YMhFGeTDAQNMaHKHpOzj6Jdu09wlkDnof7W/K8PmbqBje9AWUsOFdJj5EIV24zrM3U2flhrOBAFqG/+cDKx0FpKghmgBOeZU8Pi2FIBYvn7A5walSVHy4fGF60asNbaGiejgs6yoRKE5JK5axOK0sjQWf1hfK3FKouJsG2rIre/ntMzg+QF9NArwS5xFWX1uUU/lVC5+3GpdKuX58qFzxKKpnxgYRkroyTsKlm2rWGj/ThqWbgAUdtLIda84KBsncaTVwHKcAHvpG9LtIdD3uO4cRGQ44xjFv8HwVXfuDDpqotcYQgoohHyUjHMh95n7DKm2a5SXBHM/CRogZVvVwEAAQA= runner@unknown]
physical-device-ui-proof	Run physical Android emulator journey	2026-09-07T21:04:37.9818818Z INFO         | Userspace boot properties:
physical-device-ui-proof	Run physical Android emulator journey	2026-09-07T21:04:37.9819423Z INFO         |   androidboot.boot_devices=pci0000:00/0000:00:03.0 pci0000:00/0000:00:06.0
physical-device-ui-proof	Run physical Android emulator journey	2026-09-07T21:04:37.9819966Z INFO         |   androidboot.dalvik.vm.heapsize=576m
physical-device-ui-proof	Run physical Android emulator journey	2026-09-07T21:04:37.9820398Z INFO         |   androidboot.debug.hwui.renderer=skiagl
physical-device-ui-proof	Run physical Android emulator journey	2026-09-07T21:04:37.9820825Z INFO         |   androidboot.debug.sf.nobootanimation=1
physical-device-ui-proof	Run physical Android emulator journey	2026-09-07T21:04:37.9821222Z INFO         |   androidboot.hardware=ranchu
physical-device-ui-proof	Run physical Android emulator journey	2026-09-07T21:04:37.9821622Z INFO         |   androidboot.hardware.gltransport=pipe
physical-device-ui-proof	Run physical Android emulator journey	2026-09-07T21:04:37.9822039Z INFO         |   androidboot.hardware.vulkan=ranchu
physical-device-ui-proof	Run physical Android emulator journey	2026-09-07T21:04:37.9823011Z INFO         |   androidboot.logcat=*:V
physical-device-ui-proof	Run physical Android emulator journey	2026-09-07T21:04:37.9823653Z INFO         |   androidboot.opengles.version=196608
physical-device-ui-proof	Run physical Android emulator journey	2026-09-07T21:04:37.9824303Z INFO         |   androidboot.qemu=1
physical-device-ui-proof	Run physical Android emulator journey	2026-09-07T21:04:37.9832744Z INFO         |   androidboot.qemu.adb.pubkey=QAAAAC8pbpkxQnQOMSEokkFFQ45l3hF8deP22bian5YKoEhzZURylRxZKFq5tlXAId9o5qtynAJucK2Bj9JbfwgBzU0gCDtz0hBYRZeoj3VkPt9gQykM9oFQLeBgmgftOVSYA0KvMzbJrLAJP2BsMtocvnGFTKlU0YbxREA4vsm4FbJwVn0yHnQbcq8zc52Vb6wlaAjcqg4DOtKBAwklASDLR/410AD8IDtHrgVfbGdVDXT9Jlb99/PRFVI787gdRMFynIdV1wt9VnR87mTYbpRFWupJPh2320mWxH4UA5bDwAsTA2UBsvVCuUzb5wz+MqA9otKXrzAFP9ECSO5Ei3dY33YgeAy00YMhFGeTDAQNMaHKHpOzj6Jdu09wlkDnof7W/K8PmbqBje9AWUsOFdJj5EIV24zrM3U2flhrOBAFqG/+cDKx0FpKghmgBOeZU8Pi2FIBYvn7A5walSVHy4fGF60asNbaGiejgs6yoRKE5JK5axOK0sjQWf1hfK3FKouJsG2rIre/ntMzg+QF9NArwS5xFWX1uUU/lVC5+3GpdKuX58qFzxKKpnxgYRkroyTsKlm2rWGj/ThqWbgAUdtLIda84KBsncaTVwHKcAHvpG9LtIdD3uO4cRGQ44xjFv8HwVXfuDDpqotcYQgoohHyUjHMh95n7DKm2a5SXBHM/CRogZVvVwEAAQA= runner@unknown
physical-device-ui-proof	Run physical Android emulator journey	2026-09-07T21:04:37.9840005Z INFO         |   androidboot.qemu.avd_name=test
physical-device-ui-proof	Run physical Android emulator journey	2026-09-07T21:04:37.9840791Z INFO         |   androidboot.qemu.camera_hq_edge_processing=0
physical-device-ui-proof	Run physical Android emulator journey	2026-09-07T21:04:37.9841596Z INFO         |   androidboot.qemu.camera_protocol_ver=1
physical-device-ui-proof	Run physical Android emulator journey	2026-09-07T21:04:37.9842619Z INFO         |   androidboot.qemu.cpuvulkan.version=4206592
physical-device-ui-proof	Run physical Android emulator journey	2026-09-07T21:04:37.9843506Z INFO         |   androidboot.qemu.gltransport.drawFlushInterval=800
physical-device-ui-proof	Run physical Android emulator journey	2026-09-07T21:04:37.9844506Z INFO         |   androidboot.qemu.gltransport.name=pipe
physical-device-ui-proof	Run physical Android emulator journey	2026-09-07T21:04:37.9845247Z INFO         |   androidboot.qemu.hwcodec.avcdec=2
physical-device-ui-proof	Run physical Android emulator journey	2026-09-07T21:04:37.9846002Z INFO         |   androidboot.qemu.hwcodec.hevcdec=2
physical-device-ui-proof	Run physical Android emulator journey	2026-09-07T21:04:37.9846722Z INFO         |   androidboot.qemu.hwcodec.vpxdec=2
physical-device-ui-proof	Run physical Android emulator journey	2026-09-07T21:04:37.9847642Z INFO         |   androidboot.qemu.settings.system.screen_off_timeout=2147483647
physical-device-ui-proof	Run physical Android emulator journey	2026-09-07T21:04:37.9848472Z INFO         |   androidboot.qemu.skin=1080x2400
physical-device-ui-proof	Run physical Android emulator journey	2026-09-07T21:04:37.9849103Z INFO         |   androidboot.qemu.virtiowifi=1
physical-device-ui-proof	Run physical Android emulator journey	2026-09-07T21:04:37.9849739Z INFO         |   androidboot.qemu.vsync=60
physical-device-ui-proof	Run physical Android emulator journey	2026-09-07T21:04:37.9850404Z INFO         |   androidboot.serialno=EMULATOR37X1X11X0
physical-device-ui-proof	Run physical Android emulator journey	2026-09-07T21:04:37.9851809Z INFO         |   androidboot.vbmeta.digest=602b0c809848f3be570a96601071931225108ec3b3739d99a1dc41db38efe83c
physical-device-ui-proof	Run physical Android emulator journey	2026-09-07T21:04:37.9853109Z INFO         |   androidboot.vbmeta.hash_alg=sha256
physical-device-ui-proof	Run physical Android emulator journey	2026-09-07T21:04:37.9853727Z INFO         |   androidboot.vbmeta.size=6720
physical-device-ui-proof	Run physical Android emulator journey	2026-09-07T21:04:37.9854372Z INFO         |   androidboot.veritymode=enforcing
physical-device-ui-proof	Run physical Android emulator journey	2026-09-07T21:04:38.0003581Z WARNING: cannnot unmap ptr 0x7fc143401000 as it is in the protected range from 0x7fc0a3400000 to 0x7fc143600000
physical-device-ui-proof	Run physical Android emulator journey	2026-09-07T21:04:38.0244641Z INFO         | Monitoring duration of emulator setup.
physical-device-ui-proof	Run physical Android emulator journey	2026-09-07T21:04:41.0246736Z INFO         | Successfully initialized netsim WiFi
physical-device-ui-proof	Run physical Android emulator journey	2026-09-07T21:04:41.0248214Z INFO         | Activated packet streamer for bluetooth emulation
physical-device-ui-proof	Run physical Android emulator journey	2026-09-07T21:04:41.0333465Z INFO         | Setting display: 0 configuration to: 1080x2400, dpi: 420x420
physical-device-ui-proof	Run physical Android emulator journey	2026-09-07T21:04:41.0334797Z INFO         | setDisplayActiveConfig: id:0, 1080x2400
physical-device-ui-proof	Run physical Android emulator journey	2026-09-07T21:04:41.0336070Z INFO         | emulatorSetupEnvironment: Environment scene is not required
physical-device-ui-proof	Run physical Android emulator journey	2026-09-07T21:04:41.0430492Z USER_INFO    | Emulator is performing a full startup. This may take upto two minutes, or more.
physical-device-ui-proof	Run physical Android emulator journey	2026-09-07T21:04:41.0433282Z WARNING      | Failed to process .ini file /home/runner/.android/emu-update-last-check.ini for reading.
physical-device-ui-proof	Run physical Android emulator journey	2026-09-07T21:04:41.2806121Z WARNING      | Failed to process .ini file /home/runner/.android/emu-update-last-check.ini for reading.
physical-device-ui-proof	Run physical Android emulator journey	2026-09-07T21:04:47.6321138Z [command]/usr/local/lib/android/sdk/platform-tools/adb -s emulator-5554 shell getprop sys.boot_completed
physical-device-ui-proof	Run physical Android emulator journey	2026-09-07T21:04:47.6411285Z * daemon not running; starting now at tcp:5037
physical-device-ui-proof	Run physical Android emulator journey	2026-09-07T21:04:47.6508550Z * daemon started successfully
physical-device-ui-proof	Run physical Android emulator journey	2026-09-07T21:04:47.6530345Z adb: device offline
physical-device-ui-proof	Run physical Android emulator journey	2026-09-07T21:04:47.6533301Z The process '/usr/local/lib/android/sdk/platform-tools/adb' failed with exit code 1
physical-device-ui-proof	Run physical Android emulator journey	2026-09-07T21:04:49.6562442Z [command]/usr/local/lib/android/sdk/platform-tools/adb -s emulator-5554 shell getprop sys.boot_completed
physical-device-ui-proof	Run physical Android emulator journey	2026-09-07T21:04:49.6609054Z adb: device offline
physical-device-ui-proof	Run physical Android emulator journey	2026-09-07T21:04:49.6617391Z The process '/usr/local/lib/android/sdk/platform-tools/adb' failed with exit code 1
physical-device-ui-proof	Run physical Android emulator journey	2026-09-07T21:04:51.6684174Z [command]/usr/local/lib/android/sdk/platform-tools/adb -s emulator-5554 shell getprop sys.boot_completed
physical-device-ui-proof	Run physical Android emulator journey	2026-09-07T21:04:51.6765962Z adb: device offline
physical-device-ui-proof	Run physical Android emulator journey	2026-09-07T21:04:51.6773728Z The process '/usr/local/lib/android/sdk/platform-tools/adb' failed with exit code 1
physical-device-ui-proof	Run physical Android emulator journey	2026-09-07T21:04:53.6832841Z [command]/usr/local/lib/android/sdk/platform-tools/adb -s emulator-5554 shell getprop sys.boot_completed
physical-device-ui-proof	Run physical Android emulator journey	2026-09-07T21:04:53.7077337Z
physical-device-ui-proof	Run physical Android emulator journey	2026-09-07T21:04:55.7186267Z [command]/usr/local/lib/android/sdk/platform-tools/adb -s emulator-5554 shell getprop sys.boot_completed
physical-device-ui-proof	Run physical Android emulator journey	2026-09-07T21:04:55.7458123Z
physical-device-ui-proof	Run physical Android emulator journey	2026-09-07T21:04:57.7517502Z [command]/usr/local/lib/android/sdk/platform-tools/adb -s emulator-5554 shell getprop sys.boot_completed
physical-device-ui-proof	Run physical Android emulator journey	2026-09-07T21:04:57.7894473Z
physical-device-ui-proof	Run physical Android emulator journey	2026-09-07T21:04:59.7935553Z [command]/usr/local/lib/android/sdk/platform-tools/adb -s emulator-5554 shell getprop sys.boot_completed
physical-device-ui-proof	Run physical Android emulator journey	2026-09-07T21:04:59.8553344Z
physical-device-ui-proof	Run physical Android emulator journey	2026-09-07T21:05:01.8626734Z [command]/usr/local/lib/android/sdk/platform-tools/adb -s emulator-5554 shell getprop sys.boot_completed
physical-device-ui-proof	Run physical Android emulator journey	2026-09-07T21:05:01.8803947Z
physical-device-ui-proof	Run physical Android emulator journey	2026-09-07T21:05:03.8885807Z [command]/usr/local/lib/android/sdk/platform-tools/adb -s emulator-5554 shell getprop sys.boot_completed
physical-device-ui-proof	Run physical Android emulator journey	2026-09-07T21:05:03.9161054Z
physical-device-ui-proof	Run physical Android emulator journey	2026-09-07T21:05:05.9231326Z [command]/usr/local/lib/android/sdk/platform-tools/adb -s emulator-5554 shell getprop sys.boot_completed
physical-device-ui-proof	Run physical Android emulator journey	2026-09-07T21:05:05.9511914Z
physical-device-ui-proof	Run physical Android emulator journey	2026-09-07T21:05:07.9584031Z [command]/usr/local/lib/android/sdk/platform-tools/adb -s emulator-5554 shell getprop sys.boot_completed
physical-device-ui-proof	Run physical Android emulator journey	2026-09-07T21:05:07.9873367Z
physical-device-ui-proof	Run physical Android emulator journey	2026-09-07T21:05:10.0014073Z [command]/usr/local/lib/android/sdk/platform-tools/adb -s emulator-5554 shell getprop sys.boot_completed
physical-device-ui-proof	Run physical Android emulator journey	2026-09-07T21:05:10.0270511Z
physical-device-ui-proof	Run physical Android emulator journey	2026-09-07T21:05:12.0380480Z [command]/usr/local/lib/android/sdk/platform-tools/adb -s emulator-5554 shell getprop sys.boot_completed
physical-device-ui-proof	Run physical Android emulator journey	2026-09-07T21:05:12.0923079Z
physical-device-ui-proof	Run physical Android emulator journey	2026-09-07T21:05:12.6533594Z INFO         | Boot completed in 34983 ms
physical-device-ui-proof	Run physical Android emulator journey	2026-09-07T21:05:12.6534812Z INFO         | Increasing screen off timeout, logcat buffer size to 2M.
physical-device-ui-proof	Run physical Android emulator journey	2026-09-07T21:05:14.0986351Z [command]/usr/local/lib/android/sdk/platform-tools/adb -s emulator-5554 shell getprop sys.boot_completed
physical-device-ui-proof	Run physical Android emulator journey	2026-09-07T21:05:14.1260485Z 1
physical-device-ui-proof	Run physical Android emulator journey	2026-09-07T21:05:14.1281105Z Emulator booted.
physical-device-ui-proof	Run physical Android emulator journey	2026-09-07T21:05:14.1312779Z [command]/usr/local/lib/android/sdk/platform-tools/adb -s emulator-5554 shell input keyevent 82
physical-device-ui-proof	Run physical Android emulator journey	2026-09-07T21:05:18.8703179Z ##[endgroup]
physical-device-ui-proof	Run physical Android emulator journey	2026-09-07T21:05:18.8843888Z [command]/usr/bin/sh -c mkdir -p artifacts/intent-shell-device
physical-device-ui-proof	Run physical Android emulator journey	2026-09-07T21:05:18.9083631Z [command]/usr/bin/sh -c adb install -r android/app/build/outputs/apk/release/app-release.apk
physical-device-ui-proof	Run physical Android emulator journey	2026-09-07T21:05:26.0343544Z Performing Streamed Install
physical-device-ui-proof	Run physical Android emulator journey	2026-09-07T21:05:26.0397594Z Success
physical-device-ui-proof	Run physical Android emulator journey	2026-09-07T21:05:26.0443302Z [command]/usr/bin/sh -c adb shell settings put system pointer_location 0 || true
physical-device-ui-proof	Run physical Android emulator journey	2026-09-07T21:05:26.2509432Z [command]/usr/bin/sh -c bash scripts/intent_shell_run_journey.sh
physical-device-ui-proof	Run physical Android emulator journey	2026-09-07T21:06:41.0861349Z ERROR        | Failed to find ColorBuffer: 127
physical-device-ui-proof	Run physical Android emulator journey	2026-09-07T21:12:23.3758278Z ERROR        | Failed to find ColorBuffer: 237
physical-device-ui-proof	Run physical Android emulator journey	2026-09-07T21:14:59.6308142Z ERROR        | Failed to find ColorBuffer: 251
physical-device-ui-proof	Run physical Android emulator journey	2026-09-07T21:16:03.7727543Z APP_START returncode=0 stdout=Starting: Intent { cmp=rs.uskoci.n04proof/.MainActivity }
physical-device-ui-proof	Run physical Android emulator journey	2026-09-07T21:16:03.7728622Z Status: ok
physical-device-ui-proof	Run physical Android emulator journey	2026-09-07T21:16:03.7729024Z LaunchState: COLD
physical-device-ui-proof	Run physical Android emulator journey	2026-09-07T21:16:03.7729436Z Activity: rs.uskoci.n04proof/.MainActivity
physical-device-ui-proof	Run physical Android emulator journey	2026-09-07T21:16:03.7729963Z TotalTime: 1877
physical-device-ui-proof	Run physical Android emulator journey	2026-09-07T21:16:03.7730364Z WaitTime: 1887
physical-device-ui-proof	Run physical Android emulator journey	2026-09-07T21:16:03.7730678Z Complete
physical-device-ui-proof	Run physical Android emulator journey	2026-09-07T21:16:03.7730895Z  stderr=
physical-device-ui-proof	Run physical Android emulator journey	2026-09-07T21:16:03.7731431Z CHECKPOINT SIGNED_OUT_AUTH_NO_PRIVATE_TABS
physical-device-ui-proof	Run physical Android emulator journey	2026-09-07T21:16:03.7732775Z CHECKPOINT AUTH_SHEET_OPEN attempt=1
physical-device-ui-proof	Run physical Android emulator journey	2026-09-07T21:16:03.7734481Z CHECKPOINT UI_TEXT_ENTERED field=0 attempt=1
physical-device-ui-proof	Run physical Android emulator journey	2026-09-07T21:16:03.7735465Z CHECKPOINT UI_TEXT_ENTERED field=1 attempt=1
physical-device-ui-proof	Run physical Android emulator journey	2026-09-07T21:16:03.7736212Z EVIDENCE INBOX_requester_one_event
physical-device-ui-proof	Run physical Android emulator journey	2026-09-07T21:16:03.7736798Z EVIDENCE INBOX_role_empty
physical-device-ui-proof	Run physical Android emulator journey	2026-09-07T21:16:03.7737358Z EVIDENCE INBOX_requester_read_all
physical-device-ui-proof	Run physical Android emulator journey	2026-09-07T21:16:03.7737947Z EVIDENCE INBOX_bell_zero
physical-device-ui-proof	Run physical Android emulator journey	2026-09-07T21:16:03.7738979Z APP_START returncode=0 stdout=Starting: Intent { cmp=rs.uskoci.n04proof/.MainActivity }
physical-device-ui-proof	Run physical Android emulator journey	2026-09-07T21:16:03.7739893Z Status: ok
physical-device-ui-proof	Run physical Android emulator journey	2026-09-07T21:16:03.7740378Z LaunchState: COLD
physical-device-ui-proof	Run physical Android emulator journey	2026-09-07T21:16:03.7740967Z Activity: rs.uskoci.n04proof/.MainActivity
physical-device-ui-proof	Run physical Android emulator journey	2026-09-07T21:16:03.7741580Z TotalTime: 1632
physical-device-ui-proof	Run physical Android emulator journey	2026-09-07T21:16:03.7742062Z WaitTime: 1640
physical-device-ui-proof	Run physical Android emulator journey	2026-09-07T21:16:03.7742751Z Complete
physical-device-ui-proof	Run physical Android emulator journey	2026-09-07T21:16:03.7743027Z  stderr=
physical-device-ui-proof	Run physical Android emulator journey	2026-09-07T21:16:03.7743415Z CHECKPOINT SIGNED_OUT_AUTH_NO_PRIVATE_TABS
physical-device-ui-proof	Run physical Android emulator journey	2026-09-07T21:16:03.7743873Z CHECKPOINT AUTH_SHEET_OPEN attempt=1
physical-device-ui-proof	Run physical Android emulator journey	2026-09-07T21:16:03.7744718Z CHECKPOINT UI_TEXT_ENTERED field=0 attempt=1
physical-device-ui-proof	Run physical Android emulator journey	2026-09-07T21:16:03.7745284Z CHECKPOINT UI_TEXT_ENTERED field=1 attempt=1
physical-device-ui-proof	Run physical Android emulator journey	2026-09-07T21:16:03.7745644Z EVIDENCE INBOX_worker_selection_unread
physical-device-ui-proof	Run physical Android emulator journey	2026-09-07T21:16:03.7746026Z EVIDENCE INBOX_selection_opens_real_agreement
physical-device-ui-proof	Run physical Android emulator journey	2026-09-07T21:16:03.7746389Z EVIDENCE INBOX_selection_read_confirmed
physical-device-ui-proof	Run physical Android emulator journey	2026-09-07T21:16:03.7746726Z EVIDENCE INBOX_next_page_available
physical-device-ui-proof	Run physical Android emulator journey	2026-09-07T21:16:03.7747108Z EVIDENCE INBOX_second_page_loaded
physical-device-ui-proof	Run physical Android emulator journey	2026-09-07T21:16:03.7747493Z EVIDENCE INBOX_worker_read_all
physical-device-ui-proof	Run physical Android emulator journey	2026-09-07T21:16:03.7749028Z CHECKPOINT GATES_UNCHANGED {'publication_policy_bundles': '0', 'publication_decisions': '0', 'preselection_questions': '0', 'preselection_answers': '0', 'preselection_policy': '0', 'preselection_materiality': '0', 'preselection_commands': '0', 'fastest_needs': '0', 'autofill_selections': '0'}
physical-device-ui-proof	Run physical Android emulator journey	2026-09-07T21:16:03.7750476Z PASS N04_PHYSICAL_INBOX two_real_auth event_read role_empty pagination bell agreement_target no_push
physical-device-ui-proof	Run physical Android emulator journey	2026-09-07T21:16:03.7751482Z PASS NAV_LOCAL_FIXTURE extra_open_need original_N04_fixture_preserved production_not_touched
physical-device-ui-proof	Run physical Android emulator journey	2026-09-07T21:16:03.7752675Z START PHYSICAL_INTENT_SHELL_JOURNEY
physical-device-ui-proof	Run physical Android emulator journey	2026-09-07T21:16:03.7753974Z APP_START returncode=0 stdout=Starting: Intent { cmp=rs.uskoci.n04proof/.MainActivity }
physical-device-ui-proof	Run physical Android emulator journey	2026-09-07T21:16:03.7754837Z Status: ok
physical-device-ui-proof	Run physical Android emulator journey	2026-09-07T21:16:03.7755295Z LaunchState: COLD
physical-device-ui-proof	Run physical Android emulator journey	2026-09-07T21:16:03.7755645Z Activity: rs.uskoci.n04proof/.MainActivity
physical-device-ui-proof	Run physical Android emulator journey	2026-09-07T21:16:03.7755941Z TotalTime: 2559
physical-device-ui-proof	Run physical Android emulator journey	2026-09-07T21:16:03.7756161Z WaitTime: 2601
physical-device-ui-proof	Run physical Android emulator journey	2026-09-07T21:16:03.7756362Z Complete
physical-device-ui-proof	Run physical Android emulator journey	2026-09-07T21:16:03.7756546Z  stderr=
physical-device-ui-proof	Run physical Android emulator journey	2026-09-07T21:16:03.7756815Z CHECKPOINT SIGNED_OUT_AUTH_NO_PRIVATE_TABS
physical-device-ui-proof	Run physical Android emulator journey	2026-09-07T21:16:03.7757126Z EVIDENCE ENTRY_welcome
physical-device-ui-proof	Run physical Android emulator journey	2026-09-07T21:16:03.7757410Z CHECKPOINT AUTH_SHEET_OPEN attempt=1
physical-device-ui-proof	Run physical Android emulator journey	2026-09-07T21:16:03.7757698Z EVIDENCE ENTRY_login
physical-device-ui-proof	Run physical Android emulator journey	2026-09-07T21:16:03.7757947Z EVIDENCE ENTRY_empty_error
physical-device-ui-proof	Run physical Android emulator journey	2026-09-07T21:16:03.7758215Z EVIDENCE ENTRY_recovery_gated
physical-device-ui-proof	Run physical Android emulator journey	2026-09-07T21:16:03.7758485Z EVIDENCE ENTRY_registration
physical-device-ui-proof	Run physical Android emulator journey	2026-09-07T21:16:03.7758778Z EVIDENCE ENTRY_back_to_welcome
physical-device-ui-proof	Run physical Android emulator journey	2026-09-07T21:16:03.7759576Z APP_START returncode=0 stdout=Starting: Intent { cmp=rs.uskoci.n04proof/.MainActivity }
physical-device-ui-proof	Run physical Android emulator journey	2026-09-07T21:16:03.7760101Z Status: ok
physical-device-ui-proof	Run physical Android emulator journey	2026-09-07T21:16:03.7760329Z LaunchState: COLD
physical-device-ui-proof	Run physical Android emulator journey	2026-09-07T21:16:03.7760631Z Activity: rs.uskoci.n04proof/.MainActivity
physical-device-ui-proof	Run physical Android emulator journey	2026-09-07T21:16:03.7760927Z TotalTime: 1449
physical-device-ui-proof	Run physical Android emulator journey	2026-09-07T21:16:03.7776749Z WaitTime: 1473
physical-device-ui-proof	Run physical Android emulator journey	2026-09-07T21:16:03.7777168Z Complete
physical-device-ui-proof	Run physical Android emulator journey	2026-09-07T21:16:03.7777484Z  stderr=
physical-device-ui-proof	Run physical Android emulator journey	2026-09-07T21:16:03.7777801Z CHECKPOINT SIGNED_OUT_AUTH_NO_PRIVATE_TABS
physical-device-ui-proof	Run physical Android emulator journey	2026-09-07T21:16:03.7778509Z EVIDENCE ENTRY_reduced_motion_welcome
physical-device-ui-proof	Run physical Android emulator journey	2026-09-07T21:16:03.7779587Z PASS SPOJ_ENTRY_PHYSICAL welcome login empty_error recovery_gated registration back os_reduced_motion_welcome_reachable
physical-device-ui-proof	Run physical Android emulator journey	2026-09-07T21:16:03.7780893Z APP_START returncode=0 stdout=Starting: Intent { cmp=rs.uskoci.n04proof/.MainActivity }
physical-device-ui-proof	Run physical Android emulator journey	2026-09-07T21:16:03.7781586Z Status: ok
physical-device-ui-proof	Run physical Android emulator journey	2026-09-07T21:16:03.7781923Z LaunchState: COLD
physical-device-ui-proof	Run physical Android emulator journey	2026-09-07T21:16:03.7782673Z Activity: rs.uskoci.n04proof/.MainActivity
physical-device-ui-proof	Run physical Android emulator journey	2026-09-07T21:16:03.7783158Z TotalTime: 1772
physical-device-ui-proof	Run physical Android emulator journey	2026-09-07T21:16:03.7783493Z WaitTime: 1778
physical-device-ui-proof	Run physical Android emulator journey	2026-09-07T21:16:03.7783801Z Complete
physical-device-ui-proof	Run physical Android emulator journey	2026-09-07T21:16:03.7784083Z  stderr=
physical-device-ui-proof	Run physical Android emulator journey	2026-09-07T21:16:03.7784519Z CHECKPOINT SIGNED_OUT_AUTH_NO_PRIVATE_TABS
physical-device-ui-proof	Run physical Android emulator journey	2026-09-07T21:16:03.7785073Z CHECKPOINT AUTH_SHEET_OPEN attempt=1
physical-device-ui-proof	Run physical Android emulator journey	2026-09-07T21:16:03.7785628Z CHECKPOINT UI_TEXT_ENTERED field=0 attempt=1
physical-device-ui-proof	Run physical Android emulator journey	2026-09-07T21:16:03.7786258Z CHECKPOINT UI_TEXT_ENTERED field=1 attempt=1
physical-device-ui-proof	Run physical Android emulator journey	2026-09-07T21:16:03.7787132Z CHECKPOINT THREE_ZONES intent=requester labels=('Zadaci', 'Novi Zadatak', 'Dogovori')
physical-device-ui-proof	Run physical Android emulator journey	2026-09-07T21:16:03.7787868Z EVIDENCE NAV_requester_tasks
physical-device-ui-proof	Run physical Android emulator journey	2026-09-07T21:16:03.7788989Z CHECKPOINT LOCAL_AI_CONVERSATION_OPEN account=edc61d5b-87c2-4aad-b467-bcb498dae343 before=0 after=1 no_message_no_publication
physical-device-ui-proof	Run physical Android emulator journey	2026-09-07T21:16:03.7789988Z EVIDENCE NAV_requester_new_task
physical-device-ui-proof	Run physical Android emulator journey	2026-09-07T21:16:03.7790790Z CHECKPOINT THREE_ZONES intent=requester labels=('Zadaci', 'Novi Zadatak', 'Dogovori')
physical-device-ui-proof	Run physical Android emulator journey	2026-09-07T21:16:03.7791865Z CHECKPOINT THREE_ZONES intent=requester labels=('Zadaci', 'Novi Zadatak', 'Dogovori')
physical-device-ui-proof	Run physical Android emulator journey	2026-09-07T21:16:03.7794279Z CHECKPOINT AGREEMENT_METADATA_VISIBLE intent=requester full_schedule full_amount within_card_and_screen bounds={'title': (87, 441, 790, 499), 'schedule': (142, 616, 311, 664), 'amount': (764, 616, 931, 664)}
physical-device-ui-proof	Run physical Android emulator journey	2026-09-07T21:16:03.7795656Z EVIDENCE NAV_requester_agreements
physical-device-ui-proof	Run physical Android emulator journey	2026-09-07T21:16:03.7796712Z CHECKPOINT OWN_PROFILE account=edc61d5b-87c2-4aad-b467-bcb498dae343 kind=REQUESTER actual_name_city no_dummy_trust
physical-device-ui-proof	Run physical Android emulator journey	2026-09-07T21:16:03.7797698Z EVIDENCE NAV_requester_profile
physical-device-ui-proof	Run physical Android emulator journey	2026-09-07T21:16:03.7798493Z CHECKPOINT THREE_ZONES intent=requester labels=('Zadaci', 'Novi Zadatak', 'Dogovori')
physical-device-ui-proof	Run physical Android emulator journey	2026-09-07T21:16:03.7799242Z EVIDENCE NAV_profile_back
physical-device-ui-proof	Run physical Android emulator journey	2026-09-07T21:16:03.7799693Z EVIDENCE NAV_inbox
physical-device-ui-proof	Run physical Android emulator journey	2026-09-07T21:16:03.7800425Z CHECKPOINT THREE_ZONES intent=requester labels=('Zadaci', 'Novi Zadatak', 'Dogovori')
physical-device-ui-proof	Run physical Android emulator journey	2026-09-07T21:16:03.7801170Z EVIDENCE NAV_inbox_back
physical-device-ui-proof	Run physical Android emulator journey	2026-09-07T21:16:03.7801945Z CHECKPOINT THREE_ZONES intent=worker labels=('Prijave', 'Zadaci', 'Dogovori')
physical-device-ui-proof	Run physical Android emulator journey	2026-09-07T21:16:03.7803075Z EVIDENCE NAV_same_account_worker_discovery
physical-device-ui-proof	Run physical Android emulator journey	2026-09-07T21:16:03.7804216Z CHECKPOINT OWN_PROFILE account=edc61d5b-87c2-4aad-b467-bcb498dae343 kind=WORKER actual_name_city no_dummy_trust
physical-device-ui-proof	Run physical Android emulator journey	2026-09-07T21:16:03.7805478Z EVIDENCE NAV_same_account_worker_profile
physical-device-ui-proof	Run physical Android emulator journey	2026-09-07T21:16:03.7806068Z CHECKPOINT SIGNED_OUT_AUTH_NO_PRIVATE_TABS
physical-device-ui-proof	Run physical Android emulator journey	2026-09-07T21:16:03.7806535Z EVIDENCE NAV_signed_out
physical-device-ui-proof	Run physical Android emulator journey	2026-09-07T21:16:03.7807024Z CHECKPOINT SIGNED_OUT_AUTH_NO_PRIVATE_TABS
physical-device-ui-proof	Run physical Android emulator journey	2026-09-07T21:16:03.7807580Z CHECKPOINT UI_TEXT_ENTERED field=0 attempt=1
physical-device-ui-proof	Run physical Android emulator journey	2026-09-07T21:16:03.7808134Z CHECKPOINT UI_TEXT_ENTERED field=1 attempt=1
physical-device-ui-proof	Run physical Android emulator journey	2026-09-07T21:16:03.7809041Z CHECKPOINT THREE_ZONES intent=requester labels=('Zadaci', 'Novi Zadatak', 'Dogovori')
physical-device-ui-proof	Run physical Android emulator journey	2026-09-07T21:16:03.7809801Z EVIDENCE NAV_second_account_requester_empty
physical-device-ui-proof	Run physical Android emulator journey	2026-09-07T21:16:03.7810921Z CHECKPOINT OWN_PROFILE account=9a956706-89b2-4639-8bab-6965461480d0 kind=REQUESTER actual_name_city no_dummy_trust
physical-device-ui-proof	Run physical Android emulator journey	2026-09-07T21:16:03.7811823Z EVIDENCE NAV_second_account_profile
physical-device-ui-proof	Run physical Android emulator journey	2026-09-07T21:16:03.7812792Z CHECKPOINT THREE_ZONES intent=worker labels=('Prijave', 'Zadaci', 'Dogovori')
physical-device-ui-proof	Run physical Android emulator journey	2026-09-07T21:16:03.7813529Z EVIDENCE NAV_second_account_worker_discovery
physical-device-ui-proof	Run physical Android emulator journey	2026-09-07T21:16:03.7814014Z EVIDENCE NAV_task_detail
physical-device-ui-proof	Run physical Android emulator journey	2026-09-07T21:16:03.7814694Z CHECKPOINT THREE_ZONES intent=worker labels=('Prijave', 'Zadaci', 'Dogovori')
physical-device-ui-proof	Run physical Android emulator journey	2026-09-07T21:16:03.7815341Z EVIDENCE NAV_task_detail_back
physical-device-ui-proof	Run physical Android emulator journey	2026-09-07T21:16:03.7816045Z CHECKPOINT THREE_ZONES intent=worker labels=('Prijave', 'Zadaci', 'Dogovori')
physical-device-ui-proof	Run physical Android emulator journey	2026-09-07T21:16:03.7816726Z EVIDENCE NAV_worker_applications
physical-device-ui-proof	Run physical Android emulator journey	2026-09-07T21:16:03.7817419Z CHECKPOINT THREE_ZONES intent=worker labels=('Prijave', 'Zadaci', 'Dogovori')
physical-device-ui-proof	Run physical Android emulator journey	2026-09-07T21:16:03.7819126Z CHECKPOINT AGREEMENT_METADATA_VISIBLE intent=worker full_schedule full_amount within_card_and_screen bounds={'title': (87, 441, 790, 499), 'schedule': (142, 664, 311, 712), 'amount': (764, 664, 931, 712)}
physical-device-ui-proof	Run physical Android emulator journey	2026-09-07T21:16:03.7820373Z EVIDENCE NAV_worker_agreements
physical-device-ui-proof	Run physical Android emulator journey	2026-09-07T21:16:03.7822713Z CHECKPOINT GATES_UNCHANGED {'publication_policy_bundles': '0', 'publication_decisions': '0', 'preselection_questions': '0', 'preselection_answers': '0', 'preselection_policy': '0', 'preselection_materiality': '0', 'preselection_commands': '0', 'fastest_needs': '0', 'autofill_selections': '0'}
physical-device-ui-proof	Run physical Android emulator journey	2026-09-07T21:16:03.7825537Z PASS PHYSICAL_INTENT_SHELL two_intents three_zones real_profiles inbox_back detail_back ui_logout different_account_no_clear no_fake_map no_application_selection_mutation no_push
physical-device-ui-proof	Run physical Android emulator journey	2026-09-07T21:16:03.7826984Z ##[group]Terminate Emulator
physical-device-ui-proof	Run physical Android emulator journey	2026-09-07T21:16:03.7827713Z [command]/usr/local/lib/android/sdk/platform-tools/adb -s emulator-5554 emu kill
physical-device-ui-proof	Run physical Android emulator journey	2026-09-07T21:16:03.7828394Z OK: killing emulator, bye bye
physical-device-ui-proof	Run physical Android emulator journey	2026-09-07T21:16:03.7828773Z OK
physical-device-ui-proof	Run physical Android emulator journey	2026-09-07T21:16:03.7829248Z ##[endgroup]
physical-device-ui-proof	Run physical Android emulator journey	2026-09-07T21:16:03.7830777Z INFO         | Wait for emulator (pid 31938) 20 seconds to shutdown gracefully before kill;you can set environment variable ANDROID_EMULATOR_WAIT_TIME_BEFORE_KILL(in seconds) to change the default value (20 seconds)
physical-device-ui-proof	Run physical Android emulator journey	2026-09-07T21:16:03.7832326Z
physical-device-ui-proof	Run physical Android emulator journey	2026-09-07T21:16:03.7995958Z USER_INFO    | Snapshots have been disabled by the user, save request is ignored.
physical-device-ui-proof	Run physical Android emulator journey	2026-09-07T21:16:03.7997583Z INFO         | Saving snapshot 'default_boot' using 1 ms
physical-device-ui-proof	Run physical Android emulator journey	2026-09-07T21:16:04.3721689Z ERROR        | stop: Not implemented
physical-device-ui-proof	Run physical Android emulator journey	2026-09-07T21:16:04.3723343Z WARNING      | Emulator client has not yet been configured.. Call configure me first!
physical-device-ui-proof	Run physical Android emulator journey	2026-09-07T21:16:04.3857491Z INFO         | removeAll
physical-device-ui-proof	Run physical Android emulator journey	2026-09-07T21:16:04.4346193Z WARNING      | Netsim Wifi dns:///localhost:36343 is gone due to Stream removed (CANCELLED)
physical-device-ui-proof	Validate physical Inbox evidence chain	﻿2026-09-07T21:16:05.2546716Z ##[group]Run grep -F 'PASS N04_PHYSICAL_INBOX' artifacts/intent-shell-device/proof.log
physical-device-ui-proof	Validate physical Inbox evidence chain	2026-09-07T21:16:05.2547359Z ^[[36;1mgrep -F 'PASS N04_PHYSICAL_INBOX' artifacts/intent-shell-device/proof.log^[[0m
physical-device-ui-proof	Validate physical Inbox evidence chain	2026-09-07T21:16:05.2547914Z ^[[36;1mgrep -F 'CHECKPOINT GATES_UNCHANGED' artifacts/intent-shell-device/proof.log^[[0m
physical-device-ui-proof	Validate physical Inbox evidence chain	2026-09-07T21:16:05.2549163Z ^[[36;1mfor checkpoint in INBOX_requester_one_event INBOX_role_empty INBOX_requester_read_all INBOX_bell_zero INBOX_worker_selection_unread INBOX_selection_opens_real_agreement INBOX_selection_read_confirmed INBOX_next_page_available INBOX_second_page_loaded INBOX_worker_read_all; do^[[0m
physical-device-ui-proof	Validate physical Inbox evidence chain	2026-09-07T21:16:05.2550519Z ^[[36;1m  test -s "artifacts/intent-shell-device/${checkpoint}.png"^[[0m
physical-device-ui-proof	Validate physical Inbox evidence chain	2026-09-07T21:16:05.2550950Z ^[[36;1m  test -s "artifacts/intent-shell-device/${checkpoint}.xml"^[[0m
physical-device-ui-proof	Validate physical Inbox evidence chain	2026-09-07T21:16:05.2551288Z ^[[36;1mdone^[[0m
physical-device-ui-proof	Validate physical Inbox evidence chain	2026-09-07T21:16:05.2589476Z shell: /usr/bin/bash -e {0}
physical-device-ui-proof	Validate physical Inbox evidence chain	2026-09-07T21:16:05.2589736Z env:
physical-device-ui-proof	Validate physical Inbox evidence chain	2026-09-07T21:16:05.2589921Z   CI: 1
physical-device-ui-proof	Validate physical Inbox evidence chain	2026-09-07T21:16:05.2590155Z   SUPABASE_TELEMETRY_DISABLED: 1
physical-device-ui-proof	Validate physical Inbox evidence chain	2026-09-07T21:16:05.2590405Z   DO_NOT_TRACK: 1
physical-device-ui-proof	Validate physical Inbox evidence chain	2026-09-07T21:16:05.2590639Z   RU5_DEVICE_PACKAGE: rs.uskoci.n04proof
physical-device-ui-proof	Validate physical Inbox evidence chain	2026-09-07T21:16:05.2590980Z   RU5_DEVICE_ARTIFACT_DIR: artifacts/intent-shell-device
physical-device-ui-proof	Validate physical Inbox evidence chain	2026-09-07T21:16:05.2591302Z   RU5_ENTRY_PROOF: 1
physical-device-ui-proof	Validate physical Inbox evidence chain	2026-09-07T21:16:05.2591545Z   SUPABASE_INTERNAL_IMAGE_REGISTRY: ghcr.io
physical-device-ui-proof	Validate physical Inbox evidence chain	2026-09-07T21:16:05.2591948Z   JAVA_HOME: /opt/hostedtoolcache/Java_Temurin-Hotspot_jdk/17.0.20-1/x64
physical-device-ui-proof	Validate physical Inbox evidence chain	2026-09-07T21:16:05.2592677Z   JAVA_HOME_17_X64: /opt/hostedtoolcache/Java_Temurin-Hotspot_jdk/17.0.20-1/x64
physical-device-ui-proof	Validate physical Inbox evidence chain	2026-09-07T21:16:05.2593085Z   MAVEN_ARGS: -ntp
physical-device-ui-proof	Validate physical Inbox evidence chain	2026-09-07T21:16:05.2593334Z   RU5_DEVICE_PROOF_DIR: /tmp/uskoci-ru5-device-ui
physical-device-ui-proof	Validate physical Inbox evidence chain	2026-09-07T21:16:05.2593860Z   RU5_DEVICE_DB_URL: ***127.0.0.1:54322/postgres
physical-device-ui-proof	Validate physical Inbox evidence chain	2026-09-07T21:16:05.2594201Z   RU5_DEVICE_SUPABASE_URL: http://127.0.0.1:54321
physical-device-ui-proof	Validate physical Inbox evidence chain	2026-09-07T21:16:05.2595222Z   RU5_DEVICE_ANON_KEY: ***
physical-device-ui-proof	Validate physical Inbox evidence chain	2026-09-07T21:16:05.2596269Z   RU5_DEVICE_SERVICE_ROLE_KEY: ***
physical-device-ui-proof	Validate physical Inbox evidence chain	2026-09-07T21:16:05.2596756Z   RU5_DEVICE_REQUESTER_EMAIL: ru5-device-requester-4c2d7cc3-9922-4387-ad98-c84ef207f8a5@proof.invalid
physical-device-ui-proof	Validate physical Inbox evidence chain	2026-09-07T21:16:05.2597471Z   RU5_DEVICE_WORKER_EMAIL: ru5-device-worker-4c2d7cc3-9922-4387-ad98-c84ef207f8a5@proof.invalid
physical-device-ui-proof	Validate physical Inbox evidence chain	2026-09-07T21:16:05.2598044Z   RU5_DEVICE_PASSWORD: ***
physical-device-ui-proof	Validate physical Inbox evidence chain	2026-09-07T21:16:05.2598328Z   RU5_DEVICE_NEED_ID: 4e441822-e254-47fb-b88c-02d51ad9e8b4
physical-device-ui-proof	Validate physical Inbox evidence chain	2026-09-07T21:16:05.2598686Z   RU5_DEVICE_NEED_TITLE: RU5 device journey 4c2d7cc3
physical-device-ui-proof	Validate physical Inbox evidence chain	2026-09-07T21:16:05.2599075Z   RU5_DEVICE_REQUESTER_USER_ID: edc61d5b-87c2-4aad-b467-bcb498dae343
physical-device-ui-proof	Validate physical Inbox evidence chain	2026-09-07T21:16:05.2599511Z   RU5_DEVICE_WORKER_USER_ID: 9a956706-89b2-4639-8bab-6965461480d0
physical-device-ui-proof	Validate physical Inbox evidence chain	2026-09-07T21:16:05.2599896Z   N04_AGREEMENT_ID: 8bee4280-4afb-4f50-94e6-92b3dbdea7b5
physical-device-ui-proof	Validate physical Inbox evidence chain	2026-09-07T21:16:05.2600242Z   EXPO_PUBLIC_SUPABASE_URL: http://10.0.2.2:54321
physical-device-ui-proof	Validate physical Inbox evidence chain	2026-09-07T21:16:05.2601303Z   EXPO_PUBLIC_SUPABASE_ANON_KEY: ***
physical-device-ui-proof	Validate physical Inbox evidence chain	2026-09-07T21:16:05.2601580Z   EXPO_PUBLIC_USE_FAKE_SOURCE: 0
physical-device-ui-proof	Validate physical Inbox evidence chain	2026-09-07T21:16:05.2601858Z   ANDROID_AVD_HOME: /home/runner/.android/avd
physical-device-ui-proof	Validate physical Inbox evidence chain	2026-09-07T21:16:05.2602510Z ##[endgroup]
physical-device-ui-proof	Validate physical Inbox evidence chain	2026-09-07T21:16:05.2678804Z PASS N04_PHYSICAL_INBOX two_real_auth event_read role_empty pagination bell agreement_target no_push
physical-device-ui-proof	Validate physical Inbox evidence chain	2026-09-07T21:16:05.2693162Z CHECKPOINT GATES_UNCHANGED {'publication_policy_bundles': '0', 'publication_decisions': '0', 'preselection_questions': '0', 'preselection_answers': '0', 'preselection_policy': '0', 'preselection_materiality': '0', 'preselection_commands': '0', 'fastest_needs': '0', 'autofill_selections': '0'}
physical-device-ui-proof	Validate physical Inbox evidence chain	2026-09-07T21:16:05.2695768Z CHECKPOINT GATES_UNCHANGED {'publication_policy_bundles': '0', 'publication_decisions': '0', 'preselection_questions': '0', 'preselection_answers': '0', 'preselection_policy': '0', 'preselection_materiality': '0', 'preselection_commands': '0', 'fastest_needs': '0', 'autofill_selections': '0'}
physical-device-ui-proof	Validate physical three-zone navigation evidence	﻿2026-09-07T21:16:05.2727163Z ##[group]Run grep -F 'PASS PHYSICAL_INTENT_SHELL' artifacts/intent-shell-device/proof.log
physical-device-ui-proof	Validate physical three-zone navigation evidence	2026-09-07T21:16:05.2728028Z ^[[36;1mgrep -F 'PASS PHYSICAL_INTENT_SHELL' artifacts/intent-shell-device/proof.log^[[0m
physical-device-ui-proof	Validate physical three-zone navigation evidence	2026-09-07T21:16:05.2728614Z ^[[36;1mgrep -F 'PASS NAV_LOCAL_FIXTURE' artifacts/intent-shell-device/proof.log^[[0m
physical-device-ui-proof	Validate physical three-zone navigation evidence	2026-09-07T21:16:05.2730280Z ^[[36;1mfor checkpoint in NAV_requester_tasks NAV_requester_new_task NAV_requester_agreements NAV_requester_profile NAV_profile_back NAV_inbox NAV_inbox_back NAV_same_account_worker_discovery NAV_same_account_worker_profile NAV_signed_out NAV_second_account_requester_empty NAV_second_account_profile NAV_second_account_worker_discovery NAV_task_detail NAV_task_detail_back NAV_worker_applications NAV_worker_agreements; do^[[0m
physical-device-ui-proof	Validate physical three-zone navigation evidence	2026-09-07T21:16:05.2732589Z ^[[36;1m  test -s "artifacts/intent-shell-device/${checkpoint}.png"^[[0m
physical-device-ui-proof	Validate physical three-zone navigation evidence	2026-09-07T21:16:05.2733064Z ^[[36;1m  test -s "artifacts/intent-shell-device/${checkpoint}.xml"^[[0m
physical-device-ui-proof	Validate physical three-zone navigation evidence	2026-09-07T21:16:05.2733517Z ^[[36;1mdone^[[0m
physical-device-ui-proof	Validate physical three-zone navigation evidence	2026-09-07T21:16:05.2733749Z ^[[36;1mnode <<'NODE'^[[0m
physical-device-ui-proof	Validate physical three-zone navigation evidence	2026-09-07T21:16:05.2734017Z ^[[36;1mconst assert = require('node:assert/strict');^[[0m
physical-device-ui-proof	Validate physical three-zone navigation evidence	2026-09-07T21:16:05.2734360Z ^[[36;1mconst fs = require('node:fs');^[[0m
physical-device-ui-proof	Validate physical three-zone navigation evidence	2026-09-07T21:16:05.2734903Z ^[[36;1mconst fixture = JSON.parse(fs.readFileSync('artifacts/intent-shell-device/navigation-fixture.json', 'utf8'));^[[0m
physical-device-ui-proof	Validate physical three-zone navigation evidence	2026-09-07T21:16:05.2735542Z ^[[36;1massert.equal(fixture.sourceSha, process.env.GITHUB_SHA);^[[0m
physical-device-ui-proof	Validate physical three-zone navigation evidence	2026-09-07T21:16:05.2735936Z ^[[36;1massert.equal(fixture.localOnly, true);^[[0m
physical-device-ui-proof	Validate physical three-zone navigation evidence	2026-09-07T21:16:05.2736288Z ^[[36;1massert.equal(fixture.publicationProof, false);^[[0m
physical-device-ui-proof	Validate physical three-zone navigation evidence	2026-09-07T21:16:05.2736594Z ^[[36;1mNODE^[[0m
physical-device-ui-proof	Validate physical three-zone navigation evidence	2026-09-07T21:16:05.2777067Z shell: /usr/bin/bash -e {0}
physical-device-ui-proof	Validate physical three-zone navigation evidence	2026-09-07T21:16:05.2777348Z env:
physical-device-ui-proof	Validate physical three-zone navigation evidence	2026-09-07T21:16:05.2777529Z   CI: 1
physical-device-ui-proof	Validate physical three-zone navigation evidence	2026-09-07T21:16:05.2777726Z   SUPABASE_TELEMETRY_DISABLED: 1
physical-device-ui-proof	Validate physical three-zone navigation evidence	2026-09-07T21:16:05.2777977Z   DO_NOT_TRACK: 1
physical-device-ui-proof	Validate physical three-zone navigation evidence	2026-09-07T21:16:05.2778204Z   RU5_DEVICE_PACKAGE: rs.uskoci.n04proof
physical-device-ui-proof	Validate physical three-zone navigation evidence	2026-09-07T21:16:05.2778548Z   RU5_DEVICE_ARTIFACT_DIR: artifacts/intent-shell-device
physical-device-ui-proof	Validate physical three-zone navigation evidence	2026-09-07T21:16:05.2778879Z   RU5_ENTRY_PROOF: 1
physical-device-ui-proof	Validate physical three-zone navigation evidence	2026-09-07T21:16:05.2779120Z   SUPABASE_INTERNAL_IMAGE_REGISTRY: ghcr.io
physical-device-ui-proof	Validate physical three-zone navigation evidence	2026-09-07T21:16:05.2779509Z   JAVA_HOME: /opt/hostedtoolcache/Java_Temurin-Hotspot_jdk/17.0.20-1/x64
physical-device-ui-proof	Validate physical three-zone navigation evidence	2026-09-07T21:16:05.2779993Z   JAVA_HOME_17_X64: /opt/hostedtoolcache/Java_Temurin-Hotspot_jdk/17.0.20-1/x64
physical-device-ui-proof	Validate physical three-zone navigation evidence	2026-09-07T21:16:05.2780380Z   MAVEN_ARGS: -ntp
physical-device-ui-proof	Validate physical three-zone navigation evidence	2026-09-07T21:16:05.2780635Z   RU5_DEVICE_PROOF_DIR: /tmp/uskoci-ru5-device-ui
physical-device-ui-proof	Validate physical three-zone navigation evidence	2026-09-07T21:16:05.2781148Z   RU5_DEVICE_DB_URL: ***127.0.0.1:54322/postgres
physical-device-ui-proof	Validate physical three-zone navigation evidence	2026-09-07T21:16:05.2781493Z   RU5_DEVICE_SUPABASE_URL: http://127.0.0.1:54321
physical-device-ui-proof	Validate physical three-zone navigation evidence	2026-09-07T21:16:05.2782847Z   RU5_DEVICE_ANON_KEY: ***
physical-device-ui-proof	Validate physical three-zone navigation evidence	2026-09-07T21:16:05.2783873Z   RU5_DEVICE_SERVICE_ROLE_KEY: ***
physical-device-ui-proof	Validate physical three-zone navigation evidence	2026-09-07T21:16:05.2784363Z   RU5_DEVICE_REQUESTER_EMAIL: ru5-device-requester-4c2d7cc3-9922-4387-ad98-c84ef207f8a5@proof.invalid
physical-device-ui-proof	Validate physical three-zone navigation evidence	2026-09-07T21:16:05.2785042Z   RU5_DEVICE_WORKER_EMAIL: ru5-device-worker-4c2d7cc3-9922-4387-ad98-c84ef207f8a5@proof.invalid
physical-device-ui-proof	Validate physical three-zone navigation evidence	2026-09-07T21:16:05.2785624Z   RU5_DEVICE_PASSWORD: ***
physical-device-ui-proof	Validate physical three-zone navigation evidence	2026-09-07T21:16:05.2785911Z   RU5_DEVICE_NEED_ID: 4e441822-e254-47fb-b88c-02d51ad9e8b4
physical-device-ui-proof	Validate physical three-zone navigation evidence	2026-09-07T21:16:05.2786259Z   RU5_DEVICE_NEED_TITLE: RU5 device journey 4c2d7cc3
physical-device-ui-proof	Validate physical three-zone navigation evidence	2026-09-07T21:16:05.2786644Z   RU5_DEVICE_REQUESTER_USER_ID: edc61d5b-87c2-4aad-b467-bcb498dae343
physical-device-ui-proof	Validate physical three-zone navigation evidence	2026-09-07T21:16:05.2787070Z   RU5_DEVICE_WORKER_USER_ID: 9a956706-89b2-4639-8bab-6965461480d0
physical-device-ui-proof	Validate physical three-zone navigation evidence	2026-09-07T21:16:05.2787441Z   N04_AGREEMENT_ID: 8bee4280-4afb-4f50-94e6-92b3dbdea7b5
physical-device-ui-proof	Validate physical three-zone navigation evidence	2026-09-07T21:16:05.2787786Z   EXPO_PUBLIC_SUPABASE_URL: http://10.0.2.2:54321
physical-device-ui-proof	Validate physical three-zone navigation evidence	2026-09-07T21:16:05.2788799Z   EXPO_PUBLIC_SUPABASE_ANON_KEY: ***
physical-device-ui-proof	Validate physical three-zone navigation evidence	2026-09-07T21:16:05.2789072Z   EXPO_PUBLIC_USE_FAKE_SOURCE: 0
physical-device-ui-proof	Validate physical three-zone navigation evidence	2026-09-07T21:16:05.2789342Z   ANDROID_AVD_HOME: /home/runner/.android/avd
physical-device-ui-proof	Validate physical three-zone navigation evidence	2026-09-07T21:16:05.2789632Z ##[endgroup]
physical-device-ui-proof	Validate physical three-zone navigation evidence	2026-09-07T21:16:05.2870202Z PASS PHYSICAL_INTENT_SHELL two_intents three_zones real_profiles inbox_back detail_back ui_logout different_account_no_clear no_fake_map no_application_selection_mutation no_push
physical-device-ui-proof	Validate physical three-zone navigation evidence	2026-09-07T21:16:05.2884242Z PASS NAV_LOCAL_FIXTURE extra_open_need original_N04_fixture_preserved production_not_touched
physical-device-ui-proof	Validate SPOJ entry proof	﻿2026-09-07T21:16:05.3255711Z ##[group]Run grep -F 'PASS SPOJ_ENTRY_PHYSICAL' artifacts/intent-shell-device/proof.log
physical-device-ui-proof	Validate SPOJ entry proof	2026-09-07T21:16:05.3256355Z ^[[36;1mgrep -F 'PASS SPOJ_ENTRY_PHYSICAL' artifacts/intent-shell-device/proof.log^[[0m
physical-device-ui-proof	Validate SPOJ entry proof	2026-09-07T21:16:05.3256847Z ^[[36;1mtest -s artifacts/intent-shell-device/ENTRY_intro.mp4^[[0m
physical-device-ui-proof	Validate SPOJ entry proof	2026-09-07T21:16:05.3257600Z ^[[36;1mfor checkpoint in ENTRY_welcome ENTRY_login ENTRY_empty_error ENTRY_recovery_gated ENTRY_registration ENTRY_back_to_welcome ENTRY_reduced_motion_welcome; do^[[0m
physical-device-ui-proof	Validate SPOJ entry proof	2026-09-07T21:16:05.3258380Z ^[[36;1m  test -s "artifacts/intent-shell-device/${checkpoint}.png"^[[0m
physical-device-ui-proof	Validate SPOJ entry proof	2026-09-07T21:16:05.3259024Z ^[[36;1m  test -s "artifacts/intent-shell-device/${checkpoint}.xml"^[[0m
physical-device-ui-proof	Validate SPOJ entry proof	2026-09-07T21:16:05.3259374Z ^[[36;1mdone^[[0m
physical-device-ui-proof	Validate SPOJ entry proof	2026-09-07T21:16:05.3297750Z shell: /usr/bin/bash -e {0}
physical-device-ui-proof	Validate SPOJ entry proof	2026-09-07T21:16:05.3298025Z env:
physical-device-ui-proof	Validate SPOJ entry proof	2026-09-07T21:16:05.3298213Z   CI: 1
physical-device-ui-proof	Validate SPOJ entry proof	2026-09-07T21:16:05.3298412Z   SUPABASE_TELEMETRY_DISABLED: 1
physical-device-ui-proof	Validate SPOJ entry proof	2026-09-07T21:16:05.3298662Z   DO_NOT_TRACK: 1
physical-device-ui-proof	Validate SPOJ entry proof	2026-09-07T21:16:05.3298895Z   RU5_DEVICE_PACKAGE: rs.uskoci.n04proof
physical-device-ui-proof	Validate SPOJ entry proof	2026-09-07T21:16:05.3299272Z   RU5_DEVICE_ARTIFACT_DIR: artifacts/intent-shell-device
physical-device-ui-proof	Validate SPOJ entry proof	2026-09-07T21:16:05.3299590Z   RU5_ENTRY_PROOF: 1
physical-device-ui-proof	Validate SPOJ entry proof	2026-09-07T21:16:05.3299829Z   SUPABASE_INTERNAL_IMAGE_REGISTRY: ghcr.io
physical-device-ui-proof	Validate SPOJ entry proof	2026-09-07T21:16:05.3300229Z   JAVA_HOME: /opt/hostedtoolcache/Java_Temurin-Hotspot_jdk/17.0.20-1/x64
physical-device-ui-proof	Validate SPOJ entry proof	2026-09-07T21:16:05.3300728Z   JAVA_HOME_17_X64: /opt/hostedtoolcache/Java_Temurin-Hotspot_jdk/17.0.20-1/x64
physical-device-ui-proof	Validate SPOJ entry proof	2026-09-07T21:16:05.3301109Z   MAVEN_ARGS: -ntp
physical-device-ui-proof	Validate SPOJ entry proof	2026-09-07T21:16:05.3301363Z   RU5_DEVICE_PROOF_DIR: /tmp/uskoci-ru5-device-ui
physical-device-ui-proof	Validate SPOJ entry proof	2026-09-07T21:16:05.3301948Z   RU5_DEVICE_DB_URL: ***127.0.0.1:54322/postgres
physical-device-ui-proof	Validate SPOJ entry proof	2026-09-07T21:16:05.3302584Z   RU5_DEVICE_SUPABASE_URL: http://127.0.0.1:54321
physical-device-ui-proof	Validate SPOJ entry proof	2026-09-07T21:16:05.3303614Z   RU5_DEVICE_ANON_KEY: ***
physical-device-ui-proof	Validate SPOJ entry proof	2026-09-07T21:16:05.3304644Z   RU5_DEVICE_SERVICE_ROLE_KEY: ***
physical-device-ui-proof	Validate SPOJ entry proof	2026-09-07T21:16:05.3305128Z   RU5_DEVICE_REQUESTER_EMAIL: ru5-device-requester-4c2d7cc3-9922-4387-ad98-c84ef207f8a5@proof.invalid
physical-device-ui-proof	Validate SPOJ entry proof	2026-09-07T21:16:05.3305821Z   RU5_DEVICE_WORKER_EMAIL: ru5-device-worker-4c2d7cc3-9922-4387-ad98-c84ef207f8a5@proof.invalid
physical-device-ui-proof	Validate SPOJ entry proof	2026-09-07T21:16:05.3306407Z   RU5_DEVICE_PASSWORD: ***
physical-device-ui-proof	Validate SPOJ entry proof	2026-09-07T21:16:05.3306688Z   RU5_DEVICE_NEED_ID: 4e441822-e254-47fb-b88c-02d51ad9e8b4
physical-device-ui-proof	Validate SPOJ entry proof	2026-09-07T21:16:05.3307052Z   RU5_DEVICE_NEED_TITLE: RU5 device journey 4c2d7cc3
physical-device-ui-proof	Validate SPOJ entry proof	2026-09-07T21:16:05.3307435Z   RU5_DEVICE_REQUESTER_USER_ID: edc61d5b-87c2-4aad-b467-bcb498dae343
physical-device-ui-proof	Validate SPOJ entry proof	2026-09-07T21:16:05.3307861Z   RU5_DEVICE_WORKER_USER_ID: 9a956706-89b2-4639-8bab-6965461480d0
physical-device-ui-proof	Validate SPOJ entry proof	2026-09-07T21:16:05.3308242Z   N04_AGREEMENT_ID: 8bee4280-4afb-4f50-94e6-92b3dbdea7b5
physical-device-ui-proof	Validate SPOJ entry proof	2026-09-07T21:16:05.3308601Z   EXPO_PUBLIC_SUPABASE_URL: http://10.0.2.2:54321
physical-device-ui-proof	Validate SPOJ entry proof	2026-09-07T21:16:05.3309648Z   EXPO_PUBLIC_SUPABASE_ANON_KEY: ***
physical-device-ui-proof	Validate SPOJ entry proof	2026-09-07T21:16:05.3309925Z   EXPO_PUBLIC_USE_FAKE_SOURCE: 0
physical-device-ui-proof	Validate SPOJ entry proof	2026-09-07T21:16:05.3310204Z   ANDROID_AVD_HOME: /home/runner/.android/avd
physical-device-ui-proof	Validate SPOJ entry proof	2026-09-07T21:16:05.3310484Z ##[endgroup]
physical-device-ui-proof	Validate SPOJ entry proof	2026-09-07T21:16:05.3391822Z PASS SPOJ_ENTRY_PHYSICAL welcome login empty_error recovery_gated registration back os_reduced_motion_welcome_reachable
physical-device-ui-proof	Validate disposable business effects	﻿2026-09-07T21:16:05.3423886Z ##[group]Run test "$(psql "$RU5_DEVICE_DB_URL" -Atc "
physical-device-ui-proof	Validate disposable business effects	2026-09-07T21:16:05.3424338Z ^[[36;1mtest "$(psql "$RU5_DEVICE_DB_URL" -Atc "^[[0m
physical-device-ui-proof	Validate disposable business effects	2026-09-07T21:16:05.3424648Z ^[[36;1m  select count(*)^[[0m
physical-device-ui-proof	Validate disposable business effects	2026-09-07T21:16:05.3424922Z ^[[36;1m  from public.marketplace_responses r^[[0m
physical-device-ui-proof	Validate disposable business effects	2026-09-07T21:16:05.3425307Z ^[[36;1m  join public.app_profiles p on p.id=r.worker_profile_id^[[0m
physical-device-ui-proof	Validate disposable business effects	2026-09-07T21:16:05.3425709Z ^[[36;1m  where r.need_id='$RU5_DEVICE_NEED_ID'::uuid^[[0m
physical-device-ui-proof	Validate disposable business effects	2026-09-07T21:16:05.3426098Z ^[[36;1m    and p.account_id='$RU5_DEVICE_WORKER_USER_ID'::uuid^[[0m
physical-device-ui-proof	Validate disposable business effects	2026-09-07T21:16:05.3426465Z ^[[36;1m    and r.price_rsd=3000^[[0m
physical-device-ui-proof	Validate disposable business effects	2026-09-07T21:16:05.3426729Z ^[[36;1m    and r.covered_slots=1;^[[0m
physical-device-ui-proof	Validate disposable business effects	2026-09-07T21:16:05.3426983Z ^[[36;1m")" = "1"^[[0m
physical-device-ui-proof	Validate disposable business effects	2026-09-07T21:16:05.3427231Z ^[[36;1mtest "$(psql "$RU5_DEVICE_DB_URL" -Atc "^[[0m
physical-device-ui-proof	Validate disposable business effects	2026-09-07T21:16:05.3427537Z ^[[36;1m  select count(*)^[[0m
physical-device-ui-proof	Validate disposable business effects	2026-09-07T21:16:05.3427791Z ^[[36;1m  from public.need_selections s^[[0m
physical-device-ui-proof	Validate disposable business effects	2026-09-07T21:16:05.3428167Z ^[[36;1m  join public.marketplace_responses r on r.id=s.response_id^[[0m
physical-device-ui-proof	Validate disposable business effects	2026-09-07T21:16:05.3428632Z ^[[36;1m  join public.app_profiles p on p.id=r.worker_profile_id^[[0m
physical-device-ui-proof	Validate disposable business effects	2026-09-07T21:16:05.3429026Z ^[[36;1m  where r.need_id='$RU5_DEVICE_NEED_ID'::uuid^[[0m
physical-device-ui-proof	Validate disposable business effects	2026-09-07T21:16:05.3429393Z ^[[36;1m    and p.account_id='$RU5_DEVICE_WORKER_USER_ID'::uuid^[[0m
physical-device-ui-proof	Validate disposable business effects	2026-09-07T21:16:05.3429732Z ^[[36;1m    and s.status='SELECTED';^[[0m
physical-device-ui-proof	Validate disposable business effects	2026-09-07T21:16:05.3429986Z ^[[36;1m")" = "1"^[[0m
physical-device-ui-proof	Validate disposable business effects	2026-09-07T21:16:05.3430234Z ^[[36;1mtest "$(psql "$RU5_DEVICE_DB_URL" -Atc "^[[0m
physical-device-ui-proof	Validate disposable business effects	2026-09-07T21:16:05.3430701Z ^[[36;1m  select count(*)^[[0m
physical-device-ui-proof	Validate disposable business effects	2026-09-07T21:16:05.3430949Z ^[[36;1m  from public.agreements a^[[0m
physical-device-ui-proof	Validate disposable business effects	2026-09-07T21:16:05.3431258Z ^[[36;1m  where a.need_id='$RU5_DEVICE_NEED_ID'::uuid^[[0m
physical-device-ui-proof	Validate disposable business effects	2026-09-07T21:16:05.3431666Z ^[[36;1m    and a.requester_account_id='$RU5_DEVICE_REQUESTER_USER_ID'::uuid^[[0m
physical-device-ui-proof	Validate disposable business effects	2026-09-07T21:16:05.3432425Z ^[[36;1m    and a.worker_account_id='$RU5_DEVICE_WORKER_USER_ID'::uuid;^[[0m
physical-device-ui-proof	Validate disposable business effects	2026-09-07T21:16:05.3432808Z ^[[36;1m")" = "1"^[[0m
physical-device-ui-proof	Validate disposable business effects	2026-09-07T21:16:05.3433055Z ^[[36;1mtest "$(psql "$RU5_DEVICE_DB_URL" -Atc "^[[0m
physical-device-ui-proof	Validate disposable business effects	2026-09-07T21:16:05.3433371Z ^[[36;1m  select count(*)^[[0m
physical-device-ui-proof	Validate disposable business effects	2026-09-07T21:16:05.3433649Z ^[[36;1m  from private.connection_activations a^[[0m
physical-device-ui-proof	Validate disposable business effects	2026-09-07T21:16:05.3434010Z ^[[36;1m  join public.agreements g on g.id=a.agreement_id^[[0m
physical-device-ui-proof	Validate disposable business effects	2026-09-07T21:16:05.3434375Z ^[[36;1m  where g.need_id='$RU5_DEVICE_NEED_ID'::uuid^[[0m
physical-device-ui-proof	Validate disposable business effects	2026-09-07T21:16:05.3434787Z ^[[36;1m    and a.requester_account_id='$RU5_DEVICE_REQUESTER_USER_ID'::uuid^[[0m
physical-device-ui-proof	Validate disposable business effects	2026-09-07T21:16:05.3435270Z ^[[36;1m    and a.beneficiary_account_id='$RU5_DEVICE_REQUESTER_USER_ID'::uuid^[[0m
physical-device-ui-proof	Validate disposable business effects	2026-09-07T21:16:05.3435743Z ^[[36;1m    and a.worker_account_id='$RU5_DEVICE_WORKER_USER_ID'::uuid^[[0m
physical-device-ui-proof	Validate disposable business effects	2026-09-07T21:16:05.3436122Z ^[[36;1m    and a.activation_reason='SELECTION'^[[0m
physical-device-ui-proof	Validate disposable business effects	2026-09-07T21:16:05.3436410Z ^[[36;1m    and a.units=1^[[0m
physical-device-ui-proof	Validate disposable business effects	2026-09-07T21:16:05.3436651Z ^[[36;1m    and a.platform_cost_rsd=0^[[0m
physical-device-ui-proof	Validate disposable business effects	2026-09-07T21:16:05.3436926Z ^[[36;1m    and a.state='SATISFIED'^[[0m
physical-device-ui-proof	Validate disposable business effects	2026-09-07T21:16:05.3437226Z ^[[36;1m    and a.policy_key='REQUESTER_SELECTION_V1'^[[0m
physical-device-ui-proof	Validate disposable business effects	2026-09-07T21:16:05.3437537Z ^[[36;1m    and a.policy_version=1;^[[0m
physical-device-ui-proof	Validate disposable business effects	2026-09-07T21:16:05.3437814Z ^[[36;1m")" = "1"^[[0m
physical-device-ui-proof	Validate disposable business effects	2026-09-07T21:16:05.3438231Z ^[[36;1mecho "PASS RU5_DEVICE_POSTFLIGHT response selection agreement REQUESTER_SELECTION_V1 zero_rsd"^[[0m
physical-device-ui-proof	Validate disposable business effects	2026-09-07T21:16:05.3476080Z shell: /usr/bin/bash -e {0}
physical-device-ui-proof	Validate disposable business effects	2026-09-07T21:16:05.3476349Z env:
physical-device-ui-proof	Validate disposable business effects	2026-09-07T21:16:05.3476534Z   CI: 1
physical-device-ui-proof	Validate disposable business effects	2026-09-07T21:16:05.3476730Z   SUPABASE_TELEMETRY_DISABLED: 1
physical-device-ui-proof	Validate disposable business effects	2026-09-07T21:16:05.3476981Z   DO_NOT_TRACK: 1
physical-device-ui-proof	Validate disposable business effects	2026-09-07T21:16:05.3477221Z   RU5_DEVICE_PACKAGE: rs.uskoci.n04proof
physical-device-ui-proof	Validate disposable business effects	2026-09-07T21:16:05.3477619Z   RU5_DEVICE_ARTIFACT_DIR: artifacts/intent-shell-device
physical-device-ui-proof	Validate disposable business effects	2026-09-07T21:16:05.3478183Z   RU5_ENTRY_PROOF: 1
physical-device-ui-proof	Validate disposable business effects	2026-09-07T21:16:05.3478588Z   SUPABASE_INTERNAL_IMAGE_REGISTRY: ghcr.io
physical-device-ui-proof	Validate disposable business effects	2026-09-07T21:16:05.3479241Z   JAVA_HOME: /opt/hostedtoolcache/Java_Temurin-Hotspot_jdk/17.0.20-1/x64
physical-device-ui-proof	Validate disposable business effects	2026-09-07T21:16:05.3479768Z   JAVA_HOME_17_X64: /opt/hostedtoolcache/Java_Temurin-Hotspot_jdk/17.0.20-1/x64
physical-device-ui-proof	Validate disposable business effects	2026-09-07T21:16:05.3480159Z   MAVEN_ARGS: -ntp
physical-device-ui-proof	Validate disposable business effects	2026-09-07T21:16:05.3480697Z   RU5_DEVICE_PROOF_DIR: /tmp/uskoci-ru5-device-ui
physical-device-ui-proof	Validate disposable business effects	2026-09-07T21:16:05.3481244Z   RU5_DEVICE_DB_URL: ***127.0.0.1:54322/postgres
physical-device-ui-proof	Validate disposable business effects	2026-09-07T21:16:05.3481592Z   RU5_DEVICE_SUPABASE_URL: http://127.0.0.1:54321
physical-device-ui-proof	Validate disposable business effects	2026-09-07T21:16:05.3482802Z   RU5_DEVICE_ANON_KEY: ***
physical-device-ui-proof	Validate disposable business effects	2026-09-07T21:16:05.3483865Z   RU5_DEVICE_SERVICE_ROLE_KEY: ***
physical-device-ui-proof	Validate disposable business effects	2026-09-07T21:16:05.3484346Z   RU5_DEVICE_REQUESTER_EMAIL: ru5-device-requester-4c2d7cc3-9922-4387-ad98-c84ef207f8a5@proof.invalid
physical-device-ui-proof	Validate disposable business effects	2026-09-07T21:16:05.3485054Z   RU5_DEVICE_WORKER_EMAIL: ru5-device-worker-4c2d7cc3-9922-4387-ad98-c84ef207f8a5@proof.invalid
physical-device-ui-proof	Validate disposable business effects	2026-09-07T21:16:05.3485631Z   RU5_DEVICE_PASSWORD: ***
physical-device-ui-proof	Validate disposable business effects	2026-09-07T21:16:05.3485923Z   RU5_DEVICE_NEED_ID: 4e441822-e254-47fb-b88c-02d51ad9e8b4
physical-device-ui-proof	Validate disposable business effects	2026-09-07T21:16:05.3486287Z   RU5_DEVICE_NEED_TITLE: RU5 device journey 4c2d7cc3
physical-device-ui-proof	Validate disposable business effects	2026-09-07T21:16:05.3486683Z   RU5_DEVICE_REQUESTER_USER_ID: edc61d5b-87c2-4aad-b467-bcb498dae343
physical-device-ui-proof	Validate disposable business effects	2026-09-07T21:16:05.3487119Z   RU5_DEVICE_WORKER_USER_ID: 9a956706-89b2-4639-8bab-6965461480d0
physical-device-ui-proof	Validate disposable business effects	2026-09-07T21:16:05.3487514Z   N04_AGREEMENT_ID: 8bee4280-4afb-4f50-94e6-92b3dbdea7b5
physical-device-ui-proof	Validate disposable business effects	2026-09-07T21:16:05.3487861Z   EXPO_PUBLIC_SUPABASE_URL: http://10.0.2.2:54321
physical-device-ui-proof	Validate disposable business effects	2026-09-07T21:16:05.3488925Z   EXPO_PUBLIC_SUPABASE_ANON_KEY: ***
physical-device-ui-proof	Validate disposable business effects	2026-09-07T21:16:05.3489199Z   EXPO_PUBLIC_USE_FAKE_SOURCE: 0
physical-device-ui-proof	Validate disposable business effects	2026-09-07T21:16:05.3489478Z   ANDROID_AVD_HOME: /home/runner/.android/avd
physical-device-ui-proof	Validate disposable business effects	2026-09-07T21:16:05.3489767Z ##[endgroup]
physical-device-ui-proof	Validate disposable business effects	2026-09-07T21:16:05.5340124Z PASS RU5_DEVICE_POSTFLIGHT response selection agreement REQUESTER_SELECTION_V1 zero_rsd
physical-device-ui-proof	Disposable postflight invariants	﻿2026-09-07T21:16:05.5372941Z ##[group]Run if [[ -n "${RU5_DEVICE_DB_URL:-}" ]]; then
physical-device-ui-proof	Disposable postflight invariants	2026-09-07T21:16:05.5373418Z ^[[36;1mif [[ -n "${RU5_DEVICE_DB_URL:-}" ]]; then^[[0m
physical-device-ui-proof	Disposable postflight invariants	2026-09-07T21:16:05.5373963Z ^[[36;1m  test "$(psql "$RU5_DEVICE_DB_URL" -Atc "select count(*) from private.publication_policy_bundles;")" = "0"^[[0m
physical-device-ui-proof	Disposable postflight invariants	2026-09-07T21:16:05.5374681Z ^[[36;1m  test "$(psql "$RU5_DEVICE_DB_URL" -Atc "select count(*) from private.need_publication_decisions;")" = "0"^[[0m
physical-device-ui-proof	Disposable postflight invariants	2026-09-07T21:16:05.5375361Z ^[[36;1m  test "$(psql "$RU5_DEVICE_DB_URL" -Atc "select count(*) from private.preselection_qa_questions;")" = "0"^[[0m
physical-device-ui-proof	Disposable postflight invariants	2026-09-07T21:16:05.5376072Z ^[[36;1m  test "$(psql "$RU5_DEVICE_DB_URL" -Atc "select count(*) from private.preselection_qa_commands;")" = "0"^[[0m
physical-device-ui-proof	Disposable postflight invariants	2026-09-07T21:16:05.5376770Z ^[[36;1m  test "$(psql "$RU5_DEVICE_DB_URL" -Atc "select count(*) from public.needs where mode='FASTEST';")" = "0"^[[0m
physical-device-ui-proof	Disposable postflight invariants	2026-09-07T21:16:05.5377521Z ^[[36;1m  test "$(psql "$RU5_DEVICE_DB_URL" -Atc "select count(*) from public.need_selections where selection_mode='AUTO_FILL';")" = "0"^[[0m
physical-device-ui-proof	Disposable postflight invariants	2026-09-07T21:16:05.5378107Z ^[[36;1mfi^[[0m
physical-device-ui-proof	Disposable postflight invariants	2026-09-07T21:16:05.5415792Z shell: /usr/bin/bash -e {0}
physical-device-ui-proof	Disposable postflight invariants	2026-09-07T21:16:05.5416058Z env:
physical-device-ui-proof	Disposable postflight invariants	2026-09-07T21:16:05.5416249Z   CI: 1
physical-device-ui-proof	Disposable postflight invariants	2026-09-07T21:16:05.5416452Z   SUPABASE_TELEMETRY_DISABLED: 1
physical-device-ui-proof	Disposable postflight invariants	2026-09-07T21:16:05.5416708Z   DO_NOT_TRACK: 1
physical-device-ui-proof	Disposable postflight invariants	2026-09-07T21:16:05.5416941Z   RU5_DEVICE_PACKAGE: rs.uskoci.n04proof
physical-device-ui-proof	Disposable postflight invariants	2026-09-07T21:16:05.5417302Z   RU5_DEVICE_ARTIFACT_DIR: artifacts/intent-shell-device
physical-device-ui-proof	Disposable postflight invariants	2026-09-07T21:16:05.5417625Z   RU5_ENTRY_PROOF: 1
physical-device-ui-proof	Disposable postflight invariants	2026-09-07T21:16:05.5417874Z   SUPABASE_INTERNAL_IMAGE_REGISTRY: ghcr.io
physical-device-ui-proof	Disposable postflight invariants	2026-09-07T21:16:05.5436094Z   JAVA_HOME: /opt/hostedtoolcache/Java_Temurin-Hotspot_jdk/17.0.20-1/x64
physical-device-ui-proof	Disposable postflight invariants	2026-09-07T21:16:05.5436738Z   JAVA_HOME_17_X64: /opt/hostedtoolcache/Java_Temurin-Hotspot_jdk/17.0.20-1/x64
physical-device-ui-proof	Disposable postflight invariants	2026-09-07T21:16:05.5437174Z   MAVEN_ARGS: -ntp
physical-device-ui-proof	Disposable postflight invariants	2026-09-07T21:16:05.5437436Z   RU5_DEVICE_PROOF_DIR: /tmp/uskoci-ru5-device-ui
physical-device-ui-proof	Disposable postflight invariants	2026-09-07T21:16:05.5438044Z   RU5_DEVICE_DB_URL: ***127.0.0.1:54322/postgres
physical-device-ui-proof	Disposable postflight invariants	2026-09-07T21:16:05.5438420Z   RU5_DEVICE_SUPABASE_URL: http://127.0.0.1:54321
physical-device-ui-proof	Disposable postflight invariants	2026-09-07T21:16:05.5439488Z   RU5_DEVICE_ANON_KEY: ***
physical-device-ui-proof	Disposable postflight invariants	2026-09-07T21:16:05.5440578Z   RU5_DEVICE_SERVICE_ROLE_KEY: ***
physical-device-ui-proof	Disposable postflight invariants	2026-09-07T21:16:05.5441081Z   RU5_DEVICE_REQUESTER_EMAIL: ru5-device-requester-4c2d7cc3-9922-4387-ad98-c84ef207f8a5@proof.invalid
physical-device-ui-proof	Disposable postflight invariants	2026-09-07T21:16:05.5441805Z   RU5_DEVICE_WORKER_EMAIL: ru5-device-worker-4c2d7cc3-9922-4387-ad98-c84ef207f8a5@proof.invalid
physical-device-ui-proof	Disposable postflight invariants	2026-09-07T21:16:05.5442872Z   RU5_DEVICE_PASSWORD: ***
physical-device-ui-proof	Disposable postflight invariants	2026-09-07T21:16:05.5443179Z   RU5_DEVICE_NEED_ID: 4e441822-e254-47fb-b88c-02d51ad9e8b4
physical-device-ui-proof	Disposable postflight invariants	2026-09-07T21:16:05.5443550Z   RU5_DEVICE_NEED_TITLE: RU5 device journey 4c2d7cc3
physical-device-ui-proof	Disposable postflight invariants	2026-09-07T21:16:05.5444152Z   RU5_DEVICE_REQUESTER_USER_ID: edc61d5b-87c2-4aad-b467-bcb498dae343
physical-device-ui-proof	Disposable postflight invariants	2026-09-07T21:16:05.5444612Z   RU5_DEVICE_WORKER_USER_ID: 9a956706-89b2-4639-8bab-6965461480d0
physical-device-ui-proof	Disposable postflight invariants	2026-09-07T21:16:05.5445013Z   N04_AGREEMENT_ID: 8bee4280-4afb-4f50-94e6-92b3dbdea7b5
physical-device-ui-proof	Disposable postflight invariants	2026-09-07T21:16:05.5445385Z   EXPO_PUBLIC_SUPABASE_URL: http://10.0.2.2:54321
physical-device-ui-proof	Disposable postflight invariants	2026-09-07T21:16:05.5446497Z   EXPO_PUBLIC_SUPABASE_ANON_KEY: ***
physical-device-ui-proof	Disposable postflight invariants	2026-09-07T21:16:05.5446780Z   EXPO_PUBLIC_USE_FAKE_SOURCE: 0
physical-device-ui-proof	Disposable postflight invariants	2026-09-07T21:16:05.5447051Z   ANDROID_AVD_HOME: /home/runner/.android/avd
physical-device-ui-proof	Disposable postflight invariants	2026-09-07T21:16:05.5447327Z ##[endgroup]
physical-device-ui-proof	Upload physical UI evidence	﻿2026-09-07T21:16:05.8101497Z Node 20 is being deprecated. This workflow is running with Node 24 by default. If you need to temporarily use Node 20, you can set the ACTIONS_ALLOW_USE_UNSECURE_NODE_VERSION=true environment variable. For more information see: https://github.blog/changelog/2025-09-19-deprecation-of-node-20-on-github-actions-runners/
physical-device-ui-proof	Upload physical UI evidence	2026-09-07T21:16:05.8103158Z ##[group]Run actions/upload-artifact@v4
physical-device-ui-proof	Upload physical UI evidence	2026-09-07T21:16:05.8103438Z with:
physical-device-ui-proof	Upload physical UI evidence	2026-09-07T21:16:05.8103675Z   name: INTENT-SHELL-PHYSICAL-ANDROID-EVIDENCE
physical-device-ui-proof	Upload physical UI evidence	2026-09-07T21:16:05.8104007Z   path: artifacts/intent-shell-device/
physical-device-ui-proof	Upload physical UI evidence	2026-09-07T21:16:05.8104285Z   if-no-files-found: warn
physical-device-ui-proof	Upload physical UI evidence	2026-09-07T21:16:05.8104517Z   retention-days: 14
physical-device-ui-proof	Upload physical UI evidence	2026-09-07T21:16:05.8104738Z   compression-level: 6
physical-device-ui-proof	Upload physical UI evidence	2026-09-07T21:16:05.8105156Z   overwrite: false
physical-device-ui-proof	Upload physical UI evidence	2026-09-07T21:16:05.8105375Z   include-hidden-files: false
physical-device-ui-proof	Upload physical UI evidence	2026-09-07T21:16:05.8105615Z env:
physical-device-ui-proof	Upload physical UI evidence	2026-09-07T21:16:05.8105794Z   CI: 1
physical-device-ui-proof	Upload physical UI evidence	2026-09-07T21:16:05.8106006Z   SUPABASE_TELEMETRY_DISABLED: 1
physical-device-ui-proof	Upload physical UI evidence	2026-09-07T21:16:05.8106247Z   DO_NOT_TRACK: 1
physical-device-ui-proof	Upload physical UI evidence	2026-09-07T21:16:05.8106498Z   RU5_DEVICE_PACKAGE: rs.uskoci.n04proof
physical-device-ui-proof	Upload physical UI evidence	2026-09-07T21:16:05.8106821Z   RU5_DEVICE_ARTIFACT_DIR: artifacts/intent-shell-device
physical-device-ui-proof	Upload physical UI evidence	2026-09-07T21:16:05.8107137Z   RU5_ENTRY_PROOF: 1
physical-device-ui-proof	Upload physical UI evidence	2026-09-07T21:16:05.8107369Z   SUPABASE_INTERNAL_IMAGE_REGISTRY: ghcr.io
physical-device-ui-proof	Upload physical UI evidence	2026-09-07T21:16:05.8107752Z   JAVA_HOME: /opt/hostedtoolcache/Java_Temurin-Hotspot_jdk/17.0.20-1/x64
physical-device-ui-proof	Upload physical UI evidence	2026-09-07T21:16:05.8108236Z   JAVA_HOME_17_X64: /opt/hostedtoolcache/Java_Temurin-Hotspot_jdk/17.0.20-1/x64
physical-device-ui-proof	Upload physical UI evidence	2026-09-07T21:16:05.8108611Z   MAVEN_ARGS: -ntp
physical-device-ui-proof	Upload physical UI evidence	2026-09-07T21:16:05.8108856Z   RU5_DEVICE_PROOF_DIR: /tmp/uskoci-ru5-device-ui
physical-device-ui-proof	Upload physical UI evidence	2026-09-07T21:16:05.8109365Z   RU5_DEVICE_DB_URL: ***127.0.0.1:54322/postgres
physical-device-ui-proof	Upload physical UI evidence	2026-09-07T21:16:05.8109711Z   RU5_DEVICE_SUPABASE_URL: http://127.0.0.1:54321
physical-device-ui-proof	Upload physical UI evidence	2026-09-07T21:16:05.8110702Z   RU5_DEVICE_ANON_KEY: ***
physical-device-ui-proof	Upload physical UI evidence	2026-09-07T21:16:05.8111706Z   RU5_DEVICE_SERVICE_ROLE_KEY: ***
physical-device-ui-proof	Upload physical UI evidence	2026-09-07T21:16:05.8112775Z   RU5_DEVICE_REQUESTER_EMAIL: ru5-device-requester-4c2d7cc3-9922-4387-ad98-c84ef207f8a5@proof.invalid
physical-device-ui-proof	Upload physical UI evidence	2026-09-07T21:16:05.8113581Z   RU5_DEVICE_WORKER_EMAIL: ru5-device-worker-4c2d7cc3-9922-4387-ad98-c84ef207f8a5@proof.invalid
physical-device-ui-proof	Upload physical UI evidence	2026-09-07T21:16:05.8114180Z   RU5_DEVICE_PASSWORD: ***
physical-device-ui-proof	Upload physical UI evidence	2026-09-07T21:16:05.8114469Z   RU5_DEVICE_NEED_ID: 4e441822-e254-47fb-b88c-02d51ad9e8b4
physical-device-ui-proof	Upload physical UI evidence	2026-09-07T21:16:05.8114819Z   RU5_DEVICE_NEED_TITLE: RU5 device journey 4c2d7cc3
physical-device-ui-proof	Upload physical UI evidence	2026-09-07T21:16:05.8115208Z   RU5_DEVICE_REQUESTER_USER_ID: edc61d5b-87c2-4aad-b467-bcb498dae343
physical-device-ui-proof	Upload physical UI evidence	2026-09-07T21:16:05.8115624Z   RU5_DEVICE_WORKER_USER_ID: 9a956706-89b2-4639-8bab-6965461480d0
physical-device-ui-proof	Upload physical UI evidence	2026-09-07T21:16:05.8115997Z   N04_AGREEMENT_ID: 8bee4280-4afb-4f50-94e6-92b3dbdea7b5
physical-device-ui-proof	Upload physical UI evidence	2026-09-07T21:16:05.8116359Z   EXPO_PUBLIC_SUPABASE_URL: http://10.0.2.2:54321
physical-device-ui-proof	Upload physical UI evidence	2026-09-07T21:16:05.8117401Z   EXPO_PUBLIC_SUPABASE_ANON_KEY: ***
physical-device-ui-proof	Upload physical UI evidence	2026-09-07T21:16:05.8117680Z   EXPO_PUBLIC_USE_FAKE_SOURCE: 0
physical-device-ui-proof	Upload physical UI evidence	2026-09-07T21:16:05.8117959Z   ANDROID_AVD_HOME: /home/runner/.android/avd
physical-device-ui-proof	Upload physical UI evidence	2026-09-07T21:16:05.8118234Z ##[endgroup]
physical-device-ui-proof	Upload physical UI evidence	2026-09-07T21:16:05.9997002Z (node:49811) [DEP0040] DeprecationWarning: The `punycode` module is deprecated. Please use a userland alternative instead.
physical-device-ui-proof	Upload physical UI evidence	2026-09-07T21:16:05.9998595Z (Use `node --trace-deprecation ...` to show where the warning was created)
physical-device-ui-proof	Upload physical UI evidence	2026-09-07T21:16:06.0215404Z With the provided path, there will be 75 files uploaded
physical-device-ui-proof	Upload physical UI evidence	2026-09-07T21:16:06.0222143Z Artifact name is valid!
physical-device-ui-proof	Upload physical UI evidence	2026-09-07T21:16:06.0222995Z Root directory input is valid!
physical-device-ui-proof	Upload physical UI evidence	2026-09-07T21:16:06.4410290Z Beginning upload of artifact content to blob storage
physical-device-ui-proof	Upload physical UI evidence	2026-09-07T21:16:06.7697645Z (node:49811) [DEP0169] DeprecationWarning: `url.parse()` behavior is not standardized and prone to errors that have security implications. Use the WHATWG URL API instead. CVEs are not issued for `url.parse()` vulnerabilities.
physical-device-ui-proof	Upload physical UI evidence	2026-09-07T21:16:07.7540475Z Uploaded bytes 5932807
physical-device-ui-proof	Upload physical UI evidence	2026-09-07T21:16:07.8380283Z Finished uploading artifact content to blob storage!
physical-device-ui-proof	Upload physical UI evidence	2026-09-07T21:16:07.8381626Z SHA256 digest of uploaded artifact zip is c0932b714237ae92d3ba78fd372d06ce13da5f571e32a7a5aa9b3a3c0b7ff602
physical-device-ui-proof	Upload physical UI evidence	2026-09-07T21:16:07.8383176Z Finalizing artifact upload
physical-device-ui-proof	Upload physical UI evidence	2026-09-07T21:16:08.0954712Z Artifact INTENT-SHELL-PHYSICAL-ANDROID-EVIDENCE.zip successfully finalized. Artifact ID 10033052964
physical-device-ui-proof	Upload physical UI evidence	2026-09-07T21:16:08.0956290Z Artifact INTENT-SHELL-PHYSICAL-ANDROID-EVIDENCE has been successfully uploaded! Final size is 5932807 bytes. Artifact ID is 10033052964
physical-device-ui-proof	Upload physical UI evidence	2026-09-07T21:16:08.0962450Z Artifact download URL: https://github.com/Uskoci1/USKOCI-CLEAN/actions/runs/34160744232/artifacts/10033052964
physical-device-ui-proof	Stop disposable Supabase	﻿2026-09-07T21:16:08.1125028Z ##[group]Run if [[ -n "${RU5_DEVICE_PROOF_DIR:-}" && -d "$RU5_DEVICE_PROOF_DIR" ]]; then
physical-device-ui-proof	Stop disposable Supabase	2026-09-07T21:16:08.1126021Z ^[[36;1mif [[ -n "${RU5_DEVICE_PROOF_DIR:-}" && -d "$RU5_DEVICE_PROOF_DIR" ]]; then^[[0m
physical-device-ui-proof	Stop disposable Supabase	2026-09-07T21:16:08.1126735Z ^[[36;1m  cd "$RU5_DEVICE_PROOF_DIR"^[[0m
physical-device-ui-proof	Stop disposable Supabase	2026-09-07T21:16:08.1127529Z ^[[36;1m  supabase stop --no-backup || true^[[0m
physical-device-ui-proof	Stop disposable Supabase	2026-09-07T21:16:08.1128024Z ^[[36;1mfi^[[0m
physical-device-ui-proof	Stop disposable Supabase	2026-09-07T21:16:08.1181142Z shell: /usr/bin/bash -e {0}
physical-device-ui-proof	Stop disposable Supabase	2026-09-07T21:16:08.1181610Z env:
physical-device-ui-proof	Stop disposable Supabase	2026-09-07T21:16:08.1181940Z   CI: 1
physical-device-ui-proof	Stop disposable Supabase	2026-09-07T21:16:08.1182646Z   SUPABASE_TELEMETRY_DISABLED: 1
physical-device-ui-proof	Stop disposable Supabase	2026-09-07T21:16:08.1183121Z   DO_NOT_TRACK: 1
physical-device-ui-proof	Stop disposable Supabase	2026-09-07T21:16:08.1183537Z   RU5_DEVICE_PACKAGE: rs.uskoci.n04proof
physical-device-ui-proof	Stop disposable Supabase	2026-09-07T21:16:08.1184168Z   RU5_DEVICE_ARTIFACT_DIR: artifacts/intent-shell-device
physical-device-ui-proof	Stop disposable Supabase	2026-09-07T21:16:08.1184749Z   RU5_ENTRY_PROOF: 1
physical-device-ui-proof	Stop disposable Supabase	2026-09-07T21:16:08.1185187Z   SUPABASE_INTERNAL_IMAGE_REGISTRY: ghcr.io
physical-device-ui-proof	Stop disposable Supabase	2026-09-07T21:16:08.1185880Z   JAVA_HOME: /opt/hostedtoolcache/Java_Temurin-Hotspot_jdk/17.0.20-1/x64
physical-device-ui-proof	Stop disposable Supabase	2026-09-07T21:16:08.1186850Z   JAVA_HOME_17_X64: /opt/hostedtoolcache/Java_Temurin-Hotspot_jdk/17.0.20-1/x64
physical-device-ui-proof	Stop disposable Supabase	2026-09-07T21:16:08.1187571Z   MAVEN_ARGS: -ntp
physical-device-ui-proof	Stop disposable Supabase	2026-09-07T21:16:08.1188025Z   RU5_DEVICE_PROOF_DIR: /tmp/uskoci-ru5-device-ui
physical-device-ui-proof	Stop disposable Supabase	2026-09-07T21:16:08.1188999Z   RU5_DEVICE_DB_URL: ***127.0.0.1:54322/postgres
physical-device-ui-proof	Stop disposable Supabase	2026-09-07T21:16:08.1189632Z   RU5_DEVICE_SUPABASE_URL: http://127.0.0.1:54321
physical-device-ui-proof	Stop disposable Supabase	2026-09-07T21:16:08.1191554Z   RU5_DEVICE_ANON_KEY: ***
physical-device-ui-proof	Stop disposable Supabase	2026-09-07T21:16:08.1193822Z   RU5_DEVICE_SERVICE_ROLE_KEY: ***
physical-device-ui-proof	Stop disposable Supabase	2026-09-07T21:16:08.1194722Z   RU5_DEVICE_REQUESTER_EMAIL: ru5-device-requester-4c2d7cc3-9922-4387-ad98-c84ef207f8a5@proof.invalid
physical-device-ui-proof	Stop disposable Supabase	2026-09-07T21:16:08.1195986Z   RU5_DEVICE_WORKER_EMAIL: ru5-device-worker-4c2d7cc3-9922-4387-ad98-c84ef207f8a5@proof.invalid
physical-device-ui-proof	Stop disposable Supabase	2026-09-07T21:16:08.1197042Z   RU5_DEVICE_PASSWORD: ***
physical-device-ui-proof	Stop disposable Supabase	2026-09-07T21:16:08.1197578Z   RU5_DEVICE_NEED_ID: 4e441822-e254-47fb-b88c-02d51ad9e8b4
physical-device-ui-proof	Stop disposable Supabase	2026-09-07T21:16:08.1198224Z   RU5_DEVICE_NEED_TITLE: RU5 device journey 4c2d7cc3
physical-device-ui-proof	Stop disposable Supabase	2026-09-07T21:16:08.1198952Z   RU5_DEVICE_REQUESTER_USER_ID: edc61d5b-87c2-4aad-b467-bcb498dae343
physical-device-ui-proof	Stop disposable Supabase	2026-09-07T21:16:08.1200003Z   RU5_DEVICE_WORKER_USER_ID: 9a956706-89b2-4639-8bab-6965461480d0
physical-device-ui-proof	Stop disposable Supabase	2026-09-07T21:16:08.1200726Z   N04_AGREEMENT_ID: 8bee4280-4afb-4f50-94e6-92b3dbdea7b5
physical-device-ui-proof	Stop disposable Supabase	2026-09-07T21:16:08.1201374Z   EXPO_PUBLIC_SUPABASE_URL: http://10.0.2.2:54321
physical-device-ui-proof	Stop disposable Supabase	2026-09-07T21:16:08.1203623Z   EXPO_PUBLIC_SUPABASE_ANON_KEY: ***
physical-device-ui-proof	Stop disposable Supabase	2026-09-07T21:16:08.1204146Z   EXPO_PUBLIC_USE_FAKE_SOURCE: 0
physical-device-ui-proof	Stop disposable Supabase	2026-09-07T21:16:08.1204653Z   ANDROID_AVD_HOME: /home/runner/.android/avd
physical-device-ui-proof	Stop disposable Supabase	2026-09-07T21:16:08.1205169Z ##[endgroup]
physical-device-ui-proof	Stop disposable Supabase	2026-09-07T21:16:08.6084984Z Stopping containers...
physical-device-ui-proof	Stop disposable Supabase	2026-09-07T21:16:30.1769066Z Stopped supabase local development setup.
physical-device-ui-proof	Stop disposable Supabase	2026-09-07T21:16:30.2022804Z A new version of Supabase CLI is available: v2.117.0 (currently installed v2.116.0)
physical-device-ui-proof	Stop disposable Supabase	2026-09-07T21:16:30.2139244Z We recommend updating regularly for new features and bug fixes: https://supabase.com/docs/guides/cli/getting-started#updating-the-supabase-cli
physical-device-ui-proof	Post Set up Java 17	﻿2026-09-07T21:16:30.2245668Z Post job cleanup.
physical-device-ui-proof	Post Set up Node 24	﻿2026-09-07T21:16:30.3881464Z Node 20 is being deprecated. This workflow is running with Node 24 by default. If you need to temporarily use Node 20, you can set the ACTIONS_ALLOW_USE_UNSECURE_NODE_VERSION=true environment variable. For more information see: https://github.blog/changelog/2025-09-19-deprecation-of-node-20-on-github-actions-runners/
physical-device-ui-proof	Post Set up Node 24	2026-09-07T21:16:30.3883122Z Post job cleanup.
physical-device-ui-proof	Post Set up Node 24	2026-09-07T21:16:30.5349194Z (node:50646) [DEP0040] DeprecationWarning: The `punycode` module is deprecated. Please use a userland alternative instead.
physical-device-ui-proof	Post Set up Node 24	2026-09-07T21:16:30.5351042Z (Use `node --trace-deprecation ...` to show where the warning was created)
physical-device-ui-proof	Post Set up Node 24	2026-09-07T21:16:30.5353834Z Cache hit occurred on the primary key node-cache-Linux-x64-npm-8397ea54b5b80fda2980aa993dfe2420b89679f27acfefdcdfd110c26b03facb, not saving cache.
physical-device-ui-proof	Post Checkout proof branch	﻿2026-09-07T21:16:30.5507147Z Node 20 is being deprecated. This workflow is running with Node 24 by default. If you need to temporarily use Node 20, you can set the ACTIONS_ALLOW_USE_UNSECURE_NODE_VERSION=true environment variable. For more information see: https://github.blog/changelog/2025-09-19-deprecation-of-node-20-on-github-actions-runners/
physical-device-ui-proof	Post Checkout proof branch	2026-09-07T21:16:30.5508445Z Post job cleanup.
physical-device-ui-proof	Post Checkout proof branch	2026-09-07T21:16:30.6448440Z [command]/usr/bin/git version
physical-device-ui-proof	Post Checkout proof branch	2026-09-07T21:16:30.6497552Z git version 2.55.0
physical-device-ui-proof	Post Checkout proof branch	2026-09-07T21:16:30.6543373Z Temporarily overriding HOME='/home/runner/work/_temp/9c35a467-908a-4acd-92d6-fa441efce6c3' before making global git config changes
physical-device-ui-proof	Post Checkout proof branch	2026-09-07T21:16:30.6545242Z Adding repository directory to the temporary git global config as a safe directory
physical-device-ui-proof	Post Checkout proof branch	2026-09-07T21:16:30.6551029Z [command]/usr/bin/git config --global --add safe.directory /home/runner/work/USKOCI-CLEAN/USKOCI-CLEAN
physical-device-ui-proof	Post Checkout proof branch	2026-09-07T21:16:30.6596641Z [command]/usr/bin/git config --local --name-only --get-regexp core\.sshCommand
physical-device-ui-proof	Post Checkout proof branch	2026-09-07T21:16:30.6646814Z [command]/usr/bin/git submodule foreach --recursive sh -c "git config --local --name-only --get-regexp 'core\.sshCommand' && git config --local --unset-all 'core.sshCommand' || :"
physical-device-ui-proof	Post Checkout proof branch	2026-09-07T21:16:30.7018703Z [command]/usr/bin/git config --local --name-only --get-regexp http\.https\:\/\/github\.com\/\.extraheader
physical-device-ui-proof	Post Checkout proof branch	2026-09-07T21:16:30.7064315Z http.https://github.com/.extraheader
physical-device-ui-proof	Post Checkout proof branch	2026-09-07T21:16:30.7080005Z [command]/usr/bin/git config --local --unset-all http.https://github.com/.extraheader
physical-device-ui-proof	Post Checkout proof branch	2026-09-07T21:16:30.7143216Z [command]/usr/bin/git submodule foreach --recursive sh -c "git config --local --name-only --get-regexp 'http\.https\:\/\/github\.com\/\.extraheader' && git config --local --unset-all 'http.https://github.com/.extraheader' || :"
physical-device-ui-proof	Post Checkout proof branch	2026-09-07T21:16:30.7454772Z [command]/usr/bin/git config --local --name-only --get-regexp ^includeIf\.gitdir:
physical-device-ui-proof	Post Checkout proof branch	2026-09-07T21:16:30.7503101Z [command]/usr/bin/git submodule foreach --recursive git config --local --show-origin --name-only --get-regexp remote.origin.url
physical-device-ui-proof	Complete job	﻿2026-09-07T21:16:30.8001848Z Cleaning up orphan processes
physical-device-ui-proof	Complete job	2026-09-07T21:16:30.8325534Z Terminate orphan process: pid (32254) (adb)
physical-device-ui-proof	Complete job	2026-09-07T21:16:30.8465657Z ##[warning]Node.js 20 is deprecated. The following actions target Node.js 20 but are being forced to run on Node.js 24: actions/checkout@v4, actions/setup-node@v4, actions/upload-artifact@v4, supabase/setup-cli@ab058987d8d6c725971f6cf9d0b5c98467e30bd1. For more information see: https://github.blog/changelog/2025-09-19-deprecation-of-node-20-on-github-actions-runners/
