PUBLIC NORMALIZED LOG COPY - credential values redacted where detected.
Original raw log retained outside Git in the workspace evidence archive.
Original SHA256: b389c4f8040beb16a43854c20e52dd941f362e27b4a38e736e4240bdb71c16c0

physical-device-ui-proof	Set up job	﻿2026-09-07T21:32:38.3579984Z Current runner version: '2.337.0'
physical-device-ui-proof	Set up job	2026-09-07T21:32:38.3605735Z ##[group]Runner Image Provisioner
physical-device-ui-proof	Set up job	2026-09-07T21:32:38.3606719Z Hosted Compute Agent
physical-device-ui-proof	Set up job	2026-09-07T21:32:38.3607368Z Version: 20260828.587
physical-device-ui-proof	Set up job	2026-09-07T21:32:38.3608016Z Commit: abac92662cab4cc7352de4f9f9d2e2419aad9c29
physical-device-ui-proof	Set up job	2026-09-07T21:32:38.3608848Z Build Date: 2026-08-28T16:44:25Z
physical-device-ui-proof	Set up job	2026-09-07T21:32:38.3609551Z Worker ID: {c6a9867c-85df-4241-adcf-72a113e4ad3f}
physical-device-ui-proof	Set up job	2026-09-07T21:32:38.3610344Z Azure Region: westus
physical-device-ui-proof	Set up job	2026-09-07T21:32:38.3610983Z ##[endgroup]
physical-device-ui-proof	Set up job	2026-09-07T21:32:38.3612841Z ##[group]Operating System
physical-device-ui-proof	Set up job	2026-09-07T21:32:38.3613691Z Ubuntu
physical-device-ui-proof	Set up job	2026-09-07T21:32:38.3614346Z 24.04.4
physical-device-ui-proof	Set up job	2026-09-07T21:32:38.3614997Z LTS
physical-device-ui-proof	Set up job	2026-09-07T21:32:38.3615695Z ##[endgroup]
physical-device-ui-proof	Set up job	2026-09-07T21:32:38.3616310Z ##[group]Runner Image
physical-device-ui-proof	Set up job	2026-09-07T21:32:38.3617024Z Image: ubuntu-24.04
physical-device-ui-proof	Set up job	2026-09-07T21:32:38.3617652Z Version: 20260831.293.1
physical-device-ui-proof	Set up job	2026-09-07T21:32:38.3618814Z Included Software: https://github.com/actions/runner-images/blob/ubuntu24/20260831.293/images/ubuntu/Ubuntu2404-Readme.md
physical-device-ui-proof	Set up job	2026-09-07T21:32:38.3620648Z Image Release: https://github.com/actions/runner-images/releases/tag/ubuntu24%2F20260831.293
physical-device-ui-proof	Set up job	2026-09-07T21:32:38.3622112Z ##[endgroup]
physical-device-ui-proof	Set up job	2026-09-07T21:32:38.3623315Z ##[group]GITHUB_TOKEN Permissions
physical-device-ui-proof	Set up job	2026-09-07T21:32:38.3625474Z Contents: read
physical-device-ui-proof	Set up job	2026-09-07T21:32:38.3626167Z Metadata: read
physical-device-ui-proof	Set up job	2026-09-07T21:32:38.3626776Z ##[endgroup]
physical-device-ui-proof	Set up job	2026-09-07T21:32:38.3628962Z Secret source: Actions
physical-device-ui-proof	Set up job	2026-09-07T21:32:38.3630075Z Prepare workflow directory
physical-device-ui-proof	Set up job	2026-09-07T21:32:38.4029400Z Prepare all required actions
physical-device-ui-proof	Set up job	2026-09-07T21:32:38.4078746Z Getting action download info
physical-device-ui-proof	Set up job	2026-09-07T21:32:38.7769841Z Download action repository 'actions/checkout@v4' (SHA:11d5960a326750d5838078e36cf38b85af677262)
physical-device-ui-proof	Set up job	2026-09-07T21:32:38.9037495Z Download action repository 'supabase/setup-cli@ab058987d8d6c725971f6cf9d0b5c98467e30bd1' (SHA:ab058987d8d6c725971f6cf9d0b5c98467e30bd1)
physical-device-ui-proof	Set up job	2026-09-07T21:32:39.2684093Z Download action repository 'actions/setup-node@v4' (SHA:49933ea5288caeca8642d1e84afbd3f7d6820020)
physical-device-ui-proof	Set up job	2026-09-07T21:32:39.3540974Z Download action repository 'actions/setup-java@v5' (SHA:b6effb05e454b25005698d916606bdc6ffcbf961)
physical-device-ui-proof	Set up job	2026-09-07T21:32:39.8522566Z Download action repository 'ReactiveCircus/android-emulator-runner@a421e43855164a8197daf9d8d40fe71c6996bb0d' (SHA:a421e43855164a8197daf9d8d40fe71c6996bb0d)
physical-device-ui-proof	Set up job	2026-09-07T21:32:40.1885578Z Download action repository 'actions/upload-artifact@v4' (SHA:ea165f8d65b6e75b540449e92b4886f43607fa02)
physical-device-ui-proof	Set up job	2026-09-07T21:32:40.4182003Z Complete job name: physical-device-ui-proof
physical-device-ui-proof	Checkout proof branch	﻿2026-09-07T21:32:40.5095016Z Node 20 is being deprecated. This workflow is running with Node 24 by default. If you need to temporarily use Node 20, you can set the ACTIONS_ALLOW_USE_UNSECURE_NODE_VERSION=true environment variable. For more information see: https://github.blog/changelog/2025-09-19-deprecation-of-node-20-on-github-actions-runners/
physical-device-ui-proof	Checkout proof branch	2026-09-07T21:32:40.5103037Z ##[group]Run actions/checkout@v4
physical-device-ui-proof	Checkout proof branch	2026-09-07T21:32:40.5103724Z with:
physical-device-ui-proof	Checkout proof branch	2026-09-07T21:32:40.5104135Z   repository: Uskoci1/USKOCI-CLEAN
physical-device-ui-proof	Checkout proof branch	2026-09-07T21:32:40.5107315Z   token: ***
physical-device-ui-proof	Checkout proof branch	2026-09-07T21:32:40.5107740Z   ssh-strict: true
physical-device-ui-proof	Checkout proof branch	2026-09-07T21:32:40.5108128Z   ssh-user: git
physical-device-ui-proof	Checkout proof branch	2026-09-07T21:32:40.5108526Z   persist-credentials: true
physical-device-ui-proof	Checkout proof branch	2026-09-07T21:32:40.5108946Z   clean: true
physical-device-ui-proof	Checkout proof branch	2026-09-07T21:32:40.5109342Z   sparse-checkout-cone-mode: true
physical-device-ui-proof	Checkout proof branch	2026-09-07T21:32:40.5109788Z   fetch-depth: 1
physical-device-ui-proof	Checkout proof branch	2026-09-07T21:32:40.5110171Z   fetch-tags: false
physical-device-ui-proof	Checkout proof branch	2026-09-07T21:32:40.5110570Z   show-progress: true
physical-device-ui-proof	Checkout proof branch	2026-09-07T21:32:40.5110953Z   lfs: false
physical-device-ui-proof	Checkout proof branch	2026-09-07T21:32:40.5111563Z   submodules: false
physical-device-ui-proof	Checkout proof branch	2026-09-07T21:32:40.5112020Z   set-safe-directory: true
physical-device-ui-proof	Checkout proof branch	2026-09-07T21:32:40.5112448Z   allow-unsafe-pr-checkout: false
physical-device-ui-proof	Checkout proof branch	2026-09-07T21:32:40.5113151Z env:
physical-device-ui-proof	Checkout proof branch	2026-09-07T21:32:40.5113514Z   CI: 1
physical-device-ui-proof	Checkout proof branch	2026-09-07T21:32:40.5113884Z   SUPABASE_TELEMETRY_DISABLED: 1
physical-device-ui-proof	Checkout proof branch	2026-09-07T21:32:40.5114312Z   DO_NOT_TRACK: 1
physical-device-ui-proof	Checkout proof branch	2026-09-07T21:32:40.5114709Z   RU5_DEVICE_PACKAGE: rs.uskoci.n04proof
physical-device-ui-proof	Checkout proof branch	2026-09-07T21:32:40.5115223Z   RU5_DEVICE_ARTIFACT_DIR: artifacts/intent-shell-device
physical-device-ui-proof	Checkout proof branch	2026-09-07T21:32:40.5115729Z   RU5_ENTRY_PROOF: 1
physical-device-ui-proof	Checkout proof branch	2026-09-07T21:32:40.5116366Z ##[endgroup]
physical-device-ui-proof	Checkout proof branch	2026-09-07T21:32:40.6150762Z Syncing repository: Uskoci1/USKOCI-CLEAN
physical-device-ui-proof	Checkout proof branch	2026-09-07T21:32:40.6152718Z ##[group]Getting Git version info
physical-device-ui-proof	Checkout proof branch	2026-09-07T21:32:40.6153391Z Working directory is '/home/runner/work/USKOCI-CLEAN/USKOCI-CLEAN'
physical-device-ui-proof	Checkout proof branch	2026-09-07T21:32:40.6154302Z [command]/usr/bin/git version
physical-device-ui-proof	Checkout proof branch	2026-09-07T21:32:40.6283943Z git version 2.55.0
physical-device-ui-proof	Checkout proof branch	2026-09-07T21:32:40.6312574Z ##[endgroup]
physical-device-ui-proof	Checkout proof branch	2026-09-07T21:32:40.6328959Z Temporarily overriding HOME='/home/runner/work/_temp/3fea666d-452b-4ccd-b267-4ac3df0b084f' before making global git config changes
physical-device-ui-proof	Checkout proof branch	2026-09-07T21:32:40.6331736Z Adding repository directory to the temporary git global config as a safe directory
physical-device-ui-proof	Checkout proof branch	2026-09-07T21:32:40.6335606Z [command]/usr/bin/git config --global --add safe.directory /home/runner/work/USKOCI-CLEAN/USKOCI-CLEAN
physical-device-ui-proof	Checkout proof branch	2026-09-07T21:32:40.6389812Z Deleting the contents of '/home/runner/work/USKOCI-CLEAN/USKOCI-CLEAN'
physical-device-ui-proof	Checkout proof branch	2026-09-07T21:32:40.6394963Z ##[group]Initializing the repository
physical-device-ui-proof	Checkout proof branch	2026-09-07T21:32:40.6399744Z [command]/usr/bin/git init /home/runner/work/USKOCI-CLEAN/USKOCI-CLEAN
physical-device-ui-proof	Checkout proof branch	2026-09-07T21:32:40.6510047Z hint: Using 'master' as the name for the initial branch. This default branch name
physical-device-ui-proof	Checkout proof branch	2026-09-07T21:32:40.6511768Z hint: will change to "main" in Git 3.0. To configure the initial branch name
physical-device-ui-proof	Checkout proof branch	2026-09-07T21:32:40.6512692Z hint: to use in all of your new repositories, which will suppress this warning,
physical-device-ui-proof	Checkout proof branch	2026-09-07T21:32:40.6513310Z hint: call:
physical-device-ui-proof	Checkout proof branch	2026-09-07T21:32:40.6513682Z hint:
physical-device-ui-proof	Checkout proof branch	2026-09-07T21:32:40.6514155Z hint: 	git config --global init.defaultBranch <name>
physical-device-ui-proof	Checkout proof branch	2026-09-07T21:32:40.6514701Z hint:
physical-device-ui-proof	Checkout proof branch	2026-09-07T21:32:40.6515195Z hint: Names commonly chosen instead of 'master' are 'main', 'trunk' and
physical-device-ui-proof	Checkout proof branch	2026-09-07T21:32:40.6516157Z hint: 'development'. The just-created branch can be renamed via this command:
physical-device-ui-proof	Checkout proof branch	2026-09-07T21:32:40.6516758Z hint:
physical-device-ui-proof	Checkout proof branch	2026-09-07T21:32:40.6517138Z hint: 	git branch -m <name>
physical-device-ui-proof	Checkout proof branch	2026-09-07T21:32:40.6517557Z hint:
physical-device-ui-proof	Checkout proof branch	2026-09-07T21:32:40.6518074Z hint: Disable this message with "git config set advice.defaultBranchName false"
physical-device-ui-proof	Checkout proof branch	2026-09-07T21:32:40.6523409Z Initialized empty Git repository in /home/runner/work/USKOCI-CLEAN/USKOCI-CLEAN/.git/
physical-device-ui-proof	Checkout proof branch	2026-09-07T21:32:40.6535552Z [command]/usr/bin/git remote add origin https://github.com/Uskoci1/USKOCI-CLEAN
physical-device-ui-proof	Checkout proof branch	2026-09-07T21:32:40.6586240Z ##[endgroup]
physical-device-ui-proof	Checkout proof branch	2026-09-07T21:32:40.6587514Z ##[group]Disabling automatic garbage collection
physical-device-ui-proof	Checkout proof branch	2026-09-07T21:32:40.6591179Z [command]/usr/bin/git config --local gc.auto 0
physical-device-ui-proof	Checkout proof branch	2026-09-07T21:32:40.6625677Z ##[endgroup]
physical-device-ui-proof	Checkout proof branch	2026-09-07T21:32:40.6626661Z ##[group]Setting up auth
physical-device-ui-proof	Checkout proof branch	2026-09-07T21:32:40.6633483Z [command]/usr/bin/git config --local --name-only --get-regexp core\.sshCommand
physical-device-ui-proof	Checkout proof branch	2026-09-07T21:32:40.6677287Z [command]/usr/bin/git submodule foreach --recursive sh -c "git config --local --name-only --get-regexp 'core\.sshCommand' && git config --local --unset-all 'core.sshCommand' || :"
physical-device-ui-proof	Checkout proof branch	2026-09-07T21:32:40.7067666Z [command]/usr/bin/git config --local --name-only --get-regexp http\.https\:\/\/github\.com\/\.extraheader
physical-device-ui-proof	Checkout proof branch	2026-09-07T21:32:40.7112434Z [command]/usr/bin/git submodule foreach --recursive sh -c "git config --local --name-only --get-regexp 'http\.https\:\/\/github\.com\/\.extraheader' && git config --local --unset-all 'http.https://github.com/.extraheader' || :"
physical-device-ui-proof	Checkout proof branch	2026-09-07T21:32:40.7340470Z [command]/usr/bin/git config --local --name-only --get-regexp ^includeIf\.gitdir:
physical-device-ui-proof	Checkout proof branch	2026-09-07T21:32:40.7379252Z [command]/usr/bin/git submodule foreach --recursive git config --local --show-origin --name-only --get-regexp remote.origin.url
physical-device-ui-proof	Checkout proof branch	2026-09-07T21:32:40.7605247Z [command]/usr/bin/git config --local http.https://github.com/.extraheader AUTHORIZATION: basic ***
physical-device-ui-proof	Checkout proof branch	2026-09-07T21:32:40.7644026Z ##[endgroup]
physical-device-ui-proof	Checkout proof branch	2026-09-07T21:32:40.7653635Z ##[group]Fetching the repository
physical-device-ui-proof	Checkout proof branch	2026-09-07T21:32:40.7654953Z [command]/usr/bin/git -c protocol.version=2 fetch --no-tags --prune --no-recurse-submodules --depth=1 origin +82a99fc115ff813327e9548c66fedd8413d29bff:refs/remotes/origin/feat/figma-entry-20260907
physical-device-ui-proof	Checkout proof branch	2026-09-07T21:32:43.0903795Z From https://github.com/Uskoci1/USKOCI-CLEAN
physical-device-ui-proof	Checkout proof branch	2026-09-07T21:32:43.0904617Z  * [new ref]         82a99fc115ff813327e9548c66fedd8413d29bff -> origin/feat/figma-entry-20260907
physical-device-ui-proof	Checkout proof branch	2026-09-07T21:32:43.0908091Z ##[endgroup]
physical-device-ui-proof	Checkout proof branch	2026-09-07T21:32:43.0909313Z ##[group]Determining the checkout info
physical-device-ui-proof	Checkout proof branch	2026-09-07T21:32:43.0911088Z ##[endgroup]
physical-device-ui-proof	Checkout proof branch	2026-09-07T21:32:43.0917887Z [command]/usr/bin/git sparse-checkout disable
physical-device-ui-proof	Checkout proof branch	2026-09-07T21:32:43.0976626Z [command]/usr/bin/git config --local --unset-all extensions.worktreeConfig
physical-device-ui-proof	Checkout proof branch	2026-09-07T21:32:43.1008583Z ##[group]Checking out the ref
physical-device-ui-proof	Checkout proof branch	2026-09-07T21:32:43.1012760Z [command]/usr/bin/git checkout --progress --force -B feat/figma-entry-20260907 refs/remotes/origin/feat/figma-entry-20260907
physical-device-ui-proof	Checkout proof branch	2026-09-07T21:32:43.3397691Z Switched to a new branch 'feat/figma-entry-20260907'
physical-device-ui-proof	Checkout proof branch	2026-09-07T21:32:43.3402553Z branch 'feat/figma-entry-20260907' set up to track 'origin/feat/figma-entry-20260907'.
physical-device-ui-proof	Checkout proof branch	2026-09-07T21:32:43.3422400Z ##[endgroup]
physical-device-ui-proof	Checkout proof branch	2026-09-07T21:32:43.3475041Z [command]/usr/bin/git log -1 --format=%H
physical-device-ui-proof	Checkout proof branch	2026-09-07T21:32:43.3505968Z 82a99fc115ff813327e9548c66fedd8413d29bff
physical-device-ui-proof	Verify migration bytes and provenance integrity	﻿2026-09-07T21:32:43.3724044Z ##[group]Run sh supabase/migrations/check_md5.sh
physical-device-ui-proof	Verify migration bytes and provenance integrity	2026-09-07T21:32:43.3724589Z ^[[36;1msh supabase/migrations/check_md5.sh^[[0m
physical-device-ui-proof	Verify migration bytes and provenance integrity	2026-09-07T21:32:43.3764375Z shell: /usr/bin/bash -e {0}
physical-device-ui-proof	Verify migration bytes and provenance integrity	2026-09-07T21:32:43.3764681Z env:
physical-device-ui-proof	Verify migration bytes and provenance integrity	2026-09-07T21:32:43.3764885Z   CI: 1
physical-device-ui-proof	Verify migration bytes and provenance integrity	2026-09-07T21:32:43.3765101Z   SUPABASE_TELEMETRY_DISABLED: 1
physical-device-ui-proof	Verify migration bytes and provenance integrity	2026-09-07T21:32:43.3765373Z   DO_NOT_TRACK: 1
physical-device-ui-proof	Verify migration bytes and provenance integrity	2026-09-07T21:32:43.3765612Z   RU5_DEVICE_PACKAGE: rs.uskoci.n04proof
physical-device-ui-proof	Verify migration bytes and provenance integrity	2026-09-07T21:32:43.3765979Z   RU5_DEVICE_ARTIFACT_DIR: artifacts/intent-shell-device
physical-device-ui-proof	Verify migration bytes and provenance integrity	2026-09-07T21:32:43.3766339Z   RU5_ENTRY_PROOF: 1
physical-device-ui-proof	Verify migration bytes and provenance integrity	2026-09-07T21:32:43.3766568Z ##[endgroup]
physical-device-ui-proof	Verify migration bytes and provenance integrity	2026-09-07T21:32:43.4227277Z PASS migration_integrity files=87 live_snapshot=87 pending=0 191500=RECORDED_STATEMENT_RECONSTRUCTION exact_byte_mirror=false participant_contract=PASS
physical-device-ui-proof	Set up Supabase CLI	﻿2026-09-07T21:32:43.4326318Z Node 20 is being deprecated. This workflow is running with Node 24 by default. If you need to temporarily use Node 20, you can set the ACTIONS_ALLOW_USE_UNSECURE_NODE_VERSION=true environment variable. For more information see: https://github.blog/changelog/2025-09-19-deprecation-of-node-20-on-github-actions-runners/
physical-device-ui-proof	Set up Supabase CLI	2026-09-07T21:32:43.4328083Z ##[group]Run supabase/setup-cli@ab058987d8d6c725971f6cf9d0b5c98467e30bd1
physical-device-ui-proof	Set up Supabase CLI	2026-09-07T21:32:43.4328485Z with:
physical-device-ui-proof	Set up Supabase CLI	2026-09-07T21:32:43.4328723Z   version: 2.116.0
physical-device-ui-proof	Set up Supabase CLI	2026-09-07T21:32:43.4331870Z   github-token: ***
physical-device-ui-proof	Set up Supabase CLI	2026-09-07T21:32:43.4332129Z env:
physical-device-ui-proof	Set up Supabase CLI	2026-09-07T21:32:43.4332328Z   CI: 1
physical-device-ui-proof	Set up Supabase CLI	2026-09-07T21:32:43.4332536Z   SUPABASE_TELEMETRY_DISABLED: 1
physical-device-ui-proof	Set up Supabase CLI	2026-09-07T21:32:43.4332804Z   DO_NOT_TRACK: 1
physical-device-ui-proof	Set up Supabase CLI	2026-09-07T21:32:43.4333047Z   RU5_DEVICE_PACKAGE: rs.uskoci.n04proof
physical-device-ui-proof	Set up Supabase CLI	2026-09-07T21:32:43.4333391Z   RU5_DEVICE_ARTIFACT_DIR: artifacts/intent-shell-device
physical-device-ui-proof	Set up Supabase CLI	2026-09-07T21:32:43.4333718Z   RU5_ENTRY_PROOF: 1
physical-device-ui-proof	Set up Supabase CLI	2026-09-07T21:32:43.4333938Z ##[endgroup]
physical-device-ui-proof	Set up Supabase CLI	2026-09-07T21:32:43.9923466Z [command]/usr/bin/tar xz --warning=no-unknown-keyword --overwrite -C /home/runner/work/_temp/b6e75494-5049-44c8-b3de-12ce52d0323a -f /home/runner/work/_temp/2038c691-04da-4ceb-8070-31c185b3a864
physical-device-ui-proof	Set up Node 24	﻿2026-09-07T21:32:45.4786709Z Node 20 is being deprecated. This workflow is running with Node 24 by default. If you need to temporarily use Node 20, you can set the ACTIONS_ALLOW_USE_UNSECURE_NODE_VERSION=true environment variable. For more information see: https://github.blog/changelog/2025-09-19-deprecation-of-node-20-on-github-actions-runners/
physical-device-ui-proof	Set up Node 24	2026-09-07T21:32:45.4788079Z ##[group]Run actions/setup-node@v4
physical-device-ui-proof	Set up Node 24	2026-09-07T21:32:45.4788360Z with:
physical-device-ui-proof	Set up Node 24	2026-09-07T21:32:45.4788569Z   node-version: 24
physical-device-ui-proof	Set up Node 24	2026-09-07T21:32:45.4788787Z   cache: npm
physical-device-ui-proof	Set up Node 24	2026-09-07T21:32:45.4788989Z   always-auth: false
physical-device-ui-proof	Set up Node 24	2026-09-07T21:32:45.4789217Z   check-latest: false
physical-device-ui-proof	Set up Node 24	2026-09-07T21:32:45.4792112Z   token: ***
physical-device-ui-proof	Set up Node 24	2026-09-07T21:32:45.4792328Z env:
physical-device-ui-proof	Set up Node 24	2026-09-07T21:32:45.4792520Z   CI: 1
physical-device-ui-proof	Set up Node 24	2026-09-07T21:32:45.4792728Z   SUPABASE_TELEMETRY_DISABLED: 1
physical-device-ui-proof	Set up Node 24	2026-09-07T21:32:45.4793004Z   DO_NOT_TRACK: 1
physical-device-ui-proof	Set up Node 24	2026-09-07T21:32:45.4793255Z   RU5_DEVICE_PACKAGE: rs.uskoci.n04proof
physical-device-ui-proof	Set up Node 24	2026-09-07T21:32:45.4793611Z   RU5_DEVICE_ARTIFACT_DIR: artifacts/intent-shell-device
physical-device-ui-proof	Set up Node 24	2026-09-07T21:32:45.4794132Z   RU5_ENTRY_PROOF: 1
physical-device-ui-proof	Set up Node 24	2026-09-07T21:32:45.4794419Z   SUPABASE_INTERNAL_IMAGE_REGISTRY: ghcr.io
physical-device-ui-proof	Set up Node 24	2026-09-07T21:32:45.4794722Z ##[endgroup]
physical-device-ui-proof	Set up Node 24	2026-09-07T21:32:45.6179838Z Found in cache @ /opt/hostedtoolcache/node/24.20.0/x64
physical-device-ui-proof	Set up Node 24	2026-09-07T21:32:45.6184364Z (node:2239) [DEP0040] DeprecationWarning: The `punycode` module is deprecated. Please use a userland alternative instead.
physical-device-ui-proof	Set up Node 24	2026-09-07T21:32:45.6185317Z (Use `node --trace-deprecation ...` to show where the warning was created)
physical-device-ui-proof	Set up Node 24	2026-09-07T21:32:45.6187172Z ##[group]Environment details
physical-device-ui-proof	Set up Node 24	2026-09-07T21:32:46.0227629Z node: v24.20.0
physical-device-ui-proof	Set up Node 24	2026-09-07T21:32:46.0228108Z npm: 11.19.0
physical-device-ui-proof	Set up Node 24	2026-09-07T21:32:46.0228468Z yarn: 1.22.22
physical-device-ui-proof	Set up Node 24	2026-09-07T21:32:46.0229478Z ##[endgroup]
physical-device-ui-proof	Set up Node 24	2026-09-07T21:32:46.0248222Z [command]/opt/hostedtoolcache/node/24.20.0/x64/bin/npm config get cache
physical-device-ui-proof	Set up Node 24	2026-09-07T21:32:46.1370261Z /home/runner/.npm
physical-device-ui-proof	Set up Node 24	2026-09-07T21:32:46.3958163Z Cache hit for: node-cache-Linux-x64-npm-8397ea54b5b80fda2980aa993dfe2420b89679f27acfefdcdfd110c26b03facb
physical-device-ui-proof	Set up Node 24	2026-09-07T21:32:46.4100477Z (node:2239) [DEP0169] DeprecationWarning: `url.parse()` behavior is not standardized and prone to errors that have security implications. Use the WHATWG URL API instead. CVEs are not issued for `url.parse()` vulnerabilities.
physical-device-ui-proof	Set up Node 24	2026-09-07T21:32:47.6787967Z Received 4194304 of 195310476 (2.1%), 4.0 MBs/sec
physical-device-ui-proof	Set up Node 24	2026-09-07T21:32:48.6794580Z Received 125829120 of 195310476 (64.4%), 60.0 MBs/sec
physical-device-ui-proof	Set up Node 24	2026-09-07T21:32:49.2202609Z Received 195310476 of 195310476 (100.0%), 73.3 MBs/sec
physical-device-ui-proof	Set up Node 24	2026-09-07T21:32:49.2204175Z Cache Size: ~186 MB (195310476 B)
physical-device-ui-proof	Set up Node 24	2026-09-07T21:32:49.2242597Z [command]/usr/bin/tar -xf /home/runner/work/_temp/4493db07-546a-4084-951c-c673a48c5a44/cache.tzst -P -C /home/runner/work/USKOCI-CLEAN/USKOCI-CLEAN --use-compress-program unzstd
physical-device-ui-proof	Set up Node 24	2026-09-07T21:32:49.6065269Z Cache restored successfully
physical-device-ui-proof	Set up Node 24	2026-09-07T21:32:49.6155603Z Cache restored from key: node-cache-Linux-x64-npm-8397ea54b5b80fda2980aa993dfe2420b89679f27acfefdcdfd110c26b03facb
physical-device-ui-proof	Set up Java 17	﻿2026-09-07T21:32:49.6376187Z ##[group]Run actions/setup-java@v5
physical-device-ui-proof	Set up Java 17	2026-09-07T21:32:49.6376532Z with:
physical-device-ui-proof	Set up Java 17	2026-09-07T21:32:49.6376752Z   distribution: temurin
physical-device-ui-proof	Set up Java 17	2026-09-07T21:32:49.6376993Z   java-version: 17
physical-device-ui-proof	Set up Java 17	2026-09-07T21:32:49.6377216Z   java-package: jdk
physical-device-ui-proof	Set up Java 17	2026-09-07T21:32:49.6377450Z   check-latest: false
physical-device-ui-proof	Set up Java 17	2026-09-07T21:32:49.6377672Z   set-default: true
physical-device-ui-proof	Set up Java 17	2026-09-07T21:32:49.6377895Z   verify-signature: false
physical-device-ui-proof	Set up Java 17	2026-09-07T21:32:49.6378142Z   server-id: github
physical-device-ui-proof	Set up Java 17	2026-09-07T21:32:49.6378381Z   server-username: GITHUB_ACTOR
physical-device-ui-proof	Set up Java 17	2026-09-07T21:32:49.6378654Z   server-password: [REDACTED_NAMED_ASSIGNMENT]
physical-device-ui-proof	Set up Java 17	2026-09-07T21:32:49.6378924Z   overwrite-settings: true
physical-device-ui-proof	Set up Java 17	2026-09-07T21:32:49.6379169Z   job-status: success
physical-device-ui-proof	Set up Java 17	2026-09-07T21:32:49.6382326Z   token: ***
physical-device-ui-proof	Set up Java 17	2026-09-07T21:32:49.6382582Z   show-download-progress: false
physical-device-ui-proof	Set up Java 17	2026-09-07T21:32:49.6382850Z env:
physical-device-ui-proof	Set up Java 17	2026-09-07T21:32:49.6383045Z   CI: 1
physical-device-ui-proof	Set up Java 17	2026-09-07T21:32:49.6383254Z   SUPABASE_TELEMETRY_DISABLED: 1
physical-device-ui-proof	Set up Java 17	2026-09-07T21:32:49.6383514Z   DO_NOT_TRACK: 1
physical-device-ui-proof	Set up Java 17	2026-09-07T21:32:49.6383759Z   RU5_DEVICE_PACKAGE: rs.uskoci.n04proof
physical-device-ui-proof	Set up Java 17	2026-09-07T21:32:49.6384154Z   RU5_DEVICE_ARTIFACT_DIR: artifacts/intent-shell-device
physical-device-ui-proof	Set up Java 17	2026-09-07T21:32:49.6384491Z   RU5_ENTRY_PROOF: 1
physical-device-ui-proof	Set up Java 17	2026-09-07T21:32:49.6384742Z   SUPABASE_INTERNAL_IMAGE_REGISTRY: ghcr.io
physical-device-ui-proof	Set up Java 17	2026-09-07T21:32:49.6385041Z ##[endgroup]
physical-device-ui-proof	Set up Java 17	2026-09-07T21:32:49.7890714Z ##[group]Installed distributions
physical-device-ui-proof	Set up Java 17	2026-09-07T21:32:49.8330701Z Resolved Java 17.0.20+1 from tool-cache
physical-device-ui-proof	Set up Java 17	2026-09-07T21:32:49.8331755Z Setting Java 17.0.20+1 as the default
physical-device-ui-proof	Set up Java 17	2026-09-07T21:32:49.8337682Z Creating toolchains.xml for JDK version 17 from temurin
physical-device-ui-proof	Set up Java 17	2026-09-07T21:32:49.8415894Z Writing to /home/runner/.m2/toolchains.xml
physical-device-ui-proof	Set up Java 17	2026-09-07T21:32:49.8416344Z
physical-device-ui-proof	Set up Java 17	2026-09-07T21:32:49.8416621Z Java configuration:
physical-device-ui-proof	Set up Java 17	2026-09-07T21:32:49.8417149Z   Distribution: temurin
physical-device-ui-proof	Set up Java 17	2026-09-07T21:32:49.8417648Z   Version: 17.0.20+1
physical-device-ui-proof	Set up Java 17	2026-09-07T21:32:49.8418402Z   Path: /opt/hostedtoolcache/Java_Temurin-Hotspot_jdk/17.0.20-1/x64
physical-device-ui-proof	Set up Java 17	2026-09-07T21:32:49.8418966Z
physical-device-ui-proof	Set up Java 17	2026-09-07T21:32:49.8419465Z ##[endgroup]
physical-device-ui-proof	Set up Java 17	2026-09-07T21:32:49.8425447Z Creating settings.xml with server-id: github
physical-device-ui-proof	Set up Java 17	2026-09-07T21:32:49.8464448Z Writing to /home/runner/.m2/settings.xml
physical-device-ui-proof	Set up Java 17	2026-09-07T21:32:49.8467725Z Configured MAVEN_ARGS to include -ntp to suppress Maven transfer progress logs. Set 'show-download-progress: true' to keep the download progress output.
physical-device-ui-proof	Install locked dependencies	﻿2026-09-07T21:32:49.8585244Z ##[group]Run npm ci
physical-device-ui-proof	Install locked dependencies	2026-09-07T21:32:49.8585651Z ^[[36;1mnpm ci^[[0m
physical-device-ui-proof	Install locked dependencies	2026-09-07T21:32:49.8632583Z shell: /usr/bin/bash -e {0}
physical-device-ui-proof	Install locked dependencies	2026-09-07T21:32:49.8632867Z env:
physical-device-ui-proof	Install locked dependencies	2026-09-07T21:32:49.8633071Z   CI: 1
physical-device-ui-proof	Install locked dependencies	2026-09-07T21:32:49.8633288Z   SUPABASE_TELEMETRY_DISABLED: 1
physical-device-ui-proof	Install locked dependencies	2026-09-07T21:32:49.8633562Z   DO_NOT_TRACK: 1
physical-device-ui-proof	Install locked dependencies	2026-09-07T21:32:49.8633825Z   RU5_DEVICE_PACKAGE: rs.uskoci.n04proof
physical-device-ui-proof	Install locked dependencies	2026-09-07T21:32:49.8634197Z   RU5_DEVICE_ARTIFACT_DIR: artifacts/intent-shell-device
physical-device-ui-proof	Install locked dependencies	2026-09-07T21:32:49.8634570Z   RU5_ENTRY_PROOF: 1
physical-device-ui-proof	Install locked dependencies	2026-09-07T21:32:49.8634843Z   SUPABASE_INTERNAL_IMAGE_REGISTRY: ghcr.io
physical-device-ui-proof	Install locked dependencies	2026-09-07T21:32:49.8635273Z   JAVA_HOME: /opt/hostedtoolcache/Java_Temurin-Hotspot_jdk/17.0.20-1/x64
physical-device-ui-proof	Install locked dependencies	2026-09-07T21:32:49.8635788Z   JAVA_HOME_17_X64: /opt/hostedtoolcache/Java_Temurin-Hotspot_jdk/17.0.20-1/x64
physical-device-ui-proof	Install locked dependencies	2026-09-07T21:32:49.8636207Z   MAVEN_ARGS: -ntp
physical-device-ui-proof	Install locked dependencies	2026-09-07T21:32:49.8636428Z ##[endgroup]
physical-device-ui-proof	Install locked dependencies	2026-09-07T21:32:54.8380114Z npm warn deprecated inflight@1.0.6: This module is not supported, and leaks memory. Do not use it. Check out lru-cache if you want a good and tested way to coalesce async requests by a key value, which is much more comprehensive and powerful.
physical-device-ui-proof	Install locked dependencies	2026-09-07T21:32:55.0259139Z npm warn deprecated abab@2.0.6: Use your platform's native atob() and btoa() methods instead
physical-device-ui-proof	Install locked dependencies	2026-09-07T21:32:55.0579768Z npm warn deprecated glob@7.2.3: Old versions of glob are not supported, and contain widely publicized security vulnerabilities, which have been fixed in the current version. Please update. Support for old versions may be purchased (at exorbitant rates) by contacting i@izs.me
physical-device-ui-proof	Install locked dependencies	2026-09-07T21:32:55.0594222Z npm warn deprecated glob@7.2.3: Old versions of glob are not supported, and contain widely publicized security vulnerabilities, which have been fixed in the current version. Please update. Support for old versions may be purchased (at exorbitant rates) by contacting i@izs.me
physical-device-ui-proof	Install locked dependencies	2026-09-07T21:32:55.0617088Z npm warn deprecated glob@7.2.3: Old versions of glob are not supported, and contain widely publicized security vulnerabilities, which have been fixed in the current version. Please update. Support for old versions may be purchased (at exorbitant rates) by contacting i@izs.me
physical-device-ui-proof	Install locked dependencies	2026-09-07T21:32:55.0647117Z npm warn deprecated glob@7.2.3: Old versions of glob are not supported, and contain widely publicized security vulnerabilities, which have been fixed in the current version. Please update. Support for old versions may be purchased (at exorbitant rates) by contacting i@izs.me
physical-device-ui-proof	Install locked dependencies	2026-09-07T21:32:55.0661132Z npm warn deprecated whatwg-encoding@2.0.0: Use @exodus/bytes instead for a more spec-conformant and faster implementation
physical-device-ui-proof	Install locked dependencies	2026-09-07T21:32:55.2935946Z npm warn deprecated domexception@4.0.0: Use your platform's native DOMException instead
physical-device-ui-proof	Install locked dependencies	2026-09-07T21:33:09.6838185Z
physical-device-ui-proof	Install locked dependencies	2026-09-07T21:33:09.6838924Z > uskoci-app@1.0.0 postinstall
physical-device-ui-proof	Install locked dependencies	2026-09-07T21:33:09.6839882Z > node ./scripts/sync-entry-reference-assets.cjs
physical-device-ui-proof	Install locked dependencies	2026-09-07T21:33:09.6840353Z
physical-device-ui-proof	Install locked dependencies	2026-09-07T21:33:09.7462285Z [entry-reference] city 64388 bytes mime=image/webp sha256=ad4c57566f3a69b269f6371f2ed516146e583e820c2ce8051c3dcaf870193f01
physical-device-ui-proof	Install locked dependencies	2026-09-07T21:33:09.7465356Z [entry-reference] font 134916 bytes header=00010000 sha256=0b82ab5fdba8e0147e38e89237ea4a430f0d7017c313d9b8e56a309acde756c0
physical-device-ui-proof	Install locked dependencies	2026-09-07T21:33:09.7466577Z [entry-reference] animation data generated from canonical HTML
physical-device-ui-proof	Install locked dependencies	2026-09-07T21:33:09.8459196Z
physical-device-ui-proof	Install locked dependencies	2026-09-07T21:33:09.8460050Z added 855 packages, and audited 857 packages in 20s
physical-device-ui-proof	Install locked dependencies	2026-09-07T21:33:09.8460595Z
physical-device-ui-proof	Install locked dependencies	2026-09-07T21:33:09.8466812Z 82 packages are looking for funding
physical-device-ui-proof	Install locked dependencies	2026-09-07T21:33:09.8467739Z   run `npm fund` for details
physical-device-ui-proof	Install locked dependencies	2026-09-07T21:33:09.8475346Z
physical-device-ui-proof	Install locked dependencies	2026-09-07T21:33:09.8475780Z found 0 vulnerabilities
physical-device-ui-proof	TypeScript contract check	﻿2026-09-07T21:33:09.9652233Z ##[group]Run npx tsc --noEmit
physical-device-ui-proof	TypeScript contract check	2026-09-07T21:33:09.9652615Z ^[[36;1mnpx tsc --noEmit^[[0m
physical-device-ui-proof	TypeScript contract check	2026-09-07T21:33:09.9703786Z shell: /usr/bin/bash -e {0}
physical-device-ui-proof	TypeScript contract check	2026-09-07T21:33:09.9704252Z env:
physical-device-ui-proof	TypeScript contract check	2026-09-07T21:33:09.9704457Z   CI: 1
physical-device-ui-proof	TypeScript contract check	2026-09-07T21:33:09.9704676Z   SUPABASE_TELEMETRY_DISABLED: 1
physical-device-ui-proof	TypeScript contract check	2026-09-07T21:33:09.9704949Z   DO_NOT_TRACK: 1
physical-device-ui-proof	TypeScript contract check	2026-09-07T21:33:09.9705199Z   RU5_DEVICE_PACKAGE: rs.uskoci.n04proof
physical-device-ui-proof	TypeScript contract check	2026-09-07T21:33:09.9705555Z   RU5_DEVICE_ARTIFACT_DIR: artifacts/intent-shell-device
physical-device-ui-proof	TypeScript contract check	2026-09-07T21:33:09.9705891Z   RU5_ENTRY_PROOF: 1
physical-device-ui-proof	TypeScript contract check	2026-09-07T21:33:09.9706152Z   SUPABASE_INTERNAL_IMAGE_REGISTRY: ghcr.io
physical-device-ui-proof	TypeScript contract check	2026-09-07T21:33:09.9706574Z   JAVA_HOME: /opt/hostedtoolcache/Java_Temurin-Hotspot_jdk/17.0.20-1/x64
physical-device-ui-proof	TypeScript contract check	2026-09-07T21:33:09.9707098Z   JAVA_HOME_17_X64: /opt/hostedtoolcache/Java_Temurin-Hotspot_jdk/17.0.20-1/x64
physical-device-ui-proof	TypeScript contract check	2026-09-07T21:33:09.9707528Z   MAVEN_ARGS: -ntp
physical-device-ui-proof	TypeScript contract check	2026-09-07T21:33:09.9707761Z ##[endgroup]
physical-device-ui-proof	Regression tests	﻿2026-09-07T21:33:15.7131909Z ##[group]Run npm test -- --runInBand
physical-device-ui-proof	Regression tests	2026-09-07T21:33:15.7132310Z ^[[36;1mnpm test -- --runInBand^[[0m
physical-device-ui-proof	Regression tests	2026-09-07T21:33:15.7168550Z shell: /usr/bin/bash -e {0}
physical-device-ui-proof	Regression tests	2026-09-07T21:33:15.7168837Z env:
physical-device-ui-proof	Regression tests	2026-09-07T21:33:15.7169035Z   CI: 1
physical-device-ui-proof	Regression tests	2026-09-07T21:33:15.7169267Z   SUPABASE_TELEMETRY_DISABLED: 1
physical-device-ui-proof	Regression tests	2026-09-07T21:33:15.7169547Z   DO_NOT_TRACK: 1
physical-device-ui-proof	Regression tests	2026-09-07T21:33:15.7169792Z   RU5_DEVICE_PACKAGE: rs.uskoci.n04proof
physical-device-ui-proof	Regression tests	2026-09-07T21:33:15.7170148Z   RU5_DEVICE_ARTIFACT_DIR: artifacts/intent-shell-device
physical-device-ui-proof	Regression tests	2026-09-07T21:33:15.7170485Z   RU5_ENTRY_PROOF: 1
physical-device-ui-proof	Regression tests	2026-09-07T21:33:15.7170742Z   SUPABASE_INTERNAL_IMAGE_REGISTRY: ghcr.io
physical-device-ui-proof	Regression tests	2026-09-07T21:33:15.7171168Z   JAVA_HOME: /opt/hostedtoolcache/Java_Temurin-Hotspot_jdk/17.0.20-1/x64
physical-device-ui-proof	Regression tests	2026-09-07T21:33:15.7172044Z   JAVA_HOME_17_X64: /opt/hostedtoolcache/Java_Temurin-Hotspot_jdk/17.0.20-1/x64
physical-device-ui-proof	Regression tests	2026-09-07T21:33:15.7172460Z   MAVEN_ARGS: -ntp
physical-device-ui-proof	Regression tests	2026-09-07T21:33:15.7172692Z ##[endgroup]
physical-device-ui-proof	Regression tests	2026-09-07T21:33:15.8234505Z
physical-device-ui-proof	Regression tests	2026-09-07T21:33:15.8235159Z > uskoci-app@1.0.0 test
physical-device-ui-proof	Regression tests	2026-09-07T21:33:15.8235866Z > jest --runInBand
physical-device-ui-proof	Regression tests	2026-09-07T21:33:15.8236158Z
physical-device-ui-proof	Regression tests	2026-09-07T21:33:18.7733501Z PASS src/data/__tests__/agreement-outbox.test.ts
physical-device-ui-proof	Regression tests	2026-09-07T21:33:19.1651071Z PASS src/data/__tests__/task-detail-screen.test.tsx
physical-device-ui-proof	Regression tests	2026-09-07T21:33:19.9784448Z PASS src/data/__tests__/auth-entry-surface.test.tsx
physical-device-ui-proof	Regression tests	2026-09-07T21:33:20.1807700Z PASS src/store/__tests__/session-epoch.test.ts
physical-device-ui-proof	Regression tests	2026-09-07T21:33:20.4492433Z PASS src/data/__tests__/agreement-screen-recovery.test.tsx
physical-device-ui-proof	Regression tests	2026-09-07T21:33:20.5750771Z PASS src/data/__tests__/auth-entry-hooks.test.tsx
physical-device-ui-proof	Regression tests	2026-09-07T21:33:27.0783675Z PASS src/store/__tests__/session-layout.test.tsx (6.486 s)
physical-device-ui-proof	Regression tests	2026-09-07T21:33:27.1972374Z PASS src/data/__tests__/cdl-a09-worker-profile-equivalence.test.ts
physical-device-ui-proof	Regression tests	2026-09-07T21:33:27.3847077Z PASS src/data/__tests__/profile-hub.test.tsx
physical-device-ui-proof	Regression tests	2026-09-07T21:33:27.5664730Z PASS src/data/__tests__/agreement-chat-ui.test.tsx
physical-device-ui-proof	Regression tests	2026-09-07T21:33:27.6834051Z PASS src/store/__tests__/return-target-ownership.test.ts
physical-device-ui-proof	Regression tests	2026-09-07T21:33:27.7872526Z PASS src/data/__tests__/cdl-a03-need-read-equivalence.test.ts
physical-device-ui-proof	Regression tests	2026-09-07T21:33:27.9114876Z PASS src/data/__tests__/cdl-a02-agreement-mutation-equivalence.test.ts
physical-device-ui-proof	Regression tests	2026-09-07T21:33:28.0753056Z PASS scripts/__tests__/eas-preview-guard.test.ts
physical-device-ui-proof	Regression tests	2026-09-07T21:33:30.9711038Z PASS src/data/__tests__/m02-atomski-izbor.test.ts
physical-device-ui-proof	Regression tests	2026-09-07T21:33:31.0664774Z PASS src/data/__tests__/cdl-a01-agreement-read-equivalence.test.ts
physical-device-ui-proof	Regression tests	2026-09-07T21:33:34.4771954Z PASS src/data/__tests__/r02-ai-nacrt.test.ts
physical-device-ui-proof	Regression tests	2026-09-07T21:33:34.5998405Z PASS src/data/__tests__/notification-preferences-client.test.ts
physical-device-ui-proof	Regression tests	2026-09-07T21:33:34.7255352Z PASS src/data/__tests__/inbox-model.test.ts
physical-device-ui-proof	Regression tests	2026-09-07T21:33:34.9034613Z PASS src/data/__tests__/application-composer-read.test.tsx
physical-device-ui-proof	Regression tests	2026-09-07T21:33:35.0224194Z PASS src/data/__tests__/auth-client.test.ts
physical-device-ui-proof	Regression tests	2026-09-07T21:33:35.1220793Z PASS src/data/__tests__/task-detail-read.test.ts
physical-device-ui-proof	Regression tests	2026-09-07T21:33:35.2158112Z PASS src/data/__tests__/ru5-p0c03-application-client.test.ts
physical-device-ui-proof	Regression tests	2026-09-07T21:33:35.2943099Z PASS src/data/__tests__/cdl-a10-ai-command-shadow-equivalence.test.ts
physical-device-ui-proof	Regression tests	2026-09-07T21:33:36.7684745Z PASS scripts/__tests__/firebase-config.test.ts
physical-device-ui-proof	Regression tests	2026-09-07T21:33:36.9062226Z PASS src/data/__tests__/entry-intro-hook.test.tsx
physical-device-ui-proof	Regression tests	2026-09-07T21:33:37.0364314Z PASS src/data/__tests__/entry-splash-ready-hook.test.tsx
physical-device-ui-proof	Regression tests	2026-09-07T21:33:37.1473163Z PASS src/data/__tests__/auth-availability-client.test.ts
physical-device-ui-proof	Regression tests	2026-09-07T21:33:37.2538432Z PASS src/data/__tests__/own-profile-client.test.ts
physical-device-ui-proof	Regression tests	2026-09-07T21:33:37.3304558Z PASS src/data/__tests__/ru5-p0c01-public-profile.test.ts
physical-device-ui-proof	Regression tests	2026-09-07T21:33:37.4146306Z PASS __tests__/notificationMessageEventContract.test.ts
physical-device-ui-proof	Regression tests	2026-09-07T21:33:37.5257130Z PASS src/data/__tests__/agreement-message-client.test.ts
physical-device-ui-proof	Regression tests	2026-09-07T21:33:37.6181144Z PASS src/data/__tests__/agreement-message-read.test.ts
physical-device-ui-proof	Regression tests	2026-09-07T21:33:37.7020143Z PASS src/data/__tests__/cdl-a12-ai-publish-shadow-equivalence.test.ts
physical-device-ui-proof	Regression tests	2026-09-07T21:33:37.8010386Z PASS __tests__/tabLayoutSafeAreaContract.test.ts
physical-device-ui-proof	Regression tests	2026-09-07T21:33:40.4349466Z PASS src/data/__tests__/m07-zavrsetak.test.ts
physical-device-ui-proof	Regression tests	2026-09-07T21:33:40.5202630Z PASS src/data/__tests__/cdl-a05-phone-grant-equivalence.test.ts
physical-device-ui-proof	Regression tests	2026-09-07T21:33:42.8979480Z PASS src/data/__tests__/m04-privatnost-kontakt.test.ts
physical-device-ui-proof	Regression tests	2026-09-07T21:33:43.1044335Z PASS __tests__/routerDecoderDependencyContract.test.ts
physical-device-ui-proof	Regression tests	2026-09-07T21:33:43.1730623Z PASS __tests__/notificationSelectionEventContract.test.ts
physical-device-ui-proof	Regression tests	2026-09-07T21:33:43.2578744Z PASS src/data/__tests__/cdl-a08-exact-location-equivalence.test.ts
physical-device-ui-proof	Regression tests	2026-09-07T21:33:43.3309271Z PASS src/data/__tests__/cdl-a07-completion-mark-equivalence.test.ts
physical-device-ui-proof	Regression tests	2026-09-07T21:33:43.4280158Z PASS src/data/__tests__/focused-resource-hook.test.tsx
physical-device-ui-proof	Regression tests	2026-09-07T21:33:43.5076340Z PASS src/data/__tests__/opportunities-read.test.ts
physical-device-ui-proof	Regression tests	2026-09-07T21:33:43.6012012Z PASS src/data/__tests__/ru2-ai-v2-ui.test.ts
physical-device-ui-proof	Regression tests	2026-09-07T21:33:43.6723928Z PASS src/data/__tests__/cdl-a06-problem-report-equivalence.test.ts
physical-device-ui-proof	Regression tests	2026-09-07T21:33:43.8982878Z PASS src/data/__tests__/entry-brand-scene-clock.test.tsx
physical-device-ui-proof	Regression tests	2026-09-07T21:33:43.9740656Z PASS src/data/__tests__/cdl-a11-ai-conversation-shadow-equivalence.test.ts
physical-device-ui-proof	Regression tests	2026-09-07T21:33:44.0586936Z PASS src/data/__tests__/cdl-a04-response-viewed-equivalence.test.ts
physical-device-ui-proof	Regression tests	2026-09-07T21:33:44.1421651Z PASS src/store/__tests__/auth-runtime.test.ts
physical-device-ui-proof	Regression tests	2026-09-07T21:33:44.2522823Z PASS src/data/__tests__/inbox-client.test.ts
physical-device-ui-proof	Regression tests	2026-09-07T21:33:44.3234914Z PASS src/data/__tests__/focused-resource.test.ts
physical-device-ui-proof	Regression tests	2026-09-07T21:33:44.4233055Z PASS src/data/__tests__/entry-intent-client.test.ts
physical-device-ui-proof	Regression tests	2026-09-07T21:33:44.4910280Z PASS __tests__/ru5DevicePostflightSqlContract.test.ts
physical-device-ui-proof	Regression tests	2026-09-07T21:33:44.5882206Z PASS src/data/__tests__/agreement-outbox-hook.test.tsx
physical-device-ui-proof	Regression tests	2026-09-07T21:33:44.6557994Z PASS __tests__/notificationForwardAdmissionContract.test.ts
physical-device-ui-proof	Regression tests	2026-09-07T21:33:44.7330226Z PASS __tests__/inboxBackendContract.test.ts
physical-device-ui-proof	Regression tests	2026-09-07T21:33:44.7975077Z PASS src/data/__tests__/ru5-p0d01-candidate-projection-contract.test.ts
physical-device-ui-proof	Regression tests	2026-09-07T21:33:44.8731010Z PASS __tests__/entrySafeAreaContract.test.ts
physical-device-ui-proof	Regression tests	2026-09-07T21:33:44.9376721Z PASS __tests__/notificationPushRegistryContract.test.ts
physical-device-ui-proof	Regression tests	2026-09-07T21:33:45.0052734Z PASS __tests__/notificationAgreementChangeContract.test.ts
physical-device-ui-proof	Regression tests	2026-09-07T21:33:45.2977393Z PASS src/lib/__tests__/selectionIdempotency.test.ts
physical-device-ui-proof	Regression tests	2026-09-07T21:33:45.4510661Z PASS __tests__/nativeBuildDependencyContract.test.ts
physical-device-ui-proof	Regression tests	2026-09-07T21:33:45.5248918Z PASS src/data/__tests__/aiNeedV2Ui.test.ts
physical-device-ui-proof	Regression tests	2026-09-07T21:33:45.5262211Z
physical-device-ui-proof	Regression tests	2026-09-07T21:33:45.5270753Z Test Suites: 64 passed, 64 total
physical-device-ui-proof	Regression tests	2026-09-07T21:33:45.5271655Z Tests:       600 passed, 600 total
physical-device-ui-proof	Regression tests	2026-09-07T21:33:45.5272229Z Snapshots:   0 total
physical-device-ui-proof	Regression tests	2026-09-07T21:33:45.5272706Z Time:        29.008 s
physical-device-ui-proof	Regression tests	2026-09-07T21:33:45.5273176Z Ran all test suites.
physical-device-ui-proof	Physical input harness regression tests	﻿2026-09-07T21:33:45.7106014Z ##[group]Run python3 -m unittest scripts/test_ru5_android_input.py scripts/test_intent_shell_android.py -v
physical-device-ui-proof	Physical input harness regression tests	2026-09-07T21:33:45.7106883Z ^[[36;1mpython3 -m unittest scripts/test_ru5_android_input.py scripts/test_intent_shell_android.py -v^[[0m
physical-device-ui-proof	Physical input harness regression tests	2026-09-07T21:33:45.7144127Z shell: /usr/bin/bash -e {0}
physical-device-ui-proof	Physical input harness regression tests	2026-09-07T21:33:45.7144415Z env:
physical-device-ui-proof	Physical input harness regression tests	2026-09-07T21:33:45.7144613Z   CI: 1
physical-device-ui-proof	Physical input harness regression tests	2026-09-07T21:33:45.7144826Z   SUPABASE_TELEMETRY_DISABLED: 1
physical-device-ui-proof	Physical input harness regression tests	2026-09-07T21:33:45.7145101Z   DO_NOT_TRACK: 1
physical-device-ui-proof	Physical input harness regression tests	2026-09-07T21:33:45.7145341Z   RU5_DEVICE_PACKAGE: rs.uskoci.n04proof
physical-device-ui-proof	Physical input harness regression tests	2026-09-07T21:33:45.7145874Z   RU5_DEVICE_ARTIFACT_DIR: artifacts/intent-shell-device
physical-device-ui-proof	Physical input harness regression tests	2026-09-07T21:33:45.7146205Z   RU5_ENTRY_PROOF: 1
physical-device-ui-proof	Physical input harness regression tests	2026-09-07T21:33:45.7146464Z   SUPABASE_INTERNAL_IMAGE_REGISTRY: ghcr.io
physical-device-ui-proof	Physical input harness regression tests	2026-09-07T21:33:45.7146884Z   JAVA_HOME: /opt/hostedtoolcache/Java_Temurin-Hotspot_jdk/17.0.20-1/x64
physical-device-ui-proof	Physical input harness regression tests	2026-09-07T21:33:45.7147404Z   JAVA_HOME_17_X64: /opt/hostedtoolcache/Java_Temurin-Hotspot_jdk/17.0.20-1/x64
physical-device-ui-proof	Physical input harness regression tests	2026-09-07T21:33:45.7147816Z   MAVEN_ARGS: -ntp
physical-device-ui-proof	Physical input harness regression tests	2026-09-07T21:33:45.7148074Z ##[endgroup]
physical-device-ui-proof	Physical input harness regression tests	2026-09-07T21:33:45.8302724Z test_command_failure_does_not_log_secret_arguments (scripts.test_ru5_android_input.AndroidInputHarnessTests.test_command_failure_does_not_log_secret_arguments) ... ok
physical-device-ui-proof	Physical input harness regression tests	2026-09-07T21:33:45.8334652Z test_dropped_text_is_detected_and_retried (scripts.test_ru5_android_input.AndroidInputHarnessTests.test_dropped_text_is_detected_and_retried) ... ok
physical-device-ui-proof	Physical input harness regression tests	2026-09-07T21:33:45.8366318Z test_failed_password_readback_logs_no_value_or_length (scripts.test_ru5_android_input.AndroidInputHarnessTests.test_failed_password_readback_logs_no_value_or_length) ... ok
physical-device-ui-proof	Physical input harness regression tests	2026-09-07T21:33:45.8398033Z test_keyboard_pacing_has_a_deadline_and_cannot_claim_partial_success (scripts.test_ru5_android_input.AndroidInputHarnessTests.test_keyboard_pacing_has_a_deadline_and_cannot_claim_partial_success) ... ok
physical-device-ui-proof	Physical input harness regression tests	2026-09-07T21:33:45.8429987Z test_long_email_with_dropped_character_retries_the_whole_value (scripts.test_ru5_android_input.AndroidInputHarnessTests.test_long_email_with_dropped_character_retries_the_whole_value) ... ok
physical-device-ui-proof	Physical input harness regression tests	2026-09-07T21:33:45.8461065Z test_long_fixture_email_is_sent_as_separate_paced_key_events (scripts.test_ru5_android_input.AndroidInputHarnessTests.test_long_fixture_email_is_sent_as_separate_paced_key_events) ... ok
physical-device-ui-proof	Physical input harness regression tests	2026-09-07T21:33:45.8492883Z test_lost_taps_do_not_type_until_focus_is_confirmed (scripts.test_ru5_android_input.AndroidInputHarnessTests.test_lost_taps_do_not_type_until_focus_is_confirmed) ... ok
physical-device-ui-proof	Physical input harness regression tests	2026-09-07T21:33:45.8523720Z test_native_fields_use_screen_order_not_xml_order (scripts.test_ru5_android_input.AndroidInputHarnessTests.test_native_fields_use_screen_order_not_xml_order) ... ok
physical-device-ui-proof	Physical input harness regression tests	2026-09-07T21:33:45.8552822Z test_partial_masked_password_is_not_accepted (scripts.test_ru5_android_input.AndroidInputHarnessTests.test_partial_masked_password_is_not_accepted) ... ok
physical-device-ui-proof	Physical input harness regression tests	2026-09-07T21:33:45.8583593Z test_password_stays_masked_and_is_not_printed (scripts.test_ru5_android_input.AndroidInputHarnessTests.test_password_stays_masked_and_is_not_printed) ... ok
physical-device-ui-proof	Physical input harness regression tests	2026-09-07T21:33:45.8615514Z test_persistent_focus_failure_stops_without_typing (scripts.test_ru5_android_input.AndroidInputHarnessTests.test_persistent_focus_failure_stops_without_typing) ... ok
physical-device-ui-proof	Physical input harness regression tests	2026-09-07T21:33:45.8646441Z test_persistent_readback_failure_cannot_claim_success (scripts.test_ru5_android_input.AndroidInputHarnessTests.test_persistent_readback_failure_cannot_claim_success) ... ok
physical-device-ui-proof	Physical input harness regression tests	2026-09-07T21:33:45.8675234Z test_plaintext_requires_exact_readback (scripts.test_ru5_android_input.AndroidInputHarnessTests.test_plaintext_requires_exact_readback) ... ok
physical-device-ui-proof	Physical input harness regression tests	2026-09-07T21:33:45.8677933Z test_proof_supabase_action_uses_the_proven_immutable_revision (scripts.test_ru5_android_input.AndroidInputHarnessTests.test_proof_supabase_action_uses_the_proven_immutable_revision) ... ok
physical-device-ui-proof	Physical input harness regression tests	2026-09-07T21:33:45.8708692Z test_retry_replaces_existing_text_instead_of_appending (scripts.test_ru5_android_input.AndroidInputHarnessTests.test_retry_replaces_existing_text_instead_of_appending) ... ok
physical-device-ui-proof	Physical input harness regression tests	2026-09-07T21:33:45.8944711Z test_success_and_retry_diagnostics_are_independent_of_input_contents (scripts.test_ru5_android_input.AndroidInputHarnessTests.test_success_and_retry_diagnostics_are_independent_of_input_contents) ... ok
physical-device-ui-proof	Physical input harness regression tests	2026-09-07T21:33:45.8974790Z test_unsupported_shell_transport_input_is_rejected_without_commands (scripts.test_ru5_android_input.AndroidInputHarnessTests.test_unsupported_shell_transport_input_is_rejected_without_commands) ... ok
physical-device-ui-proof	Physical input harness regression tests	2026-09-07T21:33:45.8977949Z test_disabled_card_and_offscreen_card_are_not_accepted (scripts.test_intent_shell_android.AgreementMetadataVisibility.test_disabled_card_and_offscreen_card_are_not_accepted) ... ok
physical-device-ui-proof	Physical input harness regression tests	2026-09-07T21:33:45.8981230Z test_metadata_overflowing_card_or_screen_bounds_fails (scripts.test_intent_shell_android.AgreementMetadataVisibility.test_metadata_overflowing_card_or_screen_bounds_fails) ... ok
physical-device-ui-proof	Physical input harness regression tests	2026-09-07T21:33:45.8984591Z test_observed_worker_overflow_without_schedule_or_amount_fails (scripts.test_intent_shell_android.AgreementMetadataVisibility.test_observed_worker_overflow_without_schedule_or_amount_fails) ... ok
physical-device-ui-proof	Physical input harness regression tests	2026-09-07T21:33:45.8987915Z test_real_native_button_hierarchy_preserves_full_schedule_and_amount (scripts.test_intent_shell_android.AgreementMetadataVisibility.test_real_native_button_hierarchy_preserves_full_schedule_and_amount) ... ok
physical-device-ui-proof	Physical input harness regression tests	2026-09-07T21:33:45.8991248Z test_text_from_another_card_cannot_substitute_for_missing_amount (scripts.test_intent_shell_android.AgreementMetadataVisibility.test_text_from_another_card_cannot_substitute_for_missing_amount) ... ok
physical-device-ui-proof	Physical input harness regression tests	2026-09-07T21:33:45.8994843Z test_truncated_amount_text_cannot_substitute_for_full_currency_amount (scripts.test_intent_shell_android.AgreementMetadataVisibility.test_truncated_amount_text_cannot_substitute_for_full_currency_amount) ... ok
physical-device-ui-proof	Physical input harness regression tests	2026-09-07T21:33:45.8997530Z test_disabled_expected_zone_fails (scripts.test_intent_shell_android.IntentShellSelectors.test_disabled_expected_zone_fails) ... ok
physical-device-ui-proof	Physical input harness regression tests	2026-09-07T21:33:45.9000058Z test_disabled_historical_profile_is_still_not_allowed (scripts.test_intent_shell_android.IntentShellSelectors.test_disabled_historical_profile_is_still_not_allowed) ... ok
physical-device-ui-proof	Physical input harness regression tests	2026-09-07T21:33:45.9002717Z test_five_tab_predecessor_fails (scripts.test_intent_shell_android.IntentShellSelectors.test_five_tab_predecessor_fails) ... ok
physical-device-ui-proof	Physical input harness regression tests	2026-09-07T21:33:45.9004798Z test_fourth_unknown_tab_fails (scripts.test_intent_shell_android.IntentShellSelectors.test_fourth_unknown_tab_fails) ... ok
physical-device-ui-proof	Physical input harness regression tests	2026-09-07T21:33:45.9007336Z test_header_cannot_substitute_for_missing_bottom_task_zone (scripts.test_intent_shell_android.IntentShellSelectors.test_header_cannot_substitute_for_missing_bottom_task_zone) ... ok
physical-device-ui-proof	Physical input harness regression tests	2026-09-07T21:33:45.9010630Z test_requester_three_zones_accept_alias_without_counting_header_or_child_twice (scripts.test_intent_shell_android.IntentShellSelectors.test_requester_three_zones_accept_alias_without_counting_header_or_child_twice) ... ok
physical-device-ui-proof	Physical input harness regression tests	2026-09-07T21:33:45.9014425Z test_signed_out_assertion_uses_auth_confirmed_tree_without_second_raw_snapshot (scripts.test_intent_shell_android.IntentShellSelectors.test_signed_out_assertion_uses_auth_confirmed_tree_without_second_raw_snapshot) ... ok
physical-device-ui-proof	Physical input harness regression tests	2026-09-07T21:33:45.9017812Z test_signed_out_auth_accepts_real_auth_controls_without_private_tabs (scripts.test_intent_shell_android.IntentShellSelectors.test_signed_out_auth_accepts_real_auth_controls_without_private_tabs) ... ok
physical-device-ui-proof	Physical input harness regression tests	2026-09-07T21:33:45.9021106Z test_signed_out_auth_rejects_private_tabs_even_with_auth_control_present (scripts.test_intent_shell_android.IntentShellSelectors.test_signed_out_auth_rejects_private_tabs_even_with_auth_control_present) ... ok
physical-device-ui-proof	Physical input harness regression tests	2026-09-07T21:33:45.9024898Z test_signed_out_direct_form_accepts_exact_email_password_fields_in_confirmed_snapshot (scripts.test_intent_shell_android.IntentShellSelectors.test_signed_out_direct_form_accepts_exact_email_password_fields_in_confirmed_snapshot) ... ok
physical-device-ui-proof	Physical input harness regression tests	2026-09-07T21:33:45.9026907Z CHECKPOINT SIGNED_OUT_AUTH_NO_PRIVATE_TABS
physical-device-ui-proof	Physical input harness regression tests	2026-09-07T21:33:45.9027621Z CHECKPOINT SIGNED_OUT_AUTH_NO_PRIVATE_TABS
physical-device-ui-proof	Physical input harness regression tests	2026-09-07T21:33:45.9029917Z test_signed_out_direct_form_rejects_labelled_text_that_is_not_an_editable_field (scripts.test_intent_shell_android.IntentShellSelectors.test_signed_out_direct_form_rejects_labelled_text_that_is_not_an_editable_field) ... ok
physical-device-ui-proof	Physical input harness regression tests	2026-09-07T21:33:45.9034044Z test_signed_out_direct_form_rejects_missing_extra_duplicate_or_mislabelled_fields (scripts.test_intent_shell_android.IntentShellSelectors.test_signed_out_direct_form_rejects_missing_extra_duplicate_or_mislabelled_fields) ... ok
physical-device-ui-proof	Physical input harness regression tests	2026-09-07T21:33:45.9037433Z test_signed_out_direct_form_rejects_private_tabs_despite_both_real_fields (scripts.test_intent_shell_android.IntentShellSelectors.test_signed_out_direct_form_rejects_private_tabs_despite_both_real_fields) ... ok
physical-device-ui-proof	Physical input harness regression tests	2026-09-07T21:33:45.9039942Z test_worker_three_zones_accept (scripts.test_intent_shell_android.IntentShellSelectors.test_worker_three_zones_accept) ... ok
physical-device-ui-proof	Physical input harness regression tests	2026-09-07T21:33:45.9041788Z test_wrong_order_fails (scripts.test_intent_shell_android.IntentShellSelectors.test_wrong_order_fails) ... ok
physical-device-ui-proof	Physical input harness regression tests	2026-09-07T21:33:45.9042534Z
physical-device-ui-proof	Physical input harness regression tests	2026-09-07T21:33:45.9044338Z ----------------------------------------------------------------------
physical-device-ui-proof	Physical input harness regression tests	2026-09-07T21:33:45.9045048Z Ran 38 tests in 0.077s
physical-device-ui-proof	Physical input harness regression tests	2026-09-07T21:33:45.9045249Z
physical-device-ui-proof	Physical input harness regression tests	2026-09-07T21:33:45.9045362Z OK
physical-device-ui-proof	Fixture local-target guard tests	﻿2026-09-07T21:33:45.9236324Z ##[group]Run node --test supabase/proofs/ru5_device_ui_local_guard.test.mjs
physical-device-ui-proof	Fixture local-target guard tests	2026-09-07T21:33:45.9237299Z ^[[36;1mnode --test supabase/proofs/ru5_device_ui_local_guard.test.mjs^[[0m
physical-device-ui-proof	Fixture local-target guard tests	2026-09-07T21:33:45.9290231Z shell: /usr/bin/bash -e {0}
physical-device-ui-proof	Fixture local-target guard tests	2026-09-07T21:33:45.9290678Z env:
physical-device-ui-proof	Fixture local-target guard tests	2026-09-07T21:33:45.9291011Z   CI: 1
physical-device-ui-proof	Fixture local-target guard tests	2026-09-07T21:33:45.9291634Z   SUPABASE_TELEMETRY_DISABLED: 1
physical-device-ui-proof	Fixture local-target guard tests	2026-09-07T21:33:45.9292126Z   DO_NOT_TRACK: 1
physical-device-ui-proof	Fixture local-target guard tests	2026-09-07T21:33:45.9292626Z   RU5_DEVICE_PACKAGE: rs.uskoci.n04proof
physical-device-ui-proof	Fixture local-target guard tests	2026-09-07T21:33:45.9293278Z   RU5_DEVICE_ARTIFACT_DIR: artifacts/intent-shell-device
physical-device-ui-proof	Fixture local-target guard tests	2026-09-07T21:33:45.9293925Z   RU5_ENTRY_PROOF: 1
physical-device-ui-proof	Fixture local-target guard tests	2026-09-07T21:33:45.9294366Z   SUPABASE_INTERNAL_IMAGE_REGISTRY: ghcr.io
physical-device-ui-proof	Fixture local-target guard tests	2026-09-07T21:33:45.9295091Z   JAVA_HOME: /opt/hostedtoolcache/Java_Temurin-Hotspot_jdk/17.0.20-1/x64
physical-device-ui-proof	Fixture local-target guard tests	2026-09-07T21:33:45.9296031Z   JAVA_HOME_17_X64: /opt/hostedtoolcache/Java_Temurin-Hotspot_jdk/17.0.20-1/x64
physical-device-ui-proof	Fixture local-target guard tests	2026-09-07T21:33:45.9296770Z   MAVEN_ARGS: -ntp
physical-device-ui-proof	Fixture local-target guard tests	2026-09-07T21:33:45.9297150Z ##[endgroup]
physical-device-ui-proof	Fixture local-target guard tests	2026-09-07T21:33:46.0323606Z ✔ accepts only the existing disposable proof API/database contract (1.338717ms)
physical-device-ui-proof	Fixture local-target guard tests	2026-09-07T21:33:46.0325566Z ✔ rejects unsafe API case https://leqcwgzvjsxugfgzdmth.supabase.co (0.813469ms)
physical-device-ui-proof	Fixture local-target guard tests	2026-09-07T21:33:46.0327129Z ✔ rejects unsafe API case http://127.0.0.1.attacker.invalid:54321 (0.236685ms)
physical-device-ui-proof	Fixture local-target guard tests	2026-09-07T21:33:46.0329195Z ✔ rejects unsafe API case ***attacker.invalid (0.215195ms)
physical-device-ui-proof	Fixture local-target guard tests	2026-09-07T21:33:46.0333320Z ✔ rejects unsafe API case http://redacted@127.0.0.1:54321 (0.190808ms)
physical-device-ui-proof	Fixture local-target guard tests	2026-09-07T21:33:46.0335060Z ✔ rejects unsafe API case https://127.0.0.1:54321 (0.225985ms)
physical-device-ui-proof	Fixture local-target guard tests	2026-09-07T21:33:46.0336605Z ✔ rejects unsafe API case http://127.0.0.1:54322 (0.187923ms)
physical-device-ui-proof	Fixture local-target guard tests	2026-09-07T21:33:46.0338676Z ✔ rejects unsafe API case http://127.0.0.1:54321/rest/v1 (0.208703ms)
physical-device-ui-proof	Fixture local-target guard tests	2026-09-07T21:33:46.0343908Z ✔ rejects unsafe API case http://127.0.0.1:54321?target=remote (0.229452ms)
physical-device-ui-proof	Fixture local-target guard tests	2026-09-07T21:33:46.0345597Z ✔ rejects unsafe API case http://127.0.0.1:54321#remote (0.338006ms)
physical-device-ui-proof	Fixture local-target guard tests	2026-09-07T21:33:46.0346957Z ✔ rejects unsafe API case undefined (0.203243ms)
physical-device-ui-proof	Fixture local-target guard tests	2026-09-07T21:33:46.0348376Z ✔ rejects unsafe DB target without exposing credentials (0.354075ms)
physical-device-ui-proof	Fixture local-target guard tests	2026-09-07T21:33:46.0349946Z ✔ rejects unsafe DB target without exposing credentials (0.237366ms)
physical-device-ui-proof	Fixture local-target guard tests	2026-09-07T21:33:46.0352458Z ✔ rejects unsafe DB target without exposing credentials (0.158898ms)
physical-device-ui-proof	Fixture local-target guard tests	2026-09-07T21:33:46.0355844Z ✔ rejects unsafe DB target without exposing credentials (0.173887ms)
physical-device-ui-proof	Fixture local-target guard tests	2026-09-07T21:33:46.0358069Z ✔ rejects unsafe DB target without exposing credentials (1.06388ms)
physical-device-ui-proof	Fixture local-target guard tests	2026-09-07T21:33:46.0360286Z ✔ rejects unsafe DB target without exposing credentials (0.144202ms)
physical-device-ui-proof	Fixture local-target guard tests	2026-09-07T21:33:46.0374508Z ✔ rejects unsafe DB target without exposing credentials (0.167635ms)
physical-device-ui-proof	Fixture local-target guard tests	2026-09-07T21:33:46.0376328Z ✔ fixture validates both targets before client creation or fixture mutation (0.313389ms)
physical-device-ui-proof	Fixture local-target guard tests	2026-09-07T21:33:46.0469047Z ℹ tests 19
physical-device-ui-proof	Fixture local-target guard tests	2026-09-07T21:33:46.0469530Z ℹ suites 0
physical-device-ui-proof	Fixture local-target guard tests	2026-09-07T21:33:46.0470585Z ℹ pass 19
physical-device-ui-proof	Fixture local-target guard tests	2026-09-07T21:33:46.0470886Z ℹ fail 0
physical-device-ui-proof	Fixture local-target guard tests	2026-09-07T21:33:46.0471523Z ℹ cancelled 0
physical-device-ui-proof	Fixture local-target guard tests	2026-09-07T21:33:46.0471998Z ℹ skipped 0
physical-device-ui-proof	Fixture local-target guard tests	2026-09-07T21:33:46.0472435Z ℹ todo 0
physical-device-ui-proof	Fixture local-target guard tests	2026-09-07T21:33:46.0472893Z ℹ duration_ms 77.742656
physical-device-ui-proof	Reconstruct disposable live-79 Supabase	﻿2026-09-07T21:33:46.0554883Z ##[group]Run bash supabase/proofs/ru5_device_ui_live79_env.sh
physical-device-ui-proof	Reconstruct disposable live-79 Supabase	2026-09-07T21:33:46.0555386Z ^[[36;1mbash supabase/proofs/ru5_device_ui_live79_env.sh^[[0m
physical-device-ui-proof	Reconstruct disposable live-79 Supabase	2026-09-07T21:33:46.0591903Z shell: /usr/bin/bash -e {0}
physical-device-ui-proof	Reconstruct disposable live-79 Supabase	2026-09-07T21:33:46.0592184Z env:
physical-device-ui-proof	Reconstruct disposable live-79 Supabase	2026-09-07T21:33:46.0592387Z   CI: 1
physical-device-ui-proof	Reconstruct disposable live-79 Supabase	2026-09-07T21:33:46.0592607Z   SUPABASE_TELEMETRY_DISABLED: 1
physical-device-ui-proof	Reconstruct disposable live-79 Supabase	2026-09-07T21:33:46.0592883Z   DO_NOT_TRACK: 1
physical-device-ui-proof	Reconstruct disposable live-79 Supabase	2026-09-07T21:33:46.0593127Z   RU5_DEVICE_PACKAGE: rs.uskoci.n04proof
physical-device-ui-proof	Reconstruct disposable live-79 Supabase	2026-09-07T21:33:46.0593488Z   RU5_DEVICE_ARTIFACT_DIR: artifacts/intent-shell-device
physical-device-ui-proof	Reconstruct disposable live-79 Supabase	2026-09-07T21:33:46.0593822Z   RU5_ENTRY_PROOF: 1
physical-device-ui-proof	Reconstruct disposable live-79 Supabase	2026-09-07T21:33:46.0594073Z   SUPABASE_INTERNAL_IMAGE_REGISTRY: ghcr.io
physical-device-ui-proof	Reconstruct disposable live-79 Supabase	2026-09-07T21:33:46.0594483Z   JAVA_HOME: /opt/hostedtoolcache/Java_Temurin-Hotspot_jdk/17.0.20-1/x64
physical-device-ui-proof	Reconstruct disposable live-79 Supabase	2026-09-07T21:33:46.0595004Z   JAVA_HOME_17_X64: /opt/hostedtoolcache/Java_Temurin-Hotspot_jdk/17.0.20-1/x64
physical-device-ui-proof	Reconstruct disposable live-79 Supabase	2026-09-07T21:33:46.0595404Z   MAVEN_ARGS: -ntp
physical-device-ui-proof	Reconstruct disposable live-79 Supabase	2026-09-07T21:33:46.0595624Z ##[endgroup]
physical-device-ui-proof	Reconstruct disposable live-79 Supabase	2026-09-07T21:33:46.5066628Z Finished supabase init.
physical-device-ui-proof	Reconstruct disposable live-79 Supabase	2026-09-07T21:33:46.5761897Z A new version of Supabase CLI is available: v2.117.0 (currently installed v2.116.0)
physical-device-ui-proof	Reconstruct disposable live-79 Supabase	2026-09-07T21:33:46.5763564Z We recommend updating regularly for new features and bug fixes: https://supabase.com/docs/guides/cli/getting-started#updating-the-supabase-cli
physical-device-ui-proof	Reconstruct disposable live-79 Supabase	2026-09-07T21:33:48.1103738Z 17.6.1.165: Pulling from supabase/postgres
physical-device-ui-proof	Reconstruct disposable live-79 Supabase	2026-09-07T21:33:48.1104535Z v2.196.0: Pulling from supabase/gotrue
physical-device-ui-proof	Reconstruct disposable live-79 Supabase	2026-09-07T21:33:48.1106081Z 1.50.4: Pulling from supabase/logflare
physical-device-ui-proof	Reconstruct disposable live-79 Supabase	2026-09-07T21:33:48.1107239Z v1.70.3: Pulling from supabase/storage-api
physical-device-ui-proof	Reconstruct disposable live-79 Supabase	2026-09-07T21:33:48.1168562Z 2.8.1: Pulling from supabase/kong
physical-device-ui-proof	Reconstruct disposable live-79 Supabase	2026-09-07T21:33:48.1212711Z v2.129.3: Pulling from supabase/realtime
physical-device-ui-proof	Reconstruct disposable live-79 Supabase	2026-09-07T21:33:48.1221234Z v1.30.2: Pulling from supabase/mailpit
physical-device-ui-proof	Reconstruct disposable live-79 Supabase	2026-09-07T21:33:48.1365591Z v16.1: Pulling from supabase/postgrest
physical-device-ui-proof	Reconstruct disposable live-79 Supabase	2026-09-07T21:33:48.1410988Z v1.74.3: Pulling from supabase/edge-runtime
physical-device-ui-proof	Reconstruct disposable live-79 Supabase	2026-09-07T21:33:48.1425460Z v0.98.0: Pulling from supabase/postgres-meta
physical-device-ui-proof	Reconstruct disposable live-79 Supabase	2026-09-07T21:33:48.1637514Z 2026.08.17-sha-0c1da8f: Pulling from supabase/studio
physical-device-ui-proof	Reconstruct disposable live-79 Supabase	2026-09-07T21:33:48.2225037Z 0.53.0-alpine: Pulling from supabase/vector
physical-device-ui-proof	Reconstruct disposable live-79 Supabase	2026-09-07T21:33:48.2667257Z 55afa1ecc21d: Already exists
physical-device-ui-proof	Reconstruct disposable live-79 Supabase	2026-09-07T21:33:48.2668752Z e6f31ffc071e: Pulling fs layer
physical-device-ui-proof	Reconstruct disposable live-79 Supabase	2026-09-07T21:33:48.2672650Z 4816f2085dc3: Pulling fs layer
physical-device-ui-proof	Reconstruct disposable live-79 Supabase	2026-09-07T21:33:48.2674095Z 5dc68b1acf51: Pulling fs layer
physical-device-ui-proof	Reconstruct disposable live-79 Supabase	2026-09-07T21:33:48.2675199Z 622a75c3aad4: Pulling fs layer
physical-device-ui-proof	Reconstruct disposable live-79 Supabase	2026-09-07T21:33:48.2676257Z e733eb89dc5d: Pulling fs layer
physical-device-ui-proof	Reconstruct disposable live-79 Supabase	2026-09-07T21:33:48.2677100Z b5c055a53a29: Pulling fs layer
physical-device-ui-proof	Reconstruct disposable live-79 Supabase	2026-09-07T21:33:48.2677736Z de155361b339: Pulling fs layer
physical-device-ui-proof	Reconstruct disposable live-79 Supabase	2026-09-07T21:33:48.2678336Z ba6e4ed5f64f: Pulling fs layer
physical-device-ui-proof	Reconstruct disposable live-79 Supabase	2026-09-07T21:33:48.2679128Z 753ec53a43d5: Pulling fs layer
physical-device-ui-proof	Reconstruct disposable live-79 Supabase	2026-09-07T21:33:48.2679739Z 23f574a925bf: Pulling fs layer
physical-device-ui-proof	Reconstruct disposable live-79 Supabase	2026-09-07T21:33:48.2680310Z 782b84fd67df: Pulling fs layer
physical-device-ui-proof	Reconstruct disposable live-79 Supabase	2026-09-07T21:33:48.2680882Z d59fb9edf862: Pulling fs layer
physical-device-ui-proof	Reconstruct disposable live-79 Supabase	2026-09-07T21:33:48.2681712Z 6aa1b655ba9f: Pulling fs layer
physical-device-ui-proof	Reconstruct disposable live-79 Supabase	2026-09-07T21:33:48.2682285Z a20c7d9fd396: Pulling fs layer
physical-device-ui-proof	Reconstruct disposable live-79 Supabase	2026-09-07T21:33:48.2682868Z 5b1cd4d117f8: Pulling fs layer
physical-device-ui-proof	Reconstruct disposable live-79 Supabase	2026-09-07T21:33:48.2683439Z 33a6ab621c21: Pulling fs layer
physical-device-ui-proof	Reconstruct disposable live-79 Supabase	2026-09-07T21:33:48.2690221Z cb9ce6281bc1: Pulling fs layer
physical-device-ui-proof	Reconstruct disposable live-79 Supabase	2026-09-07T21:33:48.2690839Z d055522c5978: Pulling fs layer
physical-device-ui-proof	Reconstruct disposable live-79 Supabase	2026-09-07T21:33:48.2693273Z c6616e1dace0: Pulling fs layer
physical-device-ui-proof	Reconstruct disposable live-79 Supabase	2026-09-07T21:33:48.2695987Z 2897e8a71341: Pulling fs layer
physical-device-ui-proof	Reconstruct disposable live-79 Supabase	2026-09-07T21:33:48.2696618Z 34eb06d3d2a8: Pulling fs layer
physical-device-ui-proof	Reconstruct disposable live-79 Supabase	2026-09-07T21:33:48.2697205Z 6a1e93e646cb: Pulling fs layer
physical-device-ui-proof	Reconstruct disposable live-79 Supabase	2026-09-07T21:33:48.2697778Z 2257e3a0ac1d: Pulling fs layer
physical-device-ui-proof	Reconstruct disposable live-79 Supabase	2026-09-07T21:33:48.2698319Z 8a1eeea57502: Pulling fs layer
physical-device-ui-proof	Reconstruct disposable live-79 Supabase	2026-09-07T21:33:48.2698849Z 942b358a87cc: Pulling fs layer
physical-device-ui-proof	Reconstruct disposable live-79 Supabase	2026-09-07T21:33:48.2699390Z c441bf744145: Pulling fs layer
physical-device-ui-proof	Reconstruct disposable live-79 Supabase	2026-09-07T21:33:48.2700087Z cd4fb4ecd8d5: Pulling fs layer
physical-device-ui-proof	Reconstruct disposable live-79 Supabase	2026-09-07T21:33:48.2700813Z 358c1e4decda: Pulling fs layer
physical-device-ui-proof	Reconstruct disposable live-79 Supabase	2026-09-07T21:33:48.2701949Z a014880b262f: Pulling fs layer
physical-device-ui-proof	Reconstruct disposable live-79 Supabase	2026-09-07T21:33:48.2702626Z b5c055a53a29: Waiting
physical-device-ui-proof	Reconstruct disposable live-79 Supabase	2026-09-07T21:33:48.2703248Z de155361b339: Waiting
physical-device-ui-proof	Reconstruct disposable live-79 Supabase	2026-09-07T21:33:48.2704041Z ba6e4ed5f64f: Waiting
physical-device-ui-proof	Reconstruct disposable live-79 Supabase	2026-09-07T21:33:48.2704939Z 753ec53a43d5: Waiting
physical-device-ui-proof	Reconstruct disposable live-79 Supabase	2026-09-07T21:33:48.2705680Z 23f574a925bf: Waiting
physical-device-ui-proof	Reconstruct disposable live-79 Supabase	2026-09-07T21:33:48.2706284Z 782b84fd67df: Waiting
physical-device-ui-proof	Reconstruct disposable live-79 Supabase	2026-09-07T21:33:48.2791881Z d59fb9edf862: Waiting
physical-device-ui-proof	Reconstruct disposable live-79 Supabase	2026-09-07T21:33:48.2792451Z 6aa1b655ba9f: Waiting
physical-device-ui-proof	Reconstruct disposable live-79 Supabase	2026-09-07T21:33:48.2792962Z a20c7d9fd396: Waiting
physical-device-ui-proof	Reconstruct disposable live-79 Supabase	2026-09-07T21:33:48.2793442Z 5b1cd4d117f8: Waiting
physical-device-ui-proof	Reconstruct disposable live-79 Supabase	2026-09-07T21:33:48.2793916Z 33a6ab621c21: Waiting
physical-device-ui-proof	Reconstruct disposable live-79 Supabase	2026-09-07T21:33:48.2794260Z cb9ce6281bc1: Waiting
physical-device-ui-proof	Reconstruct disposable live-79 Supabase	2026-09-07T21:33:48.2794748Z d055522c5978: Waiting
physical-device-ui-proof	Reconstruct disposable live-79 Supabase	2026-09-07T21:33:48.2795204Z c6616e1dace0: Waiting
physical-device-ui-proof	Reconstruct disposable live-79 Supabase	2026-09-07T21:33:48.2795576Z 2897e8a71341: Waiting
physical-device-ui-proof	Reconstruct disposable live-79 Supabase	2026-09-07T21:33:48.2795820Z 34eb06d3d2a8: Waiting
physical-device-ui-proof	Reconstruct disposable live-79 Supabase	2026-09-07T21:33:48.2796214Z 6a1e93e646cb: Waiting
physical-device-ui-proof	Reconstruct disposable live-79 Supabase	2026-09-07T21:33:48.2796479Z 2257e3a0ac1d: Waiting
physical-device-ui-proof	Reconstruct disposable live-79 Supabase	2026-09-07T21:33:48.2796722Z 8a1eeea57502: Waiting
physical-device-ui-proof	Reconstruct disposable live-79 Supabase	2026-09-07T21:33:48.2796968Z 942b358a87cc: Waiting
physical-device-ui-proof	Reconstruct disposable live-79 Supabase	2026-09-07T21:33:48.2797301Z c441bf744145: Waiting
physical-device-ui-proof	Reconstruct disposable live-79 Supabase	2026-09-07T21:33:48.2797714Z cd4fb4ecd8d5: Waiting
physical-device-ui-proof	Reconstruct disposable live-79 Supabase	2026-09-07T21:33:48.2798119Z 358c1e4decda: Waiting
physical-device-ui-proof	Reconstruct disposable live-79 Supabase	2026-09-07T21:33:48.2798543Z a014880b262f: Waiting
physical-device-ui-proof	Reconstruct disposable live-79 Supabase	2026-09-07T21:33:48.2798930Z 622a75c3aad4: Waiting
physical-device-ui-proof	Reconstruct disposable live-79 Supabase	2026-09-07T21:33:48.2799341Z e733eb89dc5d: Waiting
physical-device-ui-proof	Reconstruct disposable live-79 Supabase	2026-09-07T21:33:48.2799836Z 565df2d910df: Pulling fs layer
physical-device-ui-proof	Reconstruct disposable live-79 Supabase	2026-09-07T21:33:48.2800445Z dc286a8aa197: Pulling fs layer
physical-device-ui-proof	Reconstruct disposable live-79 Supabase	2026-09-07T21:33:48.2801074Z 518a41cba818: Pulling fs layer
physical-device-ui-proof	Reconstruct disposable live-79 Supabase	2026-09-07T21:33:48.2802869Z 1278e66a267c: Pulling fs layer
physical-device-ui-proof	Reconstruct disposable live-79 Supabase	2026-09-07T21:33:48.2803380Z dc286a8aa197: Waiting
physical-device-ui-proof	Reconstruct disposable live-79 Supabase	2026-09-07T21:33:48.2803859Z 44c4479b4ddc: Pulling fs layer
physical-device-ui-proof	Reconstruct disposable live-79 Supabase	2026-09-07T21:33:48.2804417Z 1278e66a267c: Waiting
physical-device-ui-proof	Reconstruct disposable live-79 Supabase	2026-09-07T21:33:48.2804835Z 518a41cba818: Waiting
physical-device-ui-proof	Reconstruct disposable live-79 Supabase	2026-09-07T21:33:48.2805252Z 565df2d910df: Waiting
physical-device-ui-proof	Reconstruct disposable live-79 Supabase	2026-09-07T21:33:48.2805687Z 44c4479b4ddc: Waiting
physical-device-ui-proof	Reconstruct disposable live-79 Supabase	2026-09-07T21:33:48.2806212Z e6f31ffc071e: Pulling fs layer
physical-device-ui-proof	Reconstruct disposable live-79 Supabase	2026-09-07T21:33:48.2806780Z 5f05fbb94ac9: Pulling fs layer
physical-device-ui-proof	Reconstruct disposable live-79 Supabase	2026-09-07T21:33:48.2807360Z dbd229483e61: Pulling fs layer
physical-device-ui-proof	Reconstruct disposable live-79 Supabase	2026-09-07T21:33:48.2807929Z f4e2bfbd8bcd: Pulling fs layer
physical-device-ui-proof	Reconstruct disposable live-79 Supabase	2026-09-07T21:33:48.2808486Z 521c5280947c: Pulling fs layer
physical-device-ui-proof	Reconstruct disposable live-79 Supabase	2026-09-07T21:33:48.2809042Z 3f609ae12598: Pulling fs layer
physical-device-ui-proof	Reconstruct disposable live-79 Supabase	2026-09-07T21:33:48.2809573Z c80645774acf: Pulling fs layer
physical-device-ui-proof	Reconstruct disposable live-79 Supabase	2026-09-07T21:33:48.2810155Z 5e731b050e43: Pulling fs layer
physical-device-ui-proof	Reconstruct disposable live-79 Supabase	2026-09-07T21:33:48.2810705Z 0f248d4fdffd: Pulling fs layer
physical-device-ui-proof	Reconstruct disposable live-79 Supabase	2026-09-07T21:33:48.2811222Z 6db964937c43: Pulling fs layer
physical-device-ui-proof	Reconstruct disposable live-79 Supabase	2026-09-07T21:33:48.2811952Z 78f6dd8aae59: Pulling fs layer
physical-device-ui-proof	Reconstruct disposable live-79 Supabase	2026-09-07T21:33:48.2812292Z cecc09177dca: Pulling fs layer
physical-device-ui-proof	Reconstruct disposable live-79 Supabase	2026-09-07T21:33:48.2812611Z 3adfb80f0287: Pulling fs layer
physical-device-ui-proof	Reconstruct disposable live-79 Supabase	2026-09-07T21:33:48.2812914Z 868d43efe767: Pulling fs layer
physical-device-ui-proof	Reconstruct disposable live-79 Supabase	2026-09-07T21:33:48.2813183Z 5f05fbb94ac9: Waiting
physical-device-ui-proof	Reconstruct disposable live-79 Supabase	2026-09-07T21:33:48.2813444Z dbd229483e61: Waiting
physical-device-ui-proof	Reconstruct disposable live-79 Supabase	2026-09-07T21:33:48.2813689Z f4e2bfbd8bcd: Waiting
physical-device-ui-proof	Reconstruct disposable live-79 Supabase	2026-09-07T21:33:48.2813921Z 521c5280947c: Waiting
physical-device-ui-proof	Reconstruct disposable live-79 Supabase	2026-09-07T21:33:48.2814154Z 3f609ae12598: Waiting
physical-device-ui-proof	Reconstruct disposable live-79 Supabase	2026-09-07T21:33:48.2814384Z c80645774acf: Waiting
physical-device-ui-proof	Reconstruct disposable live-79 Supabase	2026-09-07T21:33:48.2814628Z 5e731b050e43: Waiting
physical-device-ui-proof	Reconstruct disposable live-79 Supabase	2026-09-07T21:33:48.2814873Z 0f248d4fdffd: Waiting
physical-device-ui-proof	Reconstruct disposable live-79 Supabase	2026-09-07T21:33:48.2815101Z 6db964937c43: Waiting
physical-device-ui-proof	Reconstruct disposable live-79 Supabase	2026-09-07T21:33:48.2815329Z 78f6dd8aae59: Waiting
physical-device-ui-proof	Reconstruct disposable live-79 Supabase	2026-09-07T21:33:48.2815570Z cecc09177dca: Waiting
physical-device-ui-proof	Reconstruct disposable live-79 Supabase	2026-09-07T21:33:48.2815810Z 3adfb80f0287: Waiting
physical-device-ui-proof	Reconstruct disposable live-79 Supabase	2026-09-07T21:33:48.2816077Z 119d43eec815: Pulling fs layer
physical-device-ui-proof	Reconstruct disposable live-79 Supabase	2026-09-07T21:33:48.2816378Z 5cc11540fc65: Pulling fs layer
physical-device-ui-proof	Reconstruct disposable live-79 Supabase	2026-09-07T21:33:48.2816666Z 9ea61687a3a0: Pulling fs layer
physical-device-ui-proof	Reconstruct disposable live-79 Supabase	2026-09-07T21:33:48.2816954Z 7e63fbbc2e50: Pulling fs layer
physical-device-ui-proof	Reconstruct disposable live-79 Supabase	2026-09-07T21:33:48.2817240Z f2955455e628: Pulling fs layer
physical-device-ui-proof	Reconstruct disposable live-79 Supabase	2026-09-07T21:33:48.2817529Z a7b1a0a461fc: Pulling fs layer
physical-device-ui-proof	Reconstruct disposable live-79 Supabase	2026-09-07T21:33:48.2817818Z c895300000d9: Pulling fs layer
physical-device-ui-proof	Reconstruct disposable live-79 Supabase	2026-09-07T21:33:48.2818099Z cf5270183f88: Pulling fs layer
physical-device-ui-proof	Reconstruct disposable live-79 Supabase	2026-09-07T21:33:48.2818392Z 4f4fb700ef54: Pulling fs layer
physical-device-ui-proof	Reconstruct disposable live-79 Supabase	2026-09-07T21:33:48.2818676Z f623498ee610: Pulling fs layer
physical-device-ui-proof	Reconstruct disposable live-79 Supabase	2026-09-07T21:33:48.2818930Z 868d43efe767: Waiting
physical-device-ui-proof	Reconstruct disposable live-79 Supabase	2026-09-07T21:33:48.2819161Z 119d43eec815: Waiting
physical-device-ui-proof	Reconstruct disposable live-79 Supabase	2026-09-07T21:33:48.2819398Z a7b1a0a461fc: Waiting
physical-device-ui-proof	Reconstruct disposable live-79 Supabase	2026-09-07T21:33:48.2819632Z c895300000d9: Waiting
physical-device-ui-proof	Reconstruct disposable live-79 Supabase	2026-09-07T21:33:48.2819861Z cf5270183f88: Waiting
physical-device-ui-proof	Reconstruct disposable live-79 Supabase	2026-09-07T21:33:48.2820096Z 4f4fb700ef54: Waiting
physical-device-ui-proof	Reconstruct disposable live-79 Supabase	2026-09-07T21:33:48.2820575Z f623498ee610: Waiting
physical-device-ui-proof	Reconstruct disposable live-79 Supabase	2026-09-07T21:33:48.2820812Z 5cc11540fc65: Waiting
physical-device-ui-proof	Reconstruct disposable live-79 Supabase	2026-09-07T21:33:48.2821048Z 9ea61687a3a0: Waiting
physical-device-ui-proof	Reconstruct disposable live-79 Supabase	2026-09-07T21:33:48.2821738Z 7e63fbbc2e50: Waiting
physical-device-ui-proof	Reconstruct disposable live-79 Supabase	2026-09-07T21:33:48.2821995Z f2955455e628: Waiting
physical-device-ui-proof	Reconstruct disposable live-79 Supabase	2026-09-07T21:33:48.2896198Z 213ec9aee27d: Pulling fs layer
physical-device-ui-proof	Reconstruct disposable live-79 Supabase	2026-09-07T21:33:48.2896936Z a70653f7a2d5: Pulling fs layer
physical-device-ui-proof	Reconstruct disposable live-79 Supabase	2026-09-07T21:33:48.2897906Z 531e3bd93090: Pulling fs layer
physical-device-ui-proof	Reconstruct disposable live-79 Supabase	2026-09-07T21:33:48.2898493Z 814dd06d26c7: Pulling fs layer
physical-device-ui-proof	Reconstruct disposable live-79 Supabase	2026-09-07T21:33:48.2898835Z 213ec9aee27d: Waiting
physical-device-ui-proof	Reconstruct disposable live-79 Supabase	2026-09-07T21:33:48.2899106Z 531e3bd93090: Waiting
physical-device-ui-proof	Reconstruct disposable live-79 Supabase	2026-09-07T21:33:48.2899350Z a70653f7a2d5: Waiting
physical-device-ui-proof	Reconstruct disposable live-79 Supabase	2026-09-07T21:33:48.2899587Z 814dd06d26c7: Waiting
physical-device-ui-proof	Reconstruct disposable live-79 Supabase	2026-09-07T21:33:48.2997178Z 55afa1ecc21d: Already exists
physical-device-ui-proof	Reconstruct disposable live-79 Supabase	2026-09-07T21:33:48.3012099Z 95403727e7d4: Pulling fs layer
physical-device-ui-proof	Reconstruct disposable live-79 Supabase	2026-09-07T21:33:48.3012593Z e326d083c2c9: Pulling fs layer
physical-device-ui-proof	Reconstruct disposable live-79 Supabase	2026-09-07T21:33:48.3013094Z 95403727e7d4: Waiting
physical-device-ui-proof	Reconstruct disposable live-79 Supabase	2026-09-07T21:33:48.3013774Z e326d083c2c9: Waiting
physical-device-ui-proof	Reconstruct disposable live-79 Supabase	2026-09-07T21:33:48.3031143Z 062e450697fa: Pulling fs layer
physical-device-ui-proof	Reconstruct disposable live-79 Supabase	2026-09-07T21:33:48.3032763Z aadc1df55248: Pulling fs layer
physical-device-ui-proof	Reconstruct disposable live-79 Supabase	2026-09-07T21:33:48.3034083Z 07f6c7f37eb7: Pulling fs layer
physical-device-ui-proof	Reconstruct disposable live-79 Supabase	2026-09-07T21:33:48.3035426Z 219bccc39f10: Pulling fs layer
physical-device-ui-proof	Reconstruct disposable live-79 Supabase	2026-09-07T21:33:48.3036441Z 9d445f162b30: Pulling fs layer
physical-device-ui-proof	Reconstruct disposable live-79 Supabase	2026-09-07T21:33:48.3037437Z f066bdfa8565: Pulling fs layer
physical-device-ui-proof	Reconstruct disposable live-79 Supabase	2026-09-07T21:33:48.3038175Z 0ced55f3e717: Pulling fs layer
physical-device-ui-proof	Reconstruct disposable live-79 Supabase	2026-09-07T21:33:48.3038734Z e39a20378c07: Pulling fs layer
physical-device-ui-proof	Reconstruct disposable live-79 Supabase	2026-09-07T21:33:48.3039245Z 4683247db99b: Pulling fs layer
physical-device-ui-proof	Reconstruct disposable live-79 Supabase	2026-09-07T21:33:48.3039754Z ac006f7e52ef: Pulling fs layer
physical-device-ui-proof	Reconstruct disposable live-79 Supabase	2026-09-07T21:33:48.3040185Z 62d958520b0b: Pulling fs layer
physical-device-ui-proof	Reconstruct disposable live-79 Supabase	2026-09-07T21:33:48.3040524Z 4f4fb700ef54: Pulling fs layer
physical-device-ui-proof	Reconstruct disposable live-79 Supabase	2026-09-07T21:33:48.3040814Z 0ced55f3e717: Waiting
physical-device-ui-proof	Reconstruct disposable live-79 Supabase	2026-09-07T21:33:48.3041066Z e39a20378c07: Waiting
physical-device-ui-proof	Reconstruct disposable live-79 Supabase	2026-09-07T21:33:48.3041619Z 4683247db99b: Waiting
physical-device-ui-proof	Reconstruct disposable live-79 Supabase	2026-09-07T21:33:48.3041889Z ac006f7e52ef: Waiting
physical-device-ui-proof	Reconstruct disposable live-79 Supabase	2026-09-07T21:33:48.3042124Z 62d958520b0b: Waiting
physical-device-ui-proof	Reconstruct disposable live-79 Supabase	2026-09-07T21:33:48.3042362Z 4f4fb700ef54: Waiting
physical-device-ui-proof	Reconstruct disposable live-79 Supabase	2026-09-07T21:33:48.3042602Z 062e450697fa: Waiting
physical-device-ui-proof	Reconstruct disposable live-79 Supabase	2026-09-07T21:33:48.3042856Z aadc1df55248: Waiting
physical-device-ui-proof	Reconstruct disposable live-79 Supabase	2026-09-07T21:33:48.3043097Z 07f6c7f37eb7: Waiting
physical-device-ui-proof	Reconstruct disposable live-79 Supabase	2026-09-07T21:33:48.3043329Z 219bccc39f10: Waiting
physical-device-ui-proof	Reconstruct disposable live-79 Supabase	2026-09-07T21:33:48.3043565Z 9d445f162b30: Waiting
physical-device-ui-proof	Reconstruct disposable live-79 Supabase	2026-09-07T21:33:48.3043796Z f066bdfa8565: Waiting
physical-device-ui-proof	Reconstruct disposable live-79 Supabase	2026-09-07T21:33:48.3044088Z bcf274f2d0ac: Pulling fs layer
physical-device-ui-proof	Reconstruct disposable live-79 Supabase	2026-09-07T21:33:48.3044360Z bcf274f2d0ac: Waiting
physical-device-ui-proof	Reconstruct disposable live-79 Supabase	2026-09-07T21:33:48.3111945Z 597c6c618d36: Pulling fs layer
physical-device-ui-proof	Reconstruct disposable live-79 Supabase	2026-09-07T21:33:48.3113604Z c39190ba742d: Pulling fs layer
physical-device-ui-proof	Reconstruct disposable live-79 Supabase	2026-09-07T21:33:48.3115974Z 60414ed24b30: Pulling fs layer
physical-device-ui-proof	Reconstruct disposable live-79 Supabase	2026-09-07T21:33:48.3118733Z 0d29c829782d: Pulling fs layer
physical-device-ui-proof	Reconstruct disposable live-79 Supabase	2026-09-07T21:33:48.3119529Z 597c6c618d36: Waiting
physical-device-ui-proof	Reconstruct disposable live-79 Supabase	2026-09-07T21:33:48.3120047Z 662b1f44f1ee: Pulling fs layer
physical-device-ui-proof	Reconstruct disposable live-79 Supabase	2026-09-07T21:33:48.3120548Z c39190ba742d: Waiting
physical-device-ui-proof	Reconstruct disposable live-79 Supabase	2026-09-07T21:33:48.3120949Z ba9e24d39072: Pulling fs layer
physical-device-ui-proof	Reconstruct disposable live-79 Supabase	2026-09-07T21:33:48.3121232Z 60414ed24b30: Waiting
physical-device-ui-proof	Reconstruct disposable live-79 Supabase	2026-09-07T21:33:48.3121901Z 0d29c829782d: Waiting
physical-device-ui-proof	Reconstruct disposable live-79 Supabase	2026-09-07T21:33:48.3122258Z 662b1f44f1ee: Waiting
physical-device-ui-proof	Reconstruct disposable live-79 Supabase	2026-09-07T21:33:48.3122753Z ba9e24d39072: Waiting
physical-device-ui-proof	Reconstruct disposable live-79 Supabase	2026-09-07T21:33:48.3133642Z 039e6f9f9752: Pulling fs layer
physical-device-ui-proof	Reconstruct disposable live-79 Supabase	2026-09-07T21:33:48.3134300Z 5404bc2cc13c: Pulling fs layer
physical-device-ui-proof	Reconstruct disposable live-79 Supabase	2026-09-07T21:33:48.3134895Z 555d35074583: Pulling fs layer
physical-device-ui-proof	Reconstruct disposable live-79 Supabase	2026-09-07T21:33:48.3135510Z 8f99eb9866f3: Pulling fs layer
physical-device-ui-proof	Reconstruct disposable live-79 Supabase	2026-09-07T21:33:48.3135951Z c0ed9f2d0e0e: Pulling fs layer
physical-device-ui-proof	Reconstruct disposable live-79 Supabase	2026-09-07T21:33:48.3136301Z 4b118796ff6a: Pulling fs layer
physical-device-ui-proof	Reconstruct disposable live-79 Supabase	2026-09-07T21:33:48.3136817Z 23c96171f2fe: Pulling fs layer
physical-device-ui-proof	Reconstruct disposable live-79 Supabase	2026-09-07T21:33:48.3137209Z 753ab3b39a58: Pulling fs layer
physical-device-ui-proof	Reconstruct disposable live-79 Supabase	2026-09-07T21:33:48.3137801Z 5c18a8cdfd6b: Pulling fs layer
physical-device-ui-proof	Reconstruct disposable live-79 Supabase	2026-09-07T21:33:48.3138380Z 7505145a46ec: Pulling fs layer
physical-device-ui-proof	Reconstruct disposable live-79 Supabase	2026-09-07T21:33:48.3138696Z 4b118796ff6a: Waiting
physical-device-ui-proof	Reconstruct disposable live-79 Supabase	2026-09-07T21:33:48.3138966Z 753ab3b39a58: Waiting
physical-device-ui-proof	Reconstruct disposable live-79 Supabase	2026-09-07T21:33:48.3139219Z 5c18a8cdfd6b: Waiting
physical-device-ui-proof	Reconstruct disposable live-79 Supabase	2026-09-07T21:33:48.3139462Z 23c96171f2fe: Waiting
physical-device-ui-proof	Reconstruct disposable live-79 Supabase	2026-09-07T21:33:48.3139726Z 7505145a46ec: Waiting
physical-device-ui-proof	Reconstruct disposable live-79 Supabase	2026-09-07T21:33:48.3139974Z 5404bc2cc13c: Waiting
physical-device-ui-proof	Reconstruct disposable live-79 Supabase	2026-09-07T21:33:48.3140210Z 555d35074583: Waiting
physical-device-ui-proof	Reconstruct disposable live-79 Supabase	2026-09-07T21:33:48.3140453Z 8f99eb9866f3: Waiting
physical-device-ui-proof	Reconstruct disposable live-79 Supabase	2026-09-07T21:33:48.3140943Z 039e6f9f9752: Waiting
physical-device-ui-proof	Reconstruct disposable live-79 Supabase	2026-09-07T21:33:48.3141182Z c0ed9f2d0e0e: Waiting
physical-device-ui-proof	Reconstruct disposable live-79 Supabase	2026-09-07T21:33:48.3324632Z 039e6f9f9752: Pulling fs layer
physical-device-ui-proof	Reconstruct disposable live-79 Supabase	2026-09-07T21:33:48.3326018Z 5404bc2cc13c: Pulling fs layer
physical-device-ui-proof	Reconstruct disposable live-79 Supabase	2026-09-07T21:33:48.3326590Z 555d35074583: Pulling fs layer
physical-device-ui-proof	Reconstruct disposable live-79 Supabase	2026-09-07T21:33:48.3327162Z 8f99eb9866f3: Pulling fs layer
physical-device-ui-proof	Reconstruct disposable live-79 Supabase	2026-09-07T21:33:48.3327734Z c0ed9f2d0e0e: Pulling fs layer
physical-device-ui-proof	Reconstruct disposable live-79 Supabase	2026-09-07T21:33:48.3328288Z b7d0efd3fc9c: Pulling fs layer
physical-device-ui-proof	Reconstruct disposable live-79 Supabase	2026-09-07T21:33:48.3328853Z c0c4dc518956: Pulling fs layer
physical-device-ui-proof	Reconstruct disposable live-79 Supabase	2026-09-07T21:33:48.3329387Z 512fd86e6200: Pulling fs layer
physical-device-ui-proof	Reconstruct disposable live-79 Supabase	2026-09-07T21:33:48.3329923Z 264588d8dd60: Pulling fs layer
physical-device-ui-proof	Reconstruct disposable live-79 Supabase	2026-09-07T21:33:48.3330401Z c0c4dc518956: Waiting
physical-device-ui-proof	Reconstruct disposable live-79 Supabase	2026-09-07T21:33:48.3330851Z 512fd86e6200: Waiting
physical-device-ui-proof	Reconstruct disposable live-79 Supabase	2026-09-07T21:33:48.3331695Z 264588d8dd60: Waiting
physical-device-ui-proof	Reconstruct disposable live-79 Supabase	2026-09-07T21:33:48.3332162Z 8f99eb9866f3: Waiting
physical-device-ui-proof	Reconstruct disposable live-79 Supabase	2026-09-07T21:33:48.3332545Z 039e6f9f9752: Waiting
physical-device-ui-proof	Reconstruct disposable live-79 Supabase	2026-09-07T21:33:48.3333027Z 5404bc2cc13c: Waiting
physical-device-ui-proof	Reconstruct disposable live-79 Supabase	2026-09-07T21:33:48.3333487Z 555d35074583: Waiting
physical-device-ui-proof	Reconstruct disposable live-79 Supabase	2026-09-07T21:33:48.3333960Z c0ed9f2d0e0e: Waiting
physical-device-ui-proof	Reconstruct disposable live-79 Supabase	2026-09-07T21:33:48.3334408Z b7d0efd3fc9c: Waiting
physical-device-ui-proof	Reconstruct disposable live-79 Supabase	2026-09-07T21:33:48.3897251Z 1074353eec0d: Pulling fs layer
physical-device-ui-proof	Reconstruct disposable live-79 Supabase	2026-09-07T21:33:48.3898104Z cbf2f7f0a3ba: Pulling fs layer
physical-device-ui-proof	Reconstruct disposable live-79 Supabase	2026-09-07T21:33:48.3898738Z 7b95344fc011: Pulling fs layer
physical-device-ui-proof	Reconstruct disposable live-79 Supabase	2026-09-07T21:33:48.3899094Z 0179246107e3: Pulling fs layer
physical-device-ui-proof	Reconstruct disposable live-79 Supabase	2026-09-07T21:33:48.3899677Z c8a04bee2d5a: Pulling fs layer
physical-device-ui-proof	Reconstruct disposable live-79 Supabase	2026-09-07T21:33:48.3900020Z 4f4fb700ef54: Pulling fs layer
physical-device-ui-proof	Reconstruct disposable live-79 Supabase	2026-09-07T21:33:48.3900293Z 0179246107e3: Waiting
physical-device-ui-proof	Reconstruct disposable live-79 Supabase	2026-09-07T21:33:48.3900552Z 1074353eec0d: Waiting
physical-device-ui-proof	Reconstruct disposable live-79 Supabase	2026-09-07T21:33:48.3900800Z cbf2f7f0a3ba: Waiting
physical-device-ui-proof	Reconstruct disposable live-79 Supabase	2026-09-07T21:33:48.3901044Z c8a04bee2d5a: Waiting
physical-device-ui-proof	Reconstruct disposable live-79 Supabase	2026-09-07T21:33:48.3901548Z 4f4fb700ef54: Waiting
physical-device-ui-proof	Reconstruct disposable live-79 Supabase	2026-09-07T21:33:48.3901827Z 7b95344fc011: Waiting
physical-device-ui-proof	Reconstruct disposable live-79 Supabase	2026-09-07T21:33:48.4449512Z 5dc68b1acf51: Verifying Checksum
physical-device-ui-proof	Reconstruct disposable live-79 Supabase	2026-09-07T21:33:48.4450462Z 5dc68b1acf51: Download complete
physical-device-ui-proof	Reconstruct disposable live-79 Supabase	2026-09-07T21:33:48.4602829Z e6f31ffc071e: Verifying Checksum
physical-device-ui-proof	Reconstruct disposable live-79 Supabase	2026-09-07T21:33:48.4603682Z e6f31ffc071e: Verifying Checksum
physical-device-ui-proof	Reconstruct disposable live-79 Supabase	2026-09-07T21:33:48.4605266Z e6f31ffc071e: Download complete
physical-device-ui-proof	Reconstruct disposable live-79 Supabase	2026-09-07T21:33:48.4606667Z e6f31ffc071e: Download complete
physical-device-ui-proof	Reconstruct disposable live-79 Supabase	2026-09-07T21:33:48.4701584Z 4816f2085dc3: Verifying Checksum
physical-device-ui-proof	Reconstruct disposable live-79 Supabase	2026-09-07T21:33:48.4706073Z 4816f2085dc3: Download complete
physical-device-ui-proof	Reconstruct disposable live-79 Supabase	2026-09-07T21:33:48.5765814Z e6f31ffc071e: Pull complete
physical-device-ui-proof	Reconstruct disposable live-79 Supabase	2026-09-07T21:33:48.5766429Z e6f31ffc071e: Pull complete
physical-device-ui-proof	Reconstruct disposable live-79 Supabase	2026-09-07T21:33:48.6332659Z e733eb89dc5d: Verifying Checksum
physical-device-ui-proof	Reconstruct disposable live-79 Supabase	2026-09-07T21:33:48.6333258Z e733eb89dc5d: Download complete
physical-device-ui-proof	Reconstruct disposable live-79 Supabase	2026-09-07T21:33:48.6617584Z b5c055a53a29: Verifying Checksum
physical-device-ui-proof	Reconstruct disposable live-79 Supabase	2026-09-07T21:33:48.6623140Z b5c055a53a29: Download complete
physical-device-ui-proof	Reconstruct disposable live-79 Supabase	2026-09-07T21:33:48.8126581Z de155361b339: Verifying Checksum
physical-device-ui-proof	Reconstruct disposable live-79 Supabase	2026-09-07T21:33:48.8127855Z de155361b339: Download complete
physical-device-ui-proof	Reconstruct disposable live-79 Supabase	2026-09-07T21:33:48.8310684Z ba6e4ed5f64f: Verifying Checksum
physical-device-ui-proof	Reconstruct disposable live-79 Supabase	2026-09-07T21:33:48.8311835Z ba6e4ed5f64f: Download complete
physical-device-ui-proof	Reconstruct disposable live-79 Supabase	2026-09-07T21:33:48.9687001Z 4816f2085dc3: Pull complete
physical-device-ui-proof	Reconstruct disposable live-79 Supabase	2026-09-07T21:33:48.9778944Z 753ec53a43d5: Verifying Checksum
physical-device-ui-proof	Reconstruct disposable live-79 Supabase	2026-09-07T21:33:48.9779904Z 753ec53a43d5: Download complete
physical-device-ui-proof	Reconstruct disposable live-79 Supabase	2026-09-07T21:33:48.9928658Z 23f574a925bf: Verifying Checksum
physical-device-ui-proof	Reconstruct disposable live-79 Supabase	2026-09-07T21:33:48.9929618Z 23f574a925bf: Download complete
physical-device-ui-proof	Reconstruct disposable live-79 Supabase	2026-09-07T21:33:49.0118232Z 5dc68b1acf51: Pull complete
physical-device-ui-proof	Reconstruct disposable live-79 Supabase	2026-09-07T21:33:49.1465186Z 782b84fd67df: Verifying Checksum
physical-device-ui-proof	Reconstruct disposable live-79 Supabase	2026-09-07T21:33:49.1467178Z 782b84fd67df: Download complete
physical-device-ui-proof	Reconstruct disposable live-79 Supabase	2026-09-07T21:33:49.1829365Z d59fb9edf862: Verifying Checksum
physical-device-ui-proof	Reconstruct disposable live-79 Supabase	2026-09-07T21:33:49.1830015Z d59fb9edf862: Download complete
physical-device-ui-proof	Reconstruct disposable live-79 Supabase	2026-09-07T21:33:49.3129137Z 6aa1b655ba9f: Verifying Checksum
physical-device-ui-proof	Reconstruct disposable live-79 Supabase	2026-09-07T21:33:49.3135024Z 6aa1b655ba9f: Download complete
physical-device-ui-proof	Reconstruct disposable live-79 Supabase	2026-09-07T21:33:49.3468355Z a20c7d9fd396: Download complete
physical-device-ui-proof	Reconstruct disposable live-79 Supabase	2026-09-07T21:33:49.4797600Z 5b1cd4d117f8: Verifying Checksum
physical-device-ui-proof	Reconstruct disposable live-79 Supabase	2026-09-07T21:33:49.4798444Z 5b1cd4d117f8: Download complete
physical-device-ui-proof	Reconstruct disposable live-79 Supabase	2026-09-07T21:33:49.5108263Z 33a6ab621c21: Verifying Checksum
physical-device-ui-proof	Reconstruct disposable live-79 Supabase	2026-09-07T21:33:49.5109123Z 33a6ab621c21: Download complete
physical-device-ui-proof	Reconstruct disposable live-79 Supabase	2026-09-07T21:33:49.6465644Z cb9ce6281bc1: Verifying Checksum
physical-device-ui-proof	Reconstruct disposable live-79 Supabase	2026-09-07T21:33:49.6468788Z cb9ce6281bc1: Download complete
physical-device-ui-proof	Reconstruct disposable live-79 Supabase	2026-09-07T21:33:49.6932531Z d055522c5978: Verifying Checksum
physical-device-ui-proof	Reconstruct disposable live-79 Supabase	2026-09-07T21:33:49.6934215Z d055522c5978: Download complete
physical-device-ui-proof	Reconstruct disposable live-79 Supabase	2026-09-07T21:33:49.6958105Z 622a75c3aad4: Download complete
physical-device-ui-proof	Reconstruct disposable live-79 Supabase	2026-09-07T21:33:49.8157317Z c6616e1dace0: Verifying Checksum
physical-device-ui-proof	Reconstruct disposable live-79 Supabase	2026-09-07T21:33:49.8158689Z c6616e1dace0: Download complete
physical-device-ui-proof	Reconstruct disposable live-79 Supabase	2026-09-07T21:33:49.8585909Z 2897e8a71341: Verifying Checksum
physical-device-ui-proof	Reconstruct disposable live-79 Supabase	2026-09-07T21:33:49.8586567Z 2897e8a71341: Download complete
physical-device-ui-proof	Reconstruct disposable live-79 Supabase	2026-09-07T21:33:49.8655091Z 34eb06d3d2a8: Verifying Checksum
physical-device-ui-proof	Reconstruct disposable live-79 Supabase	2026-09-07T21:33:49.8656061Z 34eb06d3d2a8: Download complete
physical-device-ui-proof	Reconstruct disposable live-79 Supabase	2026-09-07T21:33:49.9823225Z 6a1e93e646cb: Verifying Checksum
physical-device-ui-proof	Reconstruct disposable live-79 Supabase	2026-09-07T21:33:49.9826283Z 6a1e93e646cb: Download complete
physical-device-ui-proof	Reconstruct disposable live-79 Supabase	2026-09-07T21:33:50.0239120Z 2257e3a0ac1d: Verifying Checksum
physical-device-ui-proof	Reconstruct disposable live-79 Supabase	2026-09-07T21:33:50.0241198Z 2257e3a0ac1d: Download complete
physical-device-ui-proof	Reconstruct disposable live-79 Supabase	2026-09-07T21:33:50.0364077Z 8a1eeea57502: Verifying Checksum
physical-device-ui-proof	Reconstruct disposable live-79 Supabase	2026-09-07T21:33:50.0364729Z 8a1eeea57502: Download complete
physical-device-ui-proof	Reconstruct disposable live-79 Supabase	2026-09-07T21:33:50.1479069Z 942b358a87cc: Verifying Checksum
physical-device-ui-proof	Reconstruct disposable live-79 Supabase	2026-09-07T21:33:50.1480512Z 942b358a87cc: Download complete
physical-device-ui-proof	Reconstruct disposable live-79 Supabase	2026-09-07T21:33:50.1973102Z c441bf744145: Verifying Checksum
physical-device-ui-proof	Reconstruct disposable live-79 Supabase	2026-09-07T21:33:50.1973937Z c441bf744145: Download complete
physical-device-ui-proof	Reconstruct disposable live-79 Supabase	2026-09-07T21:33:50.2021072Z cd4fb4ecd8d5: Verifying Checksum
physical-device-ui-proof	Reconstruct disposable live-79 Supabase	2026-09-07T21:33:50.2022245Z cd4fb4ecd8d5: Download complete
physical-device-ui-proof	Reconstruct disposable live-79 Supabase	2026-09-07T21:33:50.3382910Z 358c1e4decda: Verifying Checksum
physical-device-ui-proof	Reconstruct disposable live-79 Supabase	2026-09-07T21:33:50.3383734Z 358c1e4decda: Download complete
physical-device-ui-proof	Reconstruct disposable live-79 Supabase	2026-09-07T21:33:50.3649508Z a014880b262f: Verifying Checksum
physical-device-ui-proof	Reconstruct disposable live-79 Supabase	2026-09-07T21:33:50.3652366Z a014880b262f: Download complete
physical-device-ui-proof	Reconstruct disposable live-79 Supabase	2026-09-07T21:33:50.3782675Z 565df2d910df: Verifying Checksum
physical-device-ui-proof	Reconstruct disposable live-79 Supabase	2026-09-07T21:33:50.3783635Z 565df2d910df: Download complete
physical-device-ui-proof	Reconstruct disposable live-79 Supabase	2026-09-07T21:33:50.7212028Z 1278e66a267c: Verifying Checksum
physical-device-ui-proof	Reconstruct disposable live-79 Supabase	2026-09-07T21:33:50.7213520Z 1278e66a267c: Download complete
physical-device-ui-proof	Reconstruct disposable live-79 Supabase	2026-09-07T21:33:50.7228014Z dc286a8aa197: Verifying Checksum
physical-device-ui-proof	Reconstruct disposable live-79 Supabase	2026-09-07T21:33:50.7232719Z dc286a8aa197: Download complete
physical-device-ui-proof	Reconstruct disposable live-79 Supabase	2026-09-07T21:33:50.8122189Z 518a41cba818: Download complete
physical-device-ui-proof	Reconstruct disposable live-79 Supabase	2026-09-07T21:33:50.8966937Z 44c4479b4ddc: Verifying Checksum
physical-device-ui-proof	Reconstruct disposable live-79 Supabase	2026-09-07T21:33:50.8968396Z 44c4479b4ddc: Download complete
physical-device-ui-proof	Reconstruct disposable live-79 Supabase	2026-09-07T21:33:50.9800358Z dbd229483e61: Verifying Checksum
physical-device-ui-proof	Reconstruct disposable live-79 Supabase	2026-09-07T21:33:50.9802343Z dbd229483e61: Download complete
physical-device-ui-proof	Reconstruct disposable live-79 Supabase	2026-09-07T21:33:51.0586804Z f4e2bfbd8bcd: Verifying Checksum
physical-device-ui-proof	Reconstruct disposable live-79 Supabase	2026-09-07T21:33:51.0590815Z f4e2bfbd8bcd: Download complete
physical-device-ui-proof	Reconstruct disposable live-79 Supabase	2026-09-07T21:33:51.0818292Z 5f05fbb94ac9: Verifying Checksum
physical-device-ui-proof	Reconstruct disposable live-79 Supabase	2026-09-07T21:33:51.0818940Z 5f05fbb94ac9: Download complete
physical-device-ui-proof	Reconstruct disposable live-79 Supabase	2026-09-07T21:33:51.1686894Z 565df2d910df: Pull complete
physical-device-ui-proof	Reconstruct disposable live-79 Supabase	2026-09-07T21:33:51.2296900Z 3f609ae12598: Download complete
physical-device-ui-proof	Reconstruct disposable live-79 Supabase	2026-09-07T21:33:51.2578948Z c80645774acf: Verifying Checksum
physical-device-ui-proof	Reconstruct disposable live-79 Supabase	2026-09-07T21:33:51.2579680Z c80645774acf: Download complete
physical-device-ui-proof	Reconstruct disposable live-79 Supabase	2026-09-07T21:33:51.4056436Z 5e731b050e43: Verifying Checksum
physical-device-ui-proof	Reconstruct disposable live-79 Supabase	2026-09-07T21:33:51.4060815Z 5e731b050e43: Download complete
physical-device-ui-proof	Reconstruct disposable live-79 Supabase	2026-09-07T21:33:51.5189442Z 0f248d4fdffd: Verifying Checksum
physical-device-ui-proof	Reconstruct disposable live-79 Supabase	2026-09-07T21:33:51.5200776Z 0f248d4fdffd: Download complete
physical-device-ui-proof	Reconstruct disposable live-79 Supabase	2026-09-07T21:33:51.5827109Z 6db964937c43: Verifying Checksum
physical-device-ui-proof	Reconstruct disposable live-79 Supabase	2026-09-07T21:33:51.5830156Z 6db964937c43: Download complete
physical-device-ui-proof	Reconstruct disposable live-79 Supabase	2026-09-07T21:33:51.6502445Z 521c5280947c: Verifying Checksum
physical-device-ui-proof	Reconstruct disposable live-79 Supabase	2026-09-07T21:33:51.6505775Z 521c5280947c: Download complete
physical-device-ui-proof	Reconstruct disposable live-79 Supabase	2026-09-07T21:33:51.7919983Z cecc09177dca: Verifying Checksum
physical-device-ui-proof	Reconstruct disposable live-79 Supabase	2026-09-07T21:33:51.7921000Z cecc09177dca: Download complete
physical-device-ui-proof	Reconstruct disposable live-79 Supabase	2026-09-07T21:33:51.8259399Z 3adfb80f0287: Verifying Checksum
physical-device-ui-proof	Reconstruct disposable live-79 Supabase	2026-09-07T21:33:51.8260507Z 3adfb80f0287: Download complete
physical-device-ui-proof	Reconstruct disposable live-79 Supabase	2026-09-07T21:33:51.9218251Z dc286a8aa197: Pull complete
physical-device-ui-proof	Reconstruct disposable live-79 Supabase	2026-09-07T21:33:51.9243051Z 78f6dd8aae59: Verifying Checksum
physical-device-ui-proof	Reconstruct disposable live-79 Supabase	2026-09-07T21:33:51.9246791Z 78f6dd8aae59: Download complete
physical-device-ui-proof	Reconstruct disposable live-79 Supabase	2026-09-07T21:33:51.9740256Z 868d43efe767: Verifying Checksum
physical-device-ui-proof	Reconstruct disposable live-79 Supabase	2026-09-07T21:33:51.9743103Z 868d43efe767: Download complete
physical-device-ui-proof	Reconstruct disposable live-79 Supabase	2026-09-07T21:33:52.1166817Z 119d43eec815: Verifying Checksum
physical-device-ui-proof	Reconstruct disposable live-79 Supabase	2026-09-07T21:33:52.1167576Z 119d43eec815: Download complete
physical-device-ui-proof	Reconstruct disposable live-79 Supabase	2026-09-07T21:33:52.1668327Z 9ea61687a3a0: Verifying Checksum
physical-device-ui-proof	Reconstruct disposable live-79 Supabase	2026-09-07T21:33:52.1673164Z 9ea61687a3a0: Download complete
physical-device-ui-proof	Reconstruct disposable live-79 Supabase	2026-09-07T21:33:52.1722692Z 5cc11540fc65: Verifying Checksum
physical-device-ui-proof	Reconstruct disposable live-79 Supabase	2026-09-07T21:33:52.1723585Z 5cc11540fc65: Download complete
physical-device-ui-proof	Reconstruct disposable live-79 Supabase	2026-09-07T21:33:52.3557886Z f2955455e628: Verifying Checksum
physical-device-ui-proof	Reconstruct disposable live-79 Supabase	2026-09-07T21:33:52.3559535Z f2955455e628: Download complete
physical-device-ui-proof	Reconstruct disposable live-79 Supabase	2026-09-07T21:33:52.5450894Z a7b1a0a461fc: Verifying Checksum
physical-device-ui-proof	Reconstruct disposable live-79 Supabase	2026-09-07T21:33:52.5453192Z a7b1a0a461fc: Download complete
physical-device-ui-proof	Reconstruct disposable live-79 Supabase	2026-09-07T21:33:52.7463100Z c895300000d9: Verifying Checksum
physical-device-ui-proof	Reconstruct disposable live-79 Supabase	2026-09-07T21:33:52.7464086Z c895300000d9: Download complete
physical-device-ui-proof	Reconstruct disposable live-79 Supabase	2026-09-07T21:33:52.7596238Z cf5270183f88: Verifying Checksum
physical-device-ui-proof	Reconstruct disposable live-79 Supabase	2026-09-07T21:33:52.7598774Z cf5270183f88: Download complete
physical-device-ui-proof	Reconstruct disposable live-79 Supabase	2026-09-07T21:33:52.8343997Z 7e63fbbc2e50: Verifying Checksum
physical-device-ui-proof	Reconstruct disposable live-79 Supabase	2026-09-07T21:33:52.8346184Z 7e63fbbc2e50: Download complete
physical-device-ui-proof	Reconstruct disposable live-79 Supabase	2026-09-07T21:33:52.9140115Z 4f4fb700ef54: Download complete
physical-device-ui-proof	Reconstruct disposable live-79 Supabase	2026-09-07T21:33:53.0038365Z f623498ee610: Verifying Checksum
physical-device-ui-proof	Reconstruct disposable live-79 Supabase	2026-09-07T21:33:53.0039103Z f623498ee610: Download complete
physical-device-ui-proof	Reconstruct disposable live-79 Supabase	2026-09-07T21:33:53.0121917Z 213ec9aee27d: Verifying Checksum
physical-device-ui-proof	Reconstruct disposable live-79 Supabase	2026-09-07T21:33:53.0122688Z 213ec9aee27d: Download complete
physical-device-ui-proof	Reconstruct disposable live-79 Supabase	2026-09-07T21:33:53.0774912Z a70653f7a2d5: Verifying Checksum
physical-device-ui-proof	Reconstruct disposable live-79 Supabase	2026-09-07T21:33:53.0775804Z a70653f7a2d5: Download complete
physical-device-ui-proof	Reconstruct disposable live-79 Supabase	2026-09-07T21:33:53.1861155Z 814dd06d26c7: Verifying Checksum
physical-device-ui-proof	Reconstruct disposable live-79 Supabase	2026-09-07T21:33:53.1863081Z 814dd06d26c7: Download complete
physical-device-ui-proof	Reconstruct disposable live-79 Supabase	2026-09-07T21:33:53.3166303Z 95403727e7d4: Verifying Checksum
physical-device-ui-proof	Reconstruct disposable live-79 Supabase	2026-09-07T21:33:53.3167548Z 95403727e7d4: Download complete
physical-device-ui-proof	Reconstruct disposable live-79 Supabase	2026-09-07T21:33:53.3465834Z 531e3bd93090: Verifying Checksum
physical-device-ui-proof	Reconstruct disposable live-79 Supabase	2026-09-07T21:33:53.3466632Z 531e3bd93090: Download complete
physical-device-ui-proof	Reconstruct disposable live-79 Supabase	2026-09-07T21:33:53.3636876Z e326d083c2c9: Verifying Checksum
physical-device-ui-proof	Reconstruct disposable live-79 Supabase	2026-09-07T21:33:53.3637766Z e326d083c2c9: Download complete
physical-device-ui-proof	Reconstruct disposable live-79 Supabase	2026-09-07T21:33:53.6575485Z 213ec9aee27d: Pull complete
physical-device-ui-proof	Reconstruct disposable live-79 Supabase	2026-09-07T21:33:53.7265835Z 062e450697fa: Verifying Checksum
physical-device-ui-proof	Reconstruct disposable live-79 Supabase	2026-09-07T21:33:53.7267084Z 062e450697fa: Download complete
physical-device-ui-proof	Reconstruct disposable live-79 Supabase	2026-09-07T21:33:53.7472392Z 07f6c7f37eb7: Verifying Checksum
physical-device-ui-proof	Reconstruct disposable live-79 Supabase	2026-09-07T21:33:53.7473090Z 07f6c7f37eb7: Download complete
physical-device-ui-proof	Reconstruct disposable live-79 Supabase	2026-09-07T21:33:53.7884899Z 518a41cba818: Pull complete
physical-device-ui-proof	Reconstruct disposable live-79 Supabase	2026-09-07T21:33:53.8737444Z aadc1df55248: Verifying Checksum
physical-device-ui-proof	Reconstruct disposable live-79 Supabase	2026-09-07T21:33:53.8738195Z aadc1df55248: Download complete
physical-device-ui-proof	Reconstruct disposable live-79 Supabase	2026-09-07T21:33:53.9329773Z 219bccc39f10: Verifying Checksum
physical-device-ui-proof	Reconstruct disposable live-79 Supabase	2026-09-07T21:33:53.9338565Z 219bccc39f10: Download complete
physical-device-ui-proof	Reconstruct disposable live-79 Supabase	2026-09-07T21:33:53.9448132Z 9d445f162b30: Verifying Checksum
physical-device-ui-proof	Reconstruct disposable live-79 Supabase	2026-09-07T21:33:53.9450041Z 9d445f162b30: Download complete
physical-device-ui-proof	Reconstruct disposable live-79 Supabase	2026-09-07T21:33:54.0885786Z f066bdfa8565: Verifying Checksum
physical-device-ui-proof	Reconstruct disposable live-79 Supabase	2026-09-07T21:33:54.0888382Z f066bdfa8565: Download complete
physical-device-ui-proof	Reconstruct disposable live-79 Supabase	2026-09-07T21:33:54.1216219Z e39a20378c07: Verifying Checksum
physical-device-ui-proof	Reconstruct disposable live-79 Supabase	2026-09-07T21:33:54.1217750Z e39a20378c07: Download complete
physical-device-ui-proof	Reconstruct disposable live-79 Supabase	2026-09-07T21:33:54.1229061Z 0ced55f3e717: Verifying Checksum
physical-device-ui-proof	Reconstruct disposable live-79 Supabase	2026-09-07T21:33:54.1229674Z 0ced55f3e717: Download complete
physical-device-ui-proof	Reconstruct disposable live-79 Supabase	2026-09-07T21:33:54.2756281Z 4683247db99b: Verifying Checksum
physical-device-ui-proof	Reconstruct disposable live-79 Supabase	2026-09-07T21:33:54.2758025Z 4683247db99b: Download complete
physical-device-ui-proof	Reconstruct disposable live-79 Supabase	2026-09-07T21:33:54.2869369Z 62d958520b0b: Download complete
physical-device-ui-proof	Reconstruct disposable live-79 Supabase	2026-09-07T21:33:54.3729153Z ac006f7e52ef: Verifying Checksum
physical-device-ui-proof	Reconstruct disposable live-79 Supabase	2026-09-07T21:33:54.3730123Z ac006f7e52ef: Download complete
physical-device-ui-proof	Reconstruct disposable live-79 Supabase	2026-09-07T21:33:54.4488381Z 4f4fb700ef54: Verifying Checksum
physical-device-ui-proof	Reconstruct disposable live-79 Supabase	2026-09-07T21:33:54.4489347Z 4f4fb700ef54: Download complete
physical-device-ui-proof	Reconstruct disposable live-79 Supabase	2026-09-07T21:33:54.5262093Z bcf274f2d0ac: Verifying Checksum
physical-device-ui-proof	Reconstruct disposable live-79 Supabase	2026-09-07T21:33:54.5263718Z bcf274f2d0ac: Download complete
physical-device-ui-proof	Reconstruct disposable live-79 Supabase	2026-09-07T21:33:54.6298124Z 95403727e7d4: Pull complete
physical-device-ui-proof	Reconstruct disposable live-79 Supabase	2026-09-07T21:33:54.6355829Z a70653f7a2d5: Pull complete
physical-device-ui-proof	Reconstruct disposable live-79 Supabase	2026-09-07T21:33:54.6358823Z 1278e66a267c: Pull complete
physical-device-ui-proof	Reconstruct disposable live-79 Supabase	2026-09-07T21:33:54.7217764Z 60414ed24b30: Verifying Checksum
physical-device-ui-proof	Reconstruct disposable live-79 Supabase	2026-09-07T21:33:54.7220304Z 60414ed24b30: Download complete
physical-device-ui-proof	Reconstruct disposable live-79 Supabase	2026-09-07T21:33:54.7412975Z 44c4479b4ddc: Pull complete
physical-device-ui-proof	Reconstruct disposable live-79 Supabase	2026-09-07T21:33:54.7524537Z Digest: sha256:c0c25187a6b835e65a6f6e6c6b39d090e832d40e6de5186f2c038e0411944232
physical-device-ui-proof	Reconstruct disposable live-79 Supabase	2026-09-07T21:33:54.7526084Z Status: Downloaded newer image for ghcr.io/supabase/gotrue:v2.196.0
physical-device-ui-proof	Reconstruct disposable live-79 Supabase	2026-09-07T21:33:54.7588034Z 597c6c618d36: Verifying Checksum
physical-device-ui-proof	Reconstruct disposable live-79 Supabase	2026-09-07T21:33:54.7589835Z 597c6c618d36: Download complete
physical-device-ui-proof	Reconstruct disposable live-79 Supabase	2026-09-07T21:33:54.7693957Z ghcr.io/supabase/gotrue:v2.196.0
physical-device-ui-proof	Reconstruct disposable live-79 Supabase	2026-09-07T21:33:54.9442615Z c39190ba742d: Verifying Checksum
physical-device-ui-proof	Reconstruct disposable live-79 Supabase	2026-09-07T21:33:54.9445042Z c39190ba742d: Download complete
physical-device-ui-proof	Reconstruct disposable live-79 Supabase	2026-09-07T21:33:55.0289805Z bcf274f2d0ac: Pull complete
physical-device-ui-proof	Reconstruct disposable live-79 Supabase	2026-09-07T21:33:55.0489400Z Digest: sha256:5922bde07147b82b1c9d8f749e48c1e5b99ebb233f3888bb7ab65f07cf4ac82d
physical-device-ui-proof	Reconstruct disposable live-79 Supabase	2026-09-07T21:33:55.0492203Z Status: Downloaded newer image for ghcr.io/supabase/postgrest:v16.1
physical-device-ui-proof	Reconstruct disposable live-79 Supabase	2026-09-07T21:33:55.0538468Z ghcr.io/supabase/postgrest:v16.1
physical-device-ui-proof	Reconstruct disposable live-79 Supabase	2026-09-07T21:33:55.1769003Z e326d083c2c9: Pull complete
physical-device-ui-proof	Reconstruct disposable live-79 Supabase	2026-09-07T21:33:55.2120154Z Digest: sha256:37a38e48e9338cd7e89dfeb487f37b02ebfcd9cb23111bed2d345e79d37d6dd6
physical-device-ui-proof	Reconstruct disposable live-79 Supabase	2026-09-07T21:33:55.2162774Z Status: Downloaded newer image for ghcr.io/supabase/mailpit:v1.30.2
physical-device-ui-proof	Reconstruct disposable live-79 Supabase	2026-09-07T21:33:55.2254906Z ghcr.io/supabase/mailpit:v1.30.2
physical-device-ui-proof	Reconstruct disposable live-79 Supabase	2026-09-07T21:33:55.3640809Z 5f05fbb94ac9: Pull complete
physical-device-ui-proof	Reconstruct disposable live-79 Supabase	2026-09-07T21:33:55.4230781Z ba9e24d39072: Verifying Checksum
physical-device-ui-proof	Reconstruct disposable live-79 Supabase	2026-09-07T21:33:55.4346377Z ba9e24d39072: Download complete
physical-device-ui-proof	Reconstruct disposable live-79 Supabase	2026-09-07T21:33:55.4371390Z 0d29c829782d: Verifying Checksum
physical-device-ui-proof	Reconstruct disposable live-79 Supabase	2026-09-07T21:33:55.4372045Z 0d29c829782d: Download complete
physical-device-ui-proof	Reconstruct disposable live-79 Supabase	2026-09-07T21:33:55.6660768Z 5404bc2cc13c: Verifying Checksum
physical-device-ui-proof	Reconstruct disposable live-79 Supabase	2026-09-07T21:33:55.6662097Z 5404bc2cc13c: Verifying Checksum
physical-device-ui-proof	Reconstruct disposable live-79 Supabase	2026-09-07T21:33:55.6663376Z 5404bc2cc13c: Download complete
physical-device-ui-proof	Reconstruct disposable live-79 Supabase	2026-09-07T21:33:55.6665103Z 5404bc2cc13c: Download complete
physical-device-ui-proof	Reconstruct disposable live-79 Supabase	2026-09-07T21:33:55.6774432Z dbd229483e61: Pull complete
physical-device-ui-proof	Reconstruct disposable live-79 Supabase	2026-09-07T21:33:55.7863087Z f4e2bfbd8bcd: Pull complete
physical-device-ui-proof	Reconstruct disposable live-79 Supabase	2026-09-07T21:33:55.8616955Z 039e6f9f9752: Verifying Checksum
physical-device-ui-proof	Reconstruct disposable live-79 Supabase	2026-09-07T21:33:55.8633759Z 039e6f9f9752: Download complete
physical-device-ui-proof	Reconstruct disposable live-79 Supabase	2026-09-07T21:33:55.8639971Z 039e6f9f9752: Verifying Checksum
physical-device-ui-proof	Reconstruct disposable live-79 Supabase	2026-09-07T21:33:55.8640970Z 039e6f9f9752: Download complete
physical-device-ui-proof	Reconstruct disposable live-79 Supabase	2026-09-07T21:33:56.0180148Z 119d43eec815: Pull complete
physical-device-ui-proof	Reconstruct disposable live-79 Supabase	2026-09-07T21:33:56.1541787Z 8f99eb9866f3: Verifying Checksum
physical-device-ui-proof	Reconstruct disposable live-79 Supabase	2026-09-07T21:33:56.1544974Z 8f99eb9866f3: Verifying Checksum
physical-device-ui-proof	Reconstruct disposable live-79 Supabase	2026-09-07T21:33:56.1545786Z 8f99eb9866f3: Download complete
physical-device-ui-proof	Reconstruct disposable live-79 Supabase	2026-09-07T21:33:56.1595979Z 8f99eb9866f3: Download complete
physical-device-ui-proof	Reconstruct disposable live-79 Supabase	2026-09-07T21:33:56.2379137Z 555d35074583: Verifying Checksum
physical-device-ui-proof	Reconstruct disposable live-79 Supabase	2026-09-07T21:33:56.2379934Z 555d35074583: Download complete
physical-device-ui-proof	Reconstruct disposable live-79 Supabase	2026-09-07T21:33:56.2380924Z 555d35074583: Verifying Checksum
physical-device-ui-proof	Reconstruct disposable live-79 Supabase	2026-09-07T21:33:56.2381918Z 555d35074583: Download complete
physical-device-ui-proof	Reconstruct disposable live-79 Supabase	2026-09-07T21:33:56.3188749Z 662b1f44f1ee: Verifying Checksum
physical-device-ui-proof	Reconstruct disposable live-79 Supabase	2026-09-07T21:33:56.3189940Z 662b1f44f1ee: Download complete
physical-device-ui-proof	Reconstruct disposable live-79 Supabase	2026-09-07T21:33:56.3757616Z c0ed9f2d0e0e: Verifying Checksum
physical-device-ui-proof	Reconstruct disposable live-79 Supabase	2026-09-07T21:33:56.3758851Z c0ed9f2d0e0e: Verifying Checksum
physical-device-ui-proof	Reconstruct disposable live-79 Supabase	2026-09-07T21:33:56.3759634Z c0ed9f2d0e0e: Download complete
physical-device-ui-proof	Reconstruct disposable live-79 Supabase	2026-09-07T21:33:56.3763345Z c0ed9f2d0e0e: Download complete
physical-device-ui-proof	Reconstruct disposable live-79 Supabase	2026-09-07T21:33:56.5163666Z 4b118796ff6a: Verifying Checksum
physical-device-ui-proof	Reconstruct disposable live-79 Supabase	2026-09-07T21:33:56.5165341Z 4b118796ff6a: Download complete
physical-device-ui-proof	Reconstruct disposable live-79 Supabase	2026-09-07T21:33:56.5175131Z 23c96171f2fe: Verifying Checksum
physical-device-ui-proof	Reconstruct disposable live-79 Supabase	2026-09-07T21:33:56.5175941Z 23c96171f2fe: Download complete
physical-device-ui-proof	Reconstruct disposable live-79 Supabase	2026-09-07T21:33:56.7392175Z 753ab3b39a58: Verifying Checksum
physical-device-ui-proof	Reconstruct disposable live-79 Supabase	2026-09-07T21:33:56.7393956Z 753ab3b39a58: Download complete
physical-device-ui-proof	Reconstruct disposable live-79 Supabase	2026-09-07T21:33:56.7418479Z 7505145a46ec: Verifying Checksum
physical-device-ui-proof	Reconstruct disposable live-79 Supabase	2026-09-07T21:33:56.7419913Z 7505145a46ec: Download complete
physical-device-ui-proof	Reconstruct disposable live-79 Supabase	2026-09-07T21:33:56.7431973Z 5c18a8cdfd6b: Verifying Checksum
physical-device-ui-proof	Reconstruct disposable live-79 Supabase	2026-09-07T21:33:56.7434283Z 5c18a8cdfd6b: Download complete
physical-device-ui-proof	Reconstruct disposable live-79 Supabase	2026-09-07T21:33:56.9380187Z 512fd86e6200: Verifying Checksum
physical-device-ui-proof	Reconstruct disposable live-79 Supabase	2026-09-07T21:33:56.9381503Z 512fd86e6200: Download complete
physical-device-ui-proof	Reconstruct disposable live-79 Supabase	2026-09-07T21:33:57.1644307Z c0c4dc518956: Verifying Checksum
physical-device-ui-proof	Reconstruct disposable live-79 Supabase	2026-09-07T21:33:57.1646188Z c0c4dc518956: Download complete
physical-device-ui-proof	Reconstruct disposable live-79 Supabase	2026-09-07T21:33:57.5453807Z 1074353eec0d: Verifying Checksum
physical-device-ui-proof	Reconstruct disposable live-79 Supabase	2026-09-07T21:33:57.5454567Z 1074353eec0d: Download complete
physical-device-ui-proof	Reconstruct disposable live-79 Supabase	2026-09-07T21:33:57.7857328Z 062e450697fa: Pull complete
physical-device-ui-proof	Reconstruct disposable live-79 Supabase	2026-09-07T21:33:57.7919785Z 264588d8dd60: Verifying Checksum
physical-device-ui-proof	Reconstruct disposable live-79 Supabase	2026-09-07T21:33:57.7920819Z 264588d8dd60: Download complete
physical-device-ui-proof	Reconstruct disposable live-79 Supabase	2026-09-07T21:33:57.8120242Z cbf2f7f0a3ba: Verifying Checksum
physical-device-ui-proof	Reconstruct disposable live-79 Supabase	2026-09-07T21:33:57.8125887Z cbf2f7f0a3ba: Download complete
physical-device-ui-proof	Reconstruct disposable live-79 Supabase	2026-09-07T21:33:57.8317085Z b7d0efd3fc9c: Verifying Checksum
physical-device-ui-proof	Reconstruct disposable live-79 Supabase	2026-09-07T21:33:57.8318486Z b7d0efd3fc9c: Download complete
physical-device-ui-proof	Reconstruct disposable live-79 Supabase	2026-09-07T21:33:58.0265062Z c8a04bee2d5a: Verifying Checksum
physical-device-ui-proof	Reconstruct disposable live-79 Supabase	2026-09-07T21:33:58.0265898Z c8a04bee2d5a: Download complete
physical-device-ui-proof	Reconstruct disposable live-79 Supabase	2026-09-07T21:33:58.0573112Z 0179246107e3: Verifying Checksum
physical-device-ui-proof	Reconstruct disposable live-79 Supabase	2026-09-07T21:33:58.0574345Z 0179246107e3: Download complete
physical-device-ui-proof	Reconstruct disposable live-79 Supabase	2026-09-07T21:33:58.1254007Z 1074353eec0d: Pull complete
physical-device-ui-proof	Reconstruct disposable live-79 Supabase	2026-09-07T21:33:58.2943829Z 4f4fb700ef54: Verifying Checksum
physical-device-ui-proof	Reconstruct disposable live-79 Supabase	2026-09-07T21:33:58.2944778Z 4f4fb700ef54: Download complete
physical-device-ui-proof	Reconstruct disposable live-79 Supabase	2026-09-07T21:33:58.4360256Z 7b95344fc011: Verifying Checksum
physical-device-ui-proof	Reconstruct disposable live-79 Supabase	2026-09-07T21:33:58.4362848Z 7b95344fc011: Download complete
physical-device-ui-proof	Reconstruct disposable live-79 Supabase	2026-09-07T21:33:59.1172227Z 597c6c618d36: Pull complete
physical-device-ui-proof	Reconstruct disposable live-79 Supabase	2026-09-07T21:34:01.3227158Z 039e6f9f9752: Pull complete
physical-device-ui-proof	Reconstruct disposable live-79 Supabase	2026-09-07T21:34:01.3231524Z 039e6f9f9752: Pull complete
physical-device-ui-proof	Reconstruct disposable live-79 Supabase	2026-09-07T21:34:01.4827695Z 5404bc2cc13c: Pull complete
physical-device-ui-proof	Reconstruct disposable live-79 Supabase	2026-09-07T21:34:01.4828396Z 5404bc2cc13c: Pull complete
physical-device-ui-proof	Reconstruct disposable live-79 Supabase	2026-09-07T21:34:02.3070498Z cbf2f7f0a3ba: Pull complete
physical-device-ui-proof	Reconstruct disposable live-79 Supabase	2026-09-07T21:34:02.3288405Z 5cc11540fc65: Pull complete
physical-device-ui-proof	Reconstruct disposable live-79 Supabase	2026-09-07T21:34:02.4478516Z 9ea61687a3a0: Pull complete
physical-device-ui-proof	Reconstruct disposable live-79 Supabase	2026-09-07T21:34:03.2700658Z 531e3bd93090: Pull complete
physical-device-ui-proof	Reconstruct disposable live-79 Supabase	2026-09-07T21:34:03.3116043Z 814dd06d26c7: Pull complete
physical-device-ui-proof	Reconstruct disposable live-79 Supabase	2026-09-07T21:34:03.3350868Z Digest: sha256:1b53405d8680a09d6f44494b7990bf7da2ea43f84a258c59717d4539abf09f6d
physical-device-ui-proof	Reconstruct disposable live-79 Supabase	2026-09-07T21:34:03.3401200Z Status: Downloaded newer image for ghcr.io/supabase/kong:2.8.1
physical-device-ui-proof	Reconstruct disposable live-79 Supabase	2026-09-07T21:34:03.3412021Z ghcr.io/supabase/kong:2.8.1
physical-device-ui-proof	Reconstruct disposable live-79 Supabase	2026-09-07T21:34:04.7283641Z c39190ba742d: Pull complete
physical-device-ui-proof	Reconstruct disposable live-79 Supabase	2026-09-07T21:34:05.0331060Z 60414ed24b30: Pull complete
physical-device-ui-proof	Reconstruct disposable live-79 Supabase	2026-09-07T21:34:05.0620561Z 7b95344fc011: Pull complete
physical-device-ui-proof	Reconstruct disposable live-79 Supabase	2026-09-07T21:34:05.0955113Z 0179246107e3: Pull complete
physical-device-ui-proof	Reconstruct disposable live-79 Supabase	2026-09-07T21:34:05.1347084Z c8a04bee2d5a: Pull complete
physical-device-ui-proof	Reconstruct disposable live-79 Supabase	2026-09-07T21:34:05.1719150Z 4f4fb700ef54: Pull complete
physical-device-ui-proof	Reconstruct disposable live-79 Supabase	2026-09-07T21:34:05.1886111Z Digest: sha256:ca92d617e905953c3f852e7e88061f7039460e733522e3f0c21bc6ae946b2558
physical-device-ui-proof	Reconstruct disposable live-79 Supabase	2026-09-07T21:34:05.1924943Z Status: Downloaded newer image for ghcr.io/supabase/vector:0.53.0-alpine
physical-device-ui-proof	Reconstruct disposable live-79 Supabase	2026-09-07T21:34:05.1949221Z ghcr.io/supabase/vector:0.53.0-alpine
physical-device-ui-proof	Reconstruct disposable live-79 Supabase	2026-09-07T21:34:05.5356265Z 521c5280947c: Pull complete
physical-device-ui-proof	Reconstruct disposable live-79 Supabase	2026-09-07T21:34:05.6265624Z 3f609ae12598: Pull complete
physical-device-ui-proof	Reconstruct disposable live-79 Supabase	2026-09-07T21:34:05.7917156Z c80645774acf: Pull complete
physical-device-ui-proof	Reconstruct disposable live-79 Supabase	2026-09-07T21:34:05.8209620Z 5e731b050e43: Pull complete
physical-device-ui-proof	Reconstruct disposable live-79 Supabase	2026-09-07T21:34:06.1150168Z 555d35074583: Pull complete
physical-device-ui-proof	Reconstruct disposable live-79 Supabase	2026-09-07T21:34:06.1152525Z 555d35074583: Pull complete
physical-device-ui-proof	Reconstruct disposable live-79 Supabase	2026-09-07T21:34:06.2858729Z 8f99eb9866f3: Pull complete
physical-device-ui-proof	Reconstruct disposable live-79 Supabase	2026-09-07T21:34:06.2859836Z 8f99eb9866f3: Pull complete
physical-device-ui-proof	Reconstruct disposable live-79 Supabase	2026-09-07T21:34:06.3087758Z c0ed9f2d0e0e: Pull complete
physical-device-ui-proof	Reconstruct disposable live-79 Supabase	2026-09-07T21:34:06.3088561Z c0ed9f2d0e0e: Pull complete
physical-device-ui-proof	Reconstruct disposable live-79 Supabase	2026-09-07T21:34:06.8680270Z 4b118796ff6a: Pull complete
physical-device-ui-proof	Reconstruct disposable live-79 Supabase	2026-09-07T21:34:06.8864315Z 23c96171f2fe: Pull complete
physical-device-ui-proof	Reconstruct disposable live-79 Supabase	2026-09-07T21:34:09.1905576Z 0f248d4fdffd: Pull complete
physical-device-ui-proof	Reconstruct disposable live-79 Supabase	2026-09-07T21:34:09.3069020Z 0d29c829782d: Pull complete
physical-device-ui-proof	Reconstruct disposable live-79 Supabase	2026-09-07T21:34:09.3874355Z 6db964937c43: Pull complete
physical-device-ui-proof	Reconstruct disposable live-79 Supabase	2026-09-07T21:34:10.7195648Z aadc1df55248: Pull complete
physical-device-ui-proof	Reconstruct disposable live-79 Supabase	2026-09-07T21:34:11.7257945Z 07f6c7f37eb7: Pull complete
physical-device-ui-proof	Reconstruct disposable live-79 Supabase	2026-09-07T21:34:11.7734804Z 219bccc39f10: Pull complete
physical-device-ui-proof	Reconstruct disposable live-79 Supabase	2026-09-07T21:34:11.8347231Z 9d445f162b30: Pull complete
physical-device-ui-proof	Reconstruct disposable live-79 Supabase	2026-09-07T21:34:11.8988264Z f066bdfa8565: Pull complete
physical-device-ui-proof	Reconstruct disposable live-79 Supabase	2026-09-07T21:34:11.9903290Z 0ced55f3e717: Pull complete
physical-device-ui-proof	Reconstruct disposable live-79 Supabase	2026-09-07T21:34:12.0230781Z e39a20378c07: Pull complete
physical-device-ui-proof	Reconstruct disposable live-79 Supabase	2026-09-07T21:34:12.0687730Z 4683247db99b: Pull complete
physical-device-ui-proof	Reconstruct disposable live-79 Supabase	2026-09-07T21:34:14.1115573Z 753ab3b39a58: Pull complete
physical-device-ui-proof	Reconstruct disposable live-79 Supabase	2026-09-07T21:34:15.1327793Z 5c18a8cdfd6b: Pull complete
physical-device-ui-proof	Reconstruct disposable live-79 Supabase	2026-09-07T21:34:15.1834071Z 7505145a46ec: Pull complete
physical-device-ui-proof	Reconstruct disposable live-79 Supabase	2026-09-07T21:34:15.2121978Z Digest: sha256:cef71ba901751dcc242cc685cf13786935ea8926820fb342f23bb0fbef77de5a
physical-device-ui-proof	Reconstruct disposable live-79 Supabase	2026-09-07T21:34:15.2123193Z Status: Downloaded newer image for ghcr.io/supabase/postgres-meta:v0.98.0
physical-device-ui-proof	Reconstruct disposable live-79 Supabase	2026-09-07T21:34:15.2199093Z ghcr.io/supabase/postgres-meta:v0.98.0
physical-device-ui-proof	Reconstruct disposable live-79 Supabase	2026-09-07T21:34:15.3072201Z ac006f7e52ef: Pull complete
physical-device-ui-proof	Reconstruct disposable live-79 Supabase	2026-09-07T21:34:15.3752773Z 62d958520b0b: Pull complete
physical-device-ui-proof	Reconstruct disposable live-79 Supabase	2026-09-07T21:34:15.3898491Z 4f4fb700ef54: Pull complete
physical-device-ui-proof	Reconstruct disposable live-79 Supabase	2026-09-07T21:34:15.3990989Z Digest: sha256:3211f8ebd59edcd0aa772186f1c8249c82c6b1ae5565f40dedb7aa93e951fe37
physical-device-ui-proof	Reconstruct disposable live-79 Supabase	2026-09-07T21:34:15.3992552Z Status: Downloaded newer image for ghcr.io/supabase/realtime:v2.129.3
physical-device-ui-proof	Reconstruct disposable live-79 Supabase	2026-09-07T21:34:15.4044439Z ghcr.io/supabase/realtime:v2.129.3
physical-device-ui-proof	Reconstruct disposable live-79 Supabase	2026-09-07T21:34:16.8846264Z 662b1f44f1ee: Pull complete
physical-device-ui-proof	Reconstruct disposable live-79 Supabase	2026-09-07T21:34:16.8903920Z 7e63fbbc2e50: Pull complete
physical-device-ui-proof	Reconstruct disposable live-79 Supabase	2026-09-07T21:34:16.9125911Z f2955455e628: Pull complete
physical-device-ui-proof	Reconstruct disposable live-79 Supabase	2026-09-07T21:34:17.6243782Z ba9e24d39072: Pull complete
physical-device-ui-proof	Reconstruct disposable live-79 Supabase	2026-09-07T21:34:17.6311228Z Digest: sha256:c52405002a890ca9fcf77978671c57f3a988e03174afb277f84ac65bc917013c
physical-device-ui-proof	Reconstruct disposable live-79 Supabase	2026-09-07T21:34:17.6312999Z Status: Downloaded newer image for ghcr.io/supabase/edge-runtime:v1.74.3
physical-device-ui-proof	Reconstruct disposable live-79 Supabase	2026-09-07T21:34:17.6370820Z ghcr.io/supabase/edge-runtime:v1.74.3
physical-device-ui-proof	Reconstruct disposable live-79 Supabase	2026-09-07T21:34:17.9363156Z b7d0efd3fc9c: Pull complete
physical-device-ui-proof	Reconstruct disposable live-79 Supabase	2026-09-07T21:34:17.9365255Z a7b1a0a461fc: Pull complete
physical-device-ui-proof	Reconstruct disposable live-79 Supabase	2026-09-07T21:34:18.7344110Z c895300000d9: Pull complete
physical-device-ui-proof	Reconstruct disposable live-79 Supabase	2026-09-07T21:34:18.8042213Z cf5270183f88: Pull complete
physical-device-ui-proof	Reconstruct disposable live-79 Supabase	2026-09-07T21:34:18.8186946Z 4f4fb700ef54: Pull complete
physical-device-ui-proof	Reconstruct disposable live-79 Supabase	2026-09-07T21:34:18.8376663Z f623498ee610: Pull complete
physical-device-ui-proof	Reconstruct disposable live-79 Supabase	2026-09-07T21:34:18.8419182Z Digest: sha256:758946be2bb7622b2ab2ed8408f5024871a5463ceb03326ec56fb9d4a1651c02
physical-device-ui-proof	Reconstruct disposable live-79 Supabase	2026-09-07T21:34:18.8428588Z Status: Downloaded newer image for ghcr.io/supabase/logflare:1.50.4
physical-device-ui-proof	Reconstruct disposable live-79 Supabase	2026-09-07T21:34:18.8429664Z ghcr.io/supabase/logflare:1.50.4
physical-device-ui-proof	Reconstruct disposable live-79 Supabase	2026-09-07T21:34:19.0309651Z c0c4dc518956: Pull complete
physical-device-ui-proof	Reconstruct disposable live-79 Supabase	2026-09-07T21:34:19.0439800Z 512fd86e6200: Pull complete
physical-device-ui-proof	Reconstruct disposable live-79 Supabase	2026-09-07T21:34:23.2835273Z 622a75c3aad4: Pull complete
physical-device-ui-proof	Reconstruct disposable live-79 Supabase	2026-09-07T21:34:23.3711178Z e733eb89dc5d: Pull complete
physical-device-ui-proof	Reconstruct disposable live-79 Supabase	2026-09-07T21:34:23.4019569Z b5c055a53a29: Pull complete
physical-device-ui-proof	Reconstruct disposable live-79 Supabase	2026-09-07T21:34:23.4224979Z de155361b339: Pull complete
physical-device-ui-proof	Reconstruct disposable live-79 Supabase	2026-09-07T21:34:23.4763599Z ba6e4ed5f64f: Pull complete
physical-device-ui-proof	Reconstruct disposable live-79 Supabase	2026-09-07T21:34:23.5035501Z 753ec53a43d5: Pull complete
physical-device-ui-proof	Reconstruct disposable live-79 Supabase	2026-09-07T21:34:23.5479397Z 23f574a925bf: Pull complete
physical-device-ui-proof	Reconstruct disposable live-79 Supabase	2026-09-07T21:34:23.5607798Z 782b84fd67df: Pull complete
physical-device-ui-proof	Reconstruct disposable live-79 Supabase	2026-09-07T21:34:23.5762947Z d59fb9edf862: Pull complete
physical-device-ui-proof	Reconstruct disposable live-79 Supabase	2026-09-07T21:34:23.5890418Z 6aa1b655ba9f: Pull complete
physical-device-ui-proof	Reconstruct disposable live-79 Supabase	2026-09-07T21:34:23.6066966Z a20c7d9fd396: Pull complete
physical-device-ui-proof	Reconstruct disposable live-79 Supabase	2026-09-07T21:34:23.6209652Z 5b1cd4d117f8: Pull complete
physical-device-ui-proof	Reconstruct disposable live-79 Supabase	2026-09-07T21:34:23.6341515Z 33a6ab621c21: Pull complete
physical-device-ui-proof	Reconstruct disposable live-79 Supabase	2026-09-07T21:34:23.6555496Z cb9ce6281bc1: Pull complete
physical-device-ui-proof	Reconstruct disposable live-79 Supabase	2026-09-07T21:34:23.6691237Z d055522c5978: Pull complete
physical-device-ui-proof	Reconstruct disposable live-79 Supabase	2026-09-07T21:34:23.6810893Z c6616e1dace0: Pull complete
physical-device-ui-proof	Reconstruct disposable live-79 Supabase	2026-09-07T21:34:23.6928842Z 2897e8a71341: Pull complete
physical-device-ui-proof	Reconstruct disposable live-79 Supabase	2026-09-07T21:34:23.7049994Z 34eb06d3d2a8: Pull complete
physical-device-ui-proof	Reconstruct disposable live-79 Supabase	2026-09-07T21:34:23.7176370Z 6a1e93e646cb: Pull complete
physical-device-ui-proof	Reconstruct disposable live-79 Supabase	2026-09-07T21:34:23.7310192Z 2257e3a0ac1d: Pull complete
physical-device-ui-proof	Reconstruct disposable live-79 Supabase	2026-09-07T21:34:23.7448721Z 8a1eeea57502: Pull complete
physical-device-ui-proof	Reconstruct disposable live-79 Supabase	2026-09-07T21:34:23.7792237Z 942b358a87cc: Pull complete
physical-device-ui-proof	Reconstruct disposable live-79 Supabase	2026-09-07T21:34:23.7916761Z c441bf744145: Pull complete
physical-device-ui-proof	Reconstruct disposable live-79 Supabase	2026-09-07T21:34:23.8038025Z cd4fb4ecd8d5: Pull complete
physical-device-ui-proof	Reconstruct disposable live-79 Supabase	2026-09-07T21:34:23.8173833Z 358c1e4decda: Pull complete
physical-device-ui-proof	Reconstruct disposable live-79 Supabase	2026-09-07T21:34:23.8328268Z a014880b262f: Pull complete
physical-device-ui-proof	Reconstruct disposable live-79 Supabase	2026-09-07T21:34:23.8373811Z Digest: sha256:28f0e16a019e648089fc1a6d333549a55548f6019c15ae4bd7cd58b989027518
physical-device-ui-proof	Reconstruct disposable live-79 Supabase	2026-09-07T21:34:23.8388814Z Status: Downloaded newer image for ghcr.io/supabase/postgres:17.6.1.165
physical-device-ui-proof	Reconstruct disposable live-79 Supabase	2026-09-07T21:34:23.8397601Z ghcr.io/supabase/postgres:17.6.1.165
physical-device-ui-proof	Reconstruct disposable live-79 Supabase	2026-09-07T21:34:28.3493666Z 264588d8dd60: Pull complete
physical-device-ui-proof	Reconstruct disposable live-79 Supabase	2026-09-07T21:34:28.3536055Z Digest: sha256:08dc77f12e08faacc55960fef1dce37fa73d16acb52abeb216aa23dc5e70824b
physical-device-ui-proof	Reconstruct disposable live-79 Supabase	2026-09-07T21:34:28.3547967Z Status: Downloaded newer image for ghcr.io/supabase/studio:2026.08.17-sha-0c1da8f
physical-device-ui-proof	Reconstruct disposable live-79 Supabase	2026-09-07T21:34:28.3557453Z ghcr.io/supabase/studio:2026.08.17-sha-0c1da8f
physical-device-ui-proof	Reconstruct disposable live-79 Supabase	2026-09-07T21:34:38.0438627Z 78f6dd8aae59: Pull complete
physical-device-ui-proof	Reconstruct disposable live-79 Supabase	2026-09-07T21:34:38.3688788Z cecc09177dca: Pull complete
physical-device-ui-proof	Reconstruct disposable live-79 Supabase	2026-09-07T21:34:38.3804282Z 3adfb80f0287: Pull complete
physical-device-ui-proof	Reconstruct disposable live-79 Supabase	2026-09-07T21:34:38.3901221Z 868d43efe767: Pull complete
physical-device-ui-proof	Reconstruct disposable live-79 Supabase	2026-09-07T21:34:38.3981825Z Digest: sha256:528ec49c3c32561908b07ee91bced7f8456f3b688164e341eaa422441767a0bd
physical-device-ui-proof	Reconstruct disposable live-79 Supabase	2026-09-07T21:34:38.3993586Z Status: Downloaded newer image for ghcr.io/supabase/storage-api:v1.70.3
physical-device-ui-proof	Reconstruct disposable live-79 Supabase	2026-09-07T21:34:38.4001004Z ghcr.io/supabase/storage-api:v1.70.3
physical-device-ui-proof	Reconstruct disposable live-79 Supabase	2026-09-07T21:34:38.4234972Z Starting database...
physical-device-ui-proof	Reconstruct disposable live-79 Supabase	2026-09-07T21:34:48.9837518Z Initialising schema...
physical-device-ui-proof	Reconstruct disposable live-79 Supabase	2026-09-07T21:34:54.2032845Z Seeding globals from roles.sql...
physical-device-ui-proof	Reconstruct disposable live-79 Supabase	2026-09-07T21:34:54.2154365Z Applying migration 20260825000000_ru5_device_live_bootstrap.sql...
physical-device-ui-proof	Reconstruct disposable live-79 Supabase	2026-09-07T21:34:54.2297900Z Applying migration 20260825115040_cloud_profile_foundation_1_3b.sql...
physical-device-ui-proof	Reconstruct disposable live-79 Supabase	2026-09-07T21:34:54.3019000Z Applying migration 20260825115602_lock_down_auth_trigger_functions_1_3b.sql...
physical-device-ui-proof	Reconstruct disposable live-79 Supabase	2026-09-07T21:34:54.3106635Z Applying migration 20260829183528_clean_security_hardening.sql...
physical-device-ui-proof	Reconstruct disposable live-79 Supabase	2026-09-07T21:34:54.3157080Z Applying migration 20260829183551_clean_need_foundation.sql...
physical-device-ui-proof	Reconstruct disposable live-79 Supabase	2026-09-07T21:34:54.3309492Z Applying migration 20260829183609_clean_response_foundation.sql...
physical-device-ui-proof	Reconstruct disposable live-79 Supabase	2026-09-07T21:34:54.3424947Z Applying migration 20260829183633_clean_agreement_foundation.sql...
physical-device-ui-proof	Reconstruct disposable live-79 Supabase	2026-09-07T21:34:54.3608338Z Applying migration 20260829183651_clean_directional_access_grants.sql...
physical-device-ui-proof	Reconstruct disposable live-79 Supabase	2026-09-07T21:34:54.3696395Z Applying migration 20260829183711_clean_ai_persistence.sql...
physical-device-ui-proof	Reconstruct disposable live-79 Supabase	2026-09-07T21:34:54.3839977Z Applying migration 20260829183740_clean_rls_policies.sql...
physical-device-ui-proof	Reconstruct disposable live-79 Supabase	2026-09-07T21:34:54.4007544Z Applying migration 20260829183816_clean_rpc_selection.sql...
physical-device-ui-proof	Reconstruct disposable live-79 Supabase	2026-09-07T21:34:54.4156894Z Applying migration 20260829183947_clean_rpc_agreement_lifecycle.sql...
physical-device-ui-proof	Reconstruct disposable live-79 Supabase	2026-09-07T21:34:54.4290403Z Applying migration 20260829184024_clean_rpc_ai_intake.sql...
physical-device-ui-proof	Reconstruct disposable live-79 Supabase	2026-09-07T21:34:54.4406550Z Applying migration 20260829184132_clean_revoke_public_execute.sql...
physical-device-ui-proof	Reconstruct disposable live-79 Supabase	2026-09-07T21:34:54.4453316Z Applying migration 20260829184203_clean_revoke_helper_execute_from_authenticated.sql...
physical-device-ui-proof	Reconstruct disposable live-79 Supabase	2026-09-07T21:34:54.4496546Z Applying migration 20260829185334_clean_updated_at_triggers.sql...
physical-device-ui-proof	Reconstruct disposable live-79 Supabase	2026-09-07T21:34:54.4565635Z Applying migration 20260829185354_clean_need_selection_completeness.sql...
physical-device-ui-proof	Reconstruct disposable live-79 Supabase	2026-09-07T21:34:54.4653090Z Applying migration 20260829185434_clean_selection_rpc_alignment.sql...
physical-device-ui-proof	Reconstruct disposable live-79 Supabase	2026-09-07T21:34:54.4844301Z Applying migration 20260829210453_clean_events_and_notifications.sql...
physical-device-ui-proof	Reconstruct disposable live-79 Supabase	2026-09-07T21:34:54.5081240Z Applying migration 20260829210536_clean_emit_event_engine.sql...
physical-device-ui-proof	Reconstruct disposable live-79 Supabase	2026-09-07T21:34:54.5202517Z Applying migration 20260829210602_clean_needs_schema_completion.sql...
physical-device-ui-proof	Reconstruct disposable live-79 Supabase	2026-09-07T21:34:54.5285932Z Applying migration 20260829210650_clean_geo_foundation.sql...
physical-device-ui-proof	Reconstruct disposable live-79 Supabase	2026-09-07T21:34:54.9376007Z Applying migration 20260829211203_clean_geo_foundation_repair.sql...
physical-device-ui-proof	Reconstruct disposable live-79 Supabase	2026-09-07T21:34:55.3400685Z Applying migration 20260829211420_clean_dispatch_foundation.sql...
physical-device-ui-proof	Reconstruct disposable live-79 Supabase	2026-09-07T21:34:55.3584129Z Applying migration 20260829211632_clean_dispatch_engine.sql...
physical-device-ui-proof	Reconstruct disposable live-79 Supabase	2026-09-07T21:34:55.3885873Z Applying migration 20260829211737_clean_dispatch_wave.sql...
physical-device-ui-proof	Reconstruct disposable live-79 Supabase	2026-09-07T21:34:55.4167882Z Applying migration 20260829211904_clean_urgency_projection.sql...
physical-device-ui-proof	Reconstruct disposable live-79 Supabase	2026-09-07T21:34:55.4304842Z Applying migration 20260829211956_clean_urgent_min_choice_floor.sql...
physical-device-ui-proof	Reconstruct disposable live-79 Supabase	2026-09-07T21:34:55.4476226Z Applying migration 20260829212146_clean_scheduled_lifecycle.sql...
physical-device-ui-proof	Reconstruct disposable live-79 Supabase	2026-09-07T21:34:55.4610262Z Applying migration 20260829212158_clean_cron_schedule.sql...
physical-device-ui-proof	Reconstruct disposable live-79 Supabase	2026-09-07T21:34:55.4857128Z Applying migration 20260829212807_clean_advisor_hardening.sql...
physical-device-ui-proof	Reconstruct disposable live-79 Supabase	2026-09-07T21:34:55.4917435Z Applying migration 20260830070448_clean_need_response_deadline_expiry.sql...
physical-device-ui-proof	Reconstruct disposable live-79 Supabase	2026-09-07T21:34:55.4980398Z Applying migration 20260830072818_clean_scoped_contact_reveal.sql...
physical-device-ui-proof	Reconstruct disposable live-79 Supabase	2026-09-07T21:34:55.5088089Z Applying migration 20260830072920_clean_grant_policy_inline.sql...
physical-device-ui-proof	Reconstruct disposable live-79 Supabase	2026-09-07T21:34:55.5141168Z Applying migration 20260830073615_clean_cancellation_privacy_and_wakeup.sql...
physical-device-ui-proof	Reconstruct disposable live-79 Supabase	2026-09-07T21:34:55.5227113Z Applying migration 20260830080947_clean_need_lifecycle_integrity.sql...
physical-device-ui-proof	Reconstruct disposable live-79 Supabase	2026-09-07T21:34:55.5328142Z Applying migration 20260830081035_clean_selection_eligibility_and_deadline.sql...
physical-device-ui-proof	Reconstruct disposable live-79 Supabase	2026-09-07T21:34:55.5412211Z Applying migration 20260830081300_clean_authoritative_response_submit.sql...
physical-device-ui-proof	Reconstruct disposable live-79 Supabase	2026-09-07T21:34:55.5627749Z Applying migration 20260830172000_clean_p1_cancel_withdraw_closure.sql...
physical-device-ui-proof	Reconstruct disposable live-79 Supabase	2026-09-07T21:34:55.6153804Z Applying migration 20260830173000_clean_authoritative_mutation_boundary.sql...
physical-device-ui-proof	Reconstruct disposable live-79 Supabase	2026-09-07T21:34:55.6290657Z Applying migration 20260830174000_clean_repair_authority_boundary.sql...
physical-device-ui-proof	Reconstruct disposable live-79 Supabase	2026-09-07T21:34:55.6577040Z Applying migration 20260830174500_clean_ai_insert_authority_closure.sql...
physical-device-ui-proof	Reconstruct disposable live-79 Supabase	2026-09-07T21:34:55.6622426Z Applying migration 20260830191500_clean_p0_authoritative_fixes.sql...
physical-device-ui-proof	Reconstruct disposable live-79 Supabase	2026-09-07T21:34:55.6784527Z Applying migration 20260830194000_clean_p2_read_layer_repair.sql...
physical-device-ui-proof	Reconstruct disposable live-79 Supabase	2026-09-07T21:34:55.6848959Z Applying migration 20260830202733_clean_pre_p4_provenance_reconciliation.sql...
physical-device-ui-proof	Reconstruct disposable live-79 Supabase	2026-09-07T21:34:55.6915304Z Applying migration 20260831110153_clean_pre_p4_participant_rls_repair.sql...
physical-device-ui-proof	Reconstruct disposable live-79 Supabase	2026-09-07T21:34:55.6979099Z Applying migration 20260831110701_clean_pre_p4_participant_rls_execution_contract.sql...
physical-device-ui-proof	Reconstruct disposable live-79 Supabase	2026-09-07T21:34:55.7042426Z Applying migration 20260831114338_clean_pre_p4_participant_rls_authenticated_proof.sql...
physical-device-ui-proof	Reconstruct disposable live-79 Supabase	2026-09-07T21:34:55.7162679Z Applying migration 20260831120157_clean_pre_p4_ai_confirmation_provenance.sql...
physical-device-ui-proof	Reconstruct disposable live-79 Supabase	2026-09-07T21:34:55.7273833Z Applying migration 20260901091438_client_command_authority_closure.sql...
physical-device-ui-proof	Reconstruct disposable live-79 Supabase	2026-09-07T21:34:55.7367077Z Applying migration 20260901101056_client_agreement_workspace_closure.sql...
physical-device-ui-proof	Reconstruct disposable live-79 Supabase	2026-09-07T21:34:55.7538763Z Applying migration 20260901104722_clean_parent_need_completion_closure.sql...
physical-device-ui-proof	Reconstruct disposable live-79 Supabase	2026-09-07T21:34:55.7671451Z Applying migration 20260901105209_clean_single_writer_authority_closure.sql...
physical-device-ui-proof	Reconstruct disposable live-79 Supabase	2026-09-07T21:34:55.7739868Z Applying migration 20260901105922_clean_completion_and_writer_authenticated_proof.sql...
physical-device-ui-proof	Reconstruct disposable live-79 Supabase	2026-09-07T21:34:55.7781727Z Applying migration 20260901112607_clean_ai_interview_turn_persistence.sql...
physical-device-ui-proof	Reconstruct disposable live-79 Supabase	2026-09-07T21:34:55.7974224Z Applying migration 20260901113333_clean_ai_interview_turn_authenticated_proof.sql...
physical-device-ui-proof	Reconstruct disposable live-79 Supabase	2026-09-07T21:34:55.8016623Z Applying migration 20260901114029_clean_ai_fact_supersession_and_human_correction.sql...
physical-device-ui-proof	Reconstruct disposable live-79 Supabase	2026-09-07T21:34:55.8158831Z WARN: no files matched pattern: supabase/seed.sql
physical-device-ui-proof	Reconstruct disposable live-79 Supabase	2026-09-07T21:34:55.8184576Z Starting containers...
physical-device-ui-proof	Reconstruct disposable live-79 Supabase	2026-09-07T21:34:59.5223729Z Waiting for health checks...
physical-device-ui-proof	Reconstruct disposable live-79 Supabase	2026-09-07T21:35:17.0220803Z Started supabase local development setup.
physical-device-ui-proof	Reconstruct disposable live-79 Supabase	2026-09-07T21:35:17.0221121Z
physical-device-ui-proof	Reconstruct disposable live-79 Supabase	2026-09-07T21:35:17.0235927Z ╭──────────────────────────────────────╮
physical-device-ui-proof	Reconstruct disposable live-79 Supabase	2026-09-07T21:35:17.0236421Z │ 🔧 Development Tools                 │
physical-device-ui-proof	Reconstruct disposable live-79 Supabase	2026-09-07T21:35:17.0236849Z ├─────────┬────────────────────────────┤
physical-device-ui-proof	Reconstruct disposable live-79 Supabase	2026-09-07T21:35:17.0237270Z │ Studio  │ http://127.0.0.1:54323     │
physical-device-ui-proof	Reconstruct disposable live-79 Supabase	2026-09-07T21:35:17.0237670Z │ Mailpit │ http://127.0.0.1:54324     │
physical-device-ui-proof	Reconstruct disposable live-79 Supabase	2026-09-07T21:35:17.0238095Z │ MCP     │ http://127.0.0.1:54321/mcp │
physical-device-ui-proof	Reconstruct disposable live-79 Supabase	2026-09-07T21:35:17.0238485Z ╰─────────┴────────────────────────────╯
physical-device-ui-proof	Reconstruct disposable live-79 Supabase	2026-09-07T21:35:17.0238674Z
physical-device-ui-proof	Reconstruct disposable live-79 Supabase	2026-09-07T21:35:17.0238963Z ╭──────────────────────────────────────────────────────╮
physical-device-ui-proof	Reconstruct disposable live-79 Supabase	2026-09-07T21:35:17.0239429Z │ 🌐 APIs                                              │
physical-device-ui-proof	Reconstruct disposable live-79 Supabase	2026-09-07T21:35:17.0239896Z ├────────────────┬─────────────────────────────────────┤
physical-device-ui-proof	Reconstruct disposable live-79 Supabase	2026-09-07T21:35:17.0240362Z │ Project URL    │ http://127.0.0.1:54321              │
physical-device-ui-proof	Reconstruct disposable live-79 Supabase	2026-09-07T21:35:17.0240835Z │ REST           │ http://127.0.0.1:54321/rest/v1      │
physical-device-ui-proof	Reconstruct disposable live-79 Supabase	2026-09-07T21:35:17.0241830Z │ GraphQL        │ http://127.0.0.1:54321/graphql/v1   │
physical-device-ui-proof	Reconstruct disposable live-79 Supabase	2026-09-07T21:35:17.0242464Z │ Edge Functions │ http://127.0.0.1:54321/functions/v1 │
physical-device-ui-proof	Reconstruct disposable live-79 Supabase	2026-09-07T21:35:17.0243045Z ╰────────────────┴─────────────────────────────────────╯
physical-device-ui-proof	Reconstruct disposable live-79 Supabase	2026-09-07T21:35:17.0243324Z
physical-device-ui-proof	Reconstruct disposable live-79 Supabase	2026-09-07T21:35:17.0243633Z ╭───────────────────────────────────────────────────────────────╮
physical-device-ui-proof	Reconstruct disposable live-79 Supabase	2026-09-07T21:35:17.0244146Z │ ⛁ Database                                                    │
physical-device-ui-proof	Reconstruct disposable live-79 Supabase	2026-09-07T21:35:17.0244694Z ├─────┬─────────────────────────────────────────────────────────┤
physical-device-ui-proof	Reconstruct disposable live-79 Supabase	2026-09-07T21:35:17.0245807Z │ URL │ ***127.0.0.1:54322/postgres │
physical-device-ui-proof	Reconstruct disposable live-79 Supabase	2026-09-07T21:35:17.0246520Z ╰─────┴─────────────────────────────────────────────────────────╯
physical-device-ui-proof	Reconstruct disposable live-79 Supabase	2026-09-07T21:35:17.0246932Z
physical-device-ui-proof	Reconstruct disposable live-79 Supabase	2026-09-07T21:35:17.0247255Z ╭──────────────────────────────────────────────────────────────╮
physical-device-ui-proof	Reconstruct disposable live-79 Supabase	2026-09-07T21:35:17.0247797Z │ 🔑 Authentication Keys                                       │
physical-device-ui-proof	Reconstruct disposable live-79 Supabase	2026-09-07T21:35:17.0248335Z ├─────────────┬────────────────────────────────────────────────┤
physical-device-ui-proof	Reconstruct disposable live-79 Supabase	2026-09-07T21:35:17.0248701Z Local dev security notice
physical-device-ui-proof	Reconstruct disposable live-79 Supabase	2026-09-07T21:35:17.0249132Z All services bind to 0.0.0.0 (network-accessible, not just localhost)
physical-device-ui-proof	Reconstruct disposable live-79 Supabase	2026-09-07T21:35:17.0249691Z API keys and JWT secrets are shared defaults. Do not use in production
physical-device-ui-proof	Reconstruct disposable live-79 Supabase	2026-09-07T21:35:17.0250578Z Studio, pgMeta (/pg/*), and analytics have no authentication
physical-device-ui-proof	Reconstruct disposable live-79 Supabase	2026-09-07T21:35:17.0251053Z
physical-device-ui-proof	Reconstruct disposable live-79 Supabase	2026-09-07T21:35:17.0251823Z │ Publishable │ [REDACTED_SUPABASE_PUBLISHABLE_KEY] │
physical-device-ui-proof	Reconstruct disposable live-79 Supabase	2026-09-07T21:35:17.0254680Z │ Secret      │ [REDACTED_SUPABASE_SECRET_KEY]      │
physical-device-ui-proof	Reconstruct disposable live-79 Supabase	2026-09-07T21:35:17.0256085Z ╰─────────────┴────────────────────────────────────────────────╯
physical-device-ui-proof	Reconstruct disposable live-79 Supabase	2026-09-07T21:35:17.0256491Z
physical-device-ui-proof	Reconstruct disposable live-79 Supabase	2026-09-07T21:35:17.0257101Z ╭───────────────────────────────────────────────────────────────────────────────╮
physical-device-ui-proof	Reconstruct disposable live-79 Supabase	2026-09-07T21:35:17.0258118Z │ 📦 Storage (S3)                                                               │
physical-device-ui-proof	Reconstruct disposable live-79 Supabase	2026-09-07T21:35:17.0259149Z ├────────────┬──────────────────────────────────────────────────────────────────┤
physical-device-ui-proof	Reconstruct disposable live-79 Supabase	2026-09-07T21:35:17.0260342Z │ URL        │ http://127.0.0.1:54321/storage/v1/s3                             │
physical-device-ui-proof	Reconstruct disposable live-79 Supabase	2026-09-07T21:35:17.0261943Z │ Access Key │ 625729a08b95bf1b7ff351a663f3a23c                                 │
physical-device-ui-proof	Reconstruct disposable live-79 Supabase	2026-09-07T21:35:17.0262767Z │ Secret Key │ 850181e4652dd023b7a98c58ae0d2d34bd487ee0cc3254aed6eda37307425907 │
physical-device-ui-proof	Reconstruct disposable live-79 Supabase	2026-09-07T21:35:17.0263422Z │ Region     │ local                                                            │
physical-device-ui-proof	Reconstruct disposable live-79 Supabase	2026-09-07T21:35:17.0264081Z ╰────────────┴──────────────────────────────────────────────────────────────────╯
physical-device-ui-proof	Reconstruct disposable live-79 Supabase	2026-09-07T21:35:17.0305129Z A new version of Supabase CLI is available: v2.117.0 (currently installed v2.116.0)
physical-device-ui-proof	Reconstruct disposable live-79 Supabase	2026-09-07T21:35:17.5632112Z We recommend updating regularly for new features and bug fixes: https://supabase.com/docs/guides/cli/getting-started#updating-the-supabase-cli
physical-device-ui-proof	Reconstruct disposable live-79 Supabase	2026-09-07T21:35:17.5632914Z Resetting local database...
physical-device-ui-proof	Reconstruct disposable live-79 Supabase	2026-09-07T21:35:17.8601983Z Recreating database...
physical-device-ui-proof	Reconstruct disposable live-79 Supabase	2026-09-07T21:35:28.3949644Z Initialising schema...
physical-device-ui-proof	Reconstruct disposable live-79 Supabase	2026-09-07T21:35:34.6486013Z Seeding globals from roles.sql...
physical-device-ui-proof	Reconstruct disposable live-79 Supabase	2026-09-07T21:35:34.6627808Z Applying migration 20260825000000_ru5_device_live_bootstrap.sql...
physical-device-ui-proof	Reconstruct disposable live-79 Supabase	2026-09-07T21:35:34.6803453Z Applying migration 20260825115040_cloud_profile_foundation_1_3b.sql...
physical-device-ui-proof	Reconstruct disposable live-79 Supabase	2026-09-07T21:35:34.8053368Z Applying migration 20260825115602_lock_down_auth_trigger_functions_1_3b.sql...
physical-device-ui-proof	Reconstruct disposable live-79 Supabase	2026-09-07T21:35:34.8210048Z Applying migration 20260829183528_clean_security_hardening.sql...
physical-device-ui-proof	Reconstruct disposable live-79 Supabase	2026-09-07T21:35:34.8295817Z Applying migration 20260829183551_clean_need_foundation.sql...
physical-device-ui-proof	Reconstruct disposable live-79 Supabase	2026-09-07T21:35:34.8497863Z Applying migration 20260829183609_clean_response_foundation.sql...
physical-device-ui-proof	Reconstruct disposable live-79 Supabase	2026-09-07T21:35:34.8653812Z Applying migration 20260829183633_clean_agreement_foundation.sql...
physical-device-ui-proof	Reconstruct disposable live-79 Supabase	2026-09-07T21:35:34.8909923Z Applying migration 20260829183651_clean_directional_access_grants.sql...
physical-device-ui-proof	Reconstruct disposable live-79 Supabase	2026-09-07T21:35:34.9017379Z Applying migration 20260829183711_clean_ai_persistence.sql...
physical-device-ui-proof	Reconstruct disposable live-79 Supabase	2026-09-07T21:35:34.9193231Z Applying migration 20260829183740_clean_rls_policies.sql...
physical-device-ui-proof	Reconstruct disposable live-79 Supabase	2026-09-07T21:35:34.9438536Z Applying migration 20260829183816_clean_rpc_selection.sql...
physical-device-ui-proof	Reconstruct disposable live-79 Supabase	2026-09-07T21:35:34.9691699Z Applying migration 20260829183947_clean_rpc_agreement_lifecycle.sql...
physical-device-ui-proof	Reconstruct disposable live-79 Supabase	2026-09-07T21:35:34.9866852Z Applying migration 20260829184024_clean_rpc_ai_intake.sql...
physical-device-ui-proof	Reconstruct disposable live-79 Supabase	2026-09-07T21:35:35.0024652Z Applying migration 20260829184132_clean_revoke_public_execute.sql...
physical-device-ui-proof	Reconstruct disposable live-79 Supabase	2026-09-07T21:35:35.0074134Z Applying migration 20260829184203_clean_revoke_helper_execute_from_authenticated.sql...
physical-device-ui-proof	Reconstruct disposable live-79 Supabase	2026-09-07T21:35:35.0119146Z Applying migration 20260829185334_clean_updated_at_triggers.sql...
physical-device-ui-proof	Reconstruct disposable live-79 Supabase	2026-09-07T21:35:35.0205112Z Applying migration 20260829185354_clean_need_selection_completeness.sql...
physical-device-ui-proof	Reconstruct disposable live-79 Supabase	2026-09-07T21:35:35.0319991Z Applying migration 20260829185434_clean_selection_rpc_alignment.sql...
physical-device-ui-proof	Reconstruct disposable live-79 Supabase	2026-09-07T21:35:35.0546524Z Applying migration 20260829210453_clean_events_and_notifications.sql...
physical-device-ui-proof	Reconstruct disposable live-79 Supabase	2026-09-07T21:35:35.0988340Z Applying migration 20260829210536_clean_emit_event_engine.sql...
physical-device-ui-proof	Reconstruct disposable live-79 Supabase	2026-09-07T21:35:35.1187463Z Applying migration 20260829210602_clean_needs_schema_completion.sql...
physical-device-ui-proof	Reconstruct disposable live-79 Supabase	2026-09-07T21:35:35.1309388Z Applying migration 20260829210650_clean_geo_foundation.sql...
physical-device-ui-proof	Reconstruct disposable live-79 Supabase	2026-09-07T21:35:35.6091174Z Applying migration 20260829211203_clean_geo_foundation_repair.sql...
physical-device-ui-proof	Reconstruct disposable live-79 Supabase	2026-09-07T21:35:36.0197554Z Applying migration 20260829211420_clean_dispatch_foundation.sql...
physical-device-ui-proof	Reconstruct disposable live-79 Supabase	2026-09-07T21:35:36.0417529Z Applying migration 20260829211632_clean_dispatch_engine.sql...
physical-device-ui-proof	Reconstruct disposable live-79 Supabase	2026-09-07T21:35:36.0814934Z Applying migration 20260829211737_clean_dispatch_wave.sql...
physical-device-ui-proof	Reconstruct disposable live-79 Supabase	2026-09-07T21:35:36.1098362Z Applying migration 20260829211904_clean_urgency_projection.sql...
physical-device-ui-proof	Reconstruct disposable live-79 Supabase	2026-09-07T21:35:36.1272970Z Applying migration 20260829211956_clean_urgent_min_choice_floor.sql...
physical-device-ui-proof	Reconstruct disposable live-79 Supabase	2026-09-07T21:35:36.1496885Z Applying migration 20260829212146_clean_scheduled_lifecycle.sql...
physical-device-ui-proof	Reconstruct disposable live-79 Supabase	2026-09-07T21:35:36.1635744Z Applying migration 20260829212158_clean_cron_schedule.sql...
physical-device-ui-proof	Reconstruct disposable live-79 Supabase	2026-09-07T21:35:36.1899219Z Applying migration 20260829212807_clean_advisor_hardening.sql...
physical-device-ui-proof	Reconstruct disposable live-79 Supabase	2026-09-07T21:35:36.1970158Z Applying migration 20260830070448_clean_need_response_deadline_expiry.sql...
physical-device-ui-proof	Reconstruct disposable live-79 Supabase	2026-09-07T21:35:36.2042459Z Applying migration 20260830072818_clean_scoped_contact_reveal.sql...
physical-device-ui-proof	Reconstruct disposable live-79 Supabase	2026-09-07T21:35:36.2172036Z Applying migration 20260830072920_clean_grant_policy_inline.sql...
physical-device-ui-proof	Reconstruct disposable live-79 Supabase	2026-09-07T21:35:36.2251492Z Applying migration 20260830073615_clean_cancellation_privacy_and_wakeup.sql...
physical-device-ui-proof	Reconstruct disposable live-79 Supabase	2026-09-07T21:35:36.2393008Z Applying migration 20260830080947_clean_need_lifecycle_integrity.sql...
physical-device-ui-proof	Reconstruct disposable live-79 Supabase	2026-09-07T21:35:36.2522832Z Applying migration 20260830081035_clean_selection_eligibility_and_deadline.sql...
physical-device-ui-proof	Reconstruct disposable live-79 Supabase	2026-09-07T21:35:36.2730868Z Applying migration 20260830081300_clean_authoritative_response_submit.sql...
physical-device-ui-proof	Reconstruct disposable live-79 Supabase	2026-09-07T21:35:36.2932633Z Applying migration 20260830172000_clean_p1_cancel_withdraw_closure.sql...
physical-device-ui-proof	Reconstruct disposable live-79 Supabase	2026-09-07T21:35:36.3829611Z Applying migration 20260830173000_clean_authoritative_mutation_boundary.sql...
physical-device-ui-proof	Reconstruct disposable live-79 Supabase	2026-09-07T21:35:36.3984830Z Applying migration 20260830174000_clean_repair_authority_boundary.sql...
physical-device-ui-proof	Reconstruct disposable live-79 Supabase	2026-09-07T21:35:36.4344761Z Applying migration 20260830174500_clean_ai_insert_authority_closure.sql...
physical-device-ui-proof	Reconstruct disposable live-79 Supabase	2026-09-07T21:35:36.4387735Z Applying migration 20260830191500_clean_p0_authoritative_fixes.sql...
physical-device-ui-proof	Reconstruct disposable live-79 Supabase	2026-09-07T21:35:36.4488600Z Applying migration 20260830194000_clean_p2_read_layer_repair.sql...
physical-device-ui-proof	Reconstruct disposable live-79 Supabase	2026-09-07T21:35:36.4572732Z Applying migration 20260830202733_clean_pre_p4_provenance_reconciliation.sql...
physical-device-ui-proof	Reconstruct disposable live-79 Supabase	2026-09-07T21:35:36.4686214Z Applying migration 20260831110153_clean_pre_p4_participant_rls_repair.sql...
physical-device-ui-proof	Reconstruct disposable live-79 Supabase	2026-09-07T21:35:36.4766002Z Applying migration 20260831110701_clean_pre_p4_participant_rls_execution_contract.sql...
physical-device-ui-proof	Reconstruct disposable live-79 Supabase	2026-09-07T21:35:36.4839105Z Applying migration 20260831114338_clean_pre_p4_participant_rls_authenticated_proof.sql...
physical-device-ui-proof	Reconstruct disposable live-79 Supabase	2026-09-07T21:35:36.4991635Z Applying migration 20260831120157_clean_pre_p4_ai_confirmation_provenance.sql...
physical-device-ui-proof	Reconstruct disposable live-79 Supabase	2026-09-07T21:35:36.5096833Z Applying migration 20260901091438_client_command_authority_closure.sql...
physical-device-ui-proof	Reconstruct disposable live-79 Supabase	2026-09-07T21:35:36.5212857Z Applying migration 20260901101056_client_agreement_workspace_closure.sql...
physical-device-ui-proof	Reconstruct disposable live-79 Supabase	2026-09-07T21:35:36.5413789Z Applying migration 20260901104722_clean_parent_need_completion_closure.sql...
physical-device-ui-proof	Reconstruct disposable live-79 Supabase	2026-09-07T21:35:36.5584613Z Applying migration 20260901105209_clean_single_writer_authority_closure.sql...
physical-device-ui-proof	Reconstruct disposable live-79 Supabase	2026-09-07T21:35:36.5661156Z Applying migration 20260901105922_clean_completion_and_writer_authenticated_proof.sql...
physical-device-ui-proof	Reconstruct disposable live-79 Supabase	2026-09-07T21:35:36.5708319Z Applying migration 20260901112607_clean_ai_interview_turn_persistence.sql...
physical-device-ui-proof	Reconstruct disposable live-79 Supabase	2026-09-07T21:35:36.5866037Z Applying migration 20260901113333_clean_ai_interview_turn_authenticated_proof.sql...
physical-device-ui-proof	Reconstruct disposable live-79 Supabase	2026-09-07T21:35:36.5916635Z Applying migration 20260901114029_clean_ai_fact_supersession_and_human_correction.sql...
physical-device-ui-proof	Reconstruct disposable live-79 Supabase	2026-09-07T21:35:36.6090560Z WARN: no files matched pattern: supabase/seed.sql
physical-device-ui-proof	Reconstruct disposable live-79 Supabase	2026-09-07T21:35:36.6109830Z Restarting containers...
physical-device-ui-proof	Reconstruct disposable live-79 Supabase	2026-09-07T21:35:47.7559556Z Finished supabase db reset on branch main.
physical-device-ui-proof	Reconstruct disposable live-79 Supabase	2026-09-07T21:35:47.7649719Z A new version of Supabase CLI is available: v2.117.0 (currently installed v2.116.0)
physical-device-ui-proof	Reconstruct disposable live-79 Supabase	2026-09-07T21:35:47.7651041Z We recommend updating regularly for new features and bug fixes: https://supabase.com/docs/guides/cli/getting-started#updating-the-supabase-cli
physical-device-ui-proof	Reconstruct disposable live-79 Supabase	2026-09-07T21:35:47.9059663Z apply_source=20260903130355_clean_ru0_authority_closure.sql live_alias=20260903160812_clean_ru0_authority_closure
physical-device-ui-proof	Reconstruct disposable live-79 Supabase	2026-09-07T21:35:48.0515522Z apply_source=20260903165700_clean_ru1_worker_readiness.sql live_alias=20260903184545_clean_ru1_worker_readiness
physical-device-ui-proof	Reconstruct disposable live-79 Supabase	2026-09-07T21:35:48.1948403Z apply_source=20260903190000_clean_ru2_need_v2_draft.sql live_alias=20260903222139_clean_ru2_need_v2_draft
physical-device-ui-proof	Reconstruct disposable live-79 Supabase	2026-09-07T21:35:48.2695733Z psql:/home/runner/work/USKOCI-CLEAN/USKOCI-CLEAN/supabase/migrations/20260903190000_clean_ru2_need_v2_draft.sql:423: NOTICE:  trigger "guard_ai_fact_schema_trg" for relation "public.ai_structured_facts" does not exist, skipping
physical-device-ui-proof	Reconstruct disposable live-79 Supabase	2026-09-07T21:35:48.3672421Z apply_source=20260903190100_clean_ru2_ai_fact_transition_guard.sql live_alias=20260903222333_clean_ru2_ai_fact_transition_guard
physical-device-ui-proof	Reconstruct disposable live-79 Supabase	2026-09-07T21:35:48.4903107Z apply_source=20260904090000_clean_ru3_policy_bundle_foundation.sql live_alias=20260904090147_clean_ru3_policy_bundle_foundation
physical-device-ui-proof	Reconstruct disposable live-79 Supabase	2026-09-07T21:35:48.5933938Z apply_source=20260904103000_clean_ru3_need_publication_decision.sql live_alias=20260904102429_clean_ru3_need_publication_decision
physical-device-ui-proof	Reconstruct disposable live-79 Supabase	2026-09-07T21:35:48.6492058Z psql:/home/runner/work/USKOCI-CLEAN/USKOCI-CLEAN/supabase/migrations/20260904103000_clean_ru3_need_publication_decision.sql:97: NOTICE:  trigger "need_publication_decisions_immutable" for relation "private.need_publication_decisions" does not exist, skipping
physical-device-ui-proof	Reconstruct disposable live-79 Supabase	2026-09-07T21:35:48.7074743Z apply_source=20260904111500_clean_ru3_canonical_publish.sql live_alias=20260904182402_clean_ru3_canonical_publish
physical-device-ui-proof	Reconstruct disposable live-79 Supabase	2026-09-07T21:35:48.8075525Z apply_source=20260904214500_clean_ru4_owner_edit_lock.sql live_alias=20260905052130_clean_ru4_owner_edit_lock
physical-device-ui-proof	Reconstruct disposable live-79 Supabase	2026-09-07T21:35:48.9483663Z apply_source=20260904223000_clean_ru4_close_remaining_search.sql live_alias=20260905052224_clean_ru4_close_remaining_search
physical-device-ui-proof	Reconstruct disposable live-79 Supabase	2026-09-07T21:35:49.0022497Z psql:/home/runner/work/USKOCI-CLEAN/USKOCI-CLEAN/supabase/migrations/20260904223000_clean_ru4_close_remaining_search.sql:10: NOTICE:  constraint "needs_remaining_search_close_reason_length" of relation "needs" does not exist, skipping
physical-device-ui-proof	Reconstruct disposable live-79 Supabase	2026-09-07T21:35:49.0121463Z psql:/home/runner/work/USKOCI-CLEAN/USKOCI-CLEAN/supabase/migrations/20260904223000_clean_ru4_close_remaining_search.sql:53: NOTICE:  trigger "guard_remaining_search_close_fields_trg" for relation "public.needs" does not exist, skipping
physical-device-ui-proof	Reconstruct disposable live-79 Supabase	2026-09-07T21:35:49.0159215Z psql:/home/runner/work/USKOCI-CLEAN/USKOCI-CLEAN/supabase/migrations/20260904223000_clean_ru4_close_remaining_search.sql:91: NOTICE:  trigger "guard_closed_remaining_search_response_trg" for relation "public.marketplace_responses" does not exist, skipping
physical-device-ui-proof	Reconstruct disposable live-79 Supabase	2026-09-07T21:35:49.0203883Z psql:/home/runner/work/USKOCI-CLEAN/USKOCI-CLEAN/supabase/migrations/20260904223000_clean_ru4_close_remaining_search.sql:117: NOTICE:  trigger "guard_closed_remaining_search_delivery_trg" for relation "public.opportunity_deliveries" does not exist, skipping
physical-device-ui-proof	Reconstruct disposable live-79 Supabase	2026-09-07T21:35:49.0794614Z apply_source=20260904230000_clean_ru4_ai_edit_conversation.sql live_alias=20260905052336_clean_ru4_ai_edit_conversation
physical-device-ui-proof	Reconstruct disposable live-79 Supabase	2026-09-07T21:35:49.1834157Z apply_source=20260904230200_clean_ru4_ai_edit_conversation_live_transfer_reconcile.sql live_alias=20260905052651_clean_ru4_ai_edit_conversation_live_transfer_reconcile
physical-device-ui-proof	Reconstruct disposable live-79 Supabase	2026-09-07T21:35:49.2692642Z apply_source=20260904230500_clean_ru4_ai_edit_replay_boundary.sql live_alias=20260905052713_clean_ru4_ai_edit_replay_boundary
physical-device-ui-proof	Reconstruct disposable live-79 Supabase	2026-09-07T21:35:49.3575503Z apply_source=20260905060000_clean_ru4b_preselection_qa_foundation.sql live_alias=20260905070010_clean_ru4b_preselection_qa_foundation
physical-device-ui-proof	Reconstruct disposable live-79 Supabase	2026-09-07T21:35:49.5103648Z apply_source=20260905060100_clean_ru4b_service_boundary.sql live_alias=20260905070029_clean_ru4b_service_boundary
physical-device-ui-proof	Reconstruct disposable live-79 Supabase	2026-09-07T21:35:49.6417862Z apply_source=20260905060200_clean_ru4b_inbox_event_contract.sql live_alias=20260905070046_clean_ru4b_inbox_event_contract
physical-device-ui-proof	Reconstruct disposable live-79 Supabase	2026-09-07T21:35:49.7562785Z apply_source=20260905133000_clean_ru5_public_profile_projection.sql live_alias=20260905163927_clean_ru5_public_profile_projection
physical-device-ui-proof	Reconstruct disposable live-79 Supabase	2026-09-07T21:35:49.8393120Z apply_source=20260905190000_clean_ru5_atomic_application_submit.sql live_alias=20260905190040_clean_ru5_atomic_application_submit
physical-device-ui-proof	Reconstruct disposable live-79 Supabase	2026-09-07T21:35:49.9593267Z apply_source=20260905211500_clean_ru5_my_applications_projection.sql live_alias=20260905200133_clean_ru5_my_applications_projection
physical-device-ui-proof	Reconstruct disposable live-79 Supabase	2026-09-07T21:35:50.0550690Z apply_source=20260905223000_clean_ru5_candidate_projection.sql live_alias=20260905230326_clean_ru5_candidate_projection
physical-device-ui-proof	Reconstruct disposable live-79 Supabase	2026-09-07T21:35:50.1518476Z apply_source=20260906010000_clean_ru5_selection_eligibility_revalidation.sql live_alias=20260906065758_clean_ru5_selection_eligibility_revalidation
physical-device-ui-proof	Reconstruct disposable live-79 Supabase	2026-09-07T21:35:50.2482758Z apply_source=20260906080000_clean_p0d02_selection_semantic_idempotency.sql live_alias=20260906090451_clean_p0d02_selection_semantic_idempotency
physical-device-ui-proof	Reconstruct disposable live-79 Supabase	2026-09-07T21:35:50.3533606Z apply_source=20260906100000_clean_p0d03_requester_connection_activation_v1.sql live_alias=20260906102021_clean_p0d03_requester_connection_activation_v1
physical-device-ui-proof	Reconstruct disposable live-79 Supabase	2026-09-07T21:35:50.4711446Z apply_source=20260906130000_clean_ru5_fastest_autofill_retirement.sql live_alias=20260906141409_clean_ru5_fastest_autofill_retirement
physical-device-ui-proof	Reconstruct disposable live-79 Supabase	2026-09-07T21:35:50.6335857Z disposable_live_equivalent=79/20260906141409_clean_ru5_fastest_autofill_retirement
physical-device-ui-proof	Reconstruct disposable live-79 Supabase	2026-09-07T21:35:51.5716143Z Stopped services: [supabase_imgproxy_uskoci-ru5-device-ui supabase_pooler_uskoci-ru5-device-ui]
physical-device-ui-proof	Reconstruct disposable live-79 Supabase	2026-09-07T21:35:51.5813742Z A new version of Supabase CLI is available: v2.117.0 (currently installed v2.116.0)
physical-device-ui-proof	Reconstruct disposable live-79 Supabase	2026-09-07T21:35:51.5815631Z We recommend updating regularly for new features and bug fixes: https://supabase.com/docs/guides/cli/getting-started#updating-the-supabase-cli
physical-device-ui-proof	Reconstruct disposable live-79 Supabase	2026-09-07T21:35:51.5924380Z PASS RU5_DEVICE_LIVE79_ENV local_full_stack live79 gated_features_fail_closed
physical-device-ui-proof	Create two real Auth accounts and one disposable Need fixture	﻿2026-09-07T21:35:51.5961211Z ##[group]Run node supabase/proofs/ru5_device_ui_fixture.mjs
physical-device-ui-proof	Create two real Auth accounts and one disposable Need fixture	2026-09-07T21:35:51.5962094Z ^[[36;1mnode supabase/proofs/ru5_device_ui_fixture.mjs^[[0m
physical-device-ui-proof	Create two real Auth accounts and one disposable Need fixture	2026-09-07T21:35:51.5998721Z shell: /usr/bin/bash -e {0}
physical-device-ui-proof	Create two real Auth accounts and one disposable Need fixture	2026-09-07T21:35:51.5999171Z env:
physical-device-ui-proof	Create two real Auth accounts and one disposable Need fixture	2026-09-07T21:35:51.5999501Z   CI: 1
physical-device-ui-proof	Create two real Auth accounts and one disposable Need fixture	2026-09-07T21:35:51.5999860Z   SUPABASE_TELEMETRY_DISABLED: 1
physical-device-ui-proof	Create two real Auth accounts and one disposable Need fixture	2026-09-07T21:35:51.6000216Z   DO_NOT_TRACK: 1
physical-device-ui-proof	Create two real Auth accounts and one disposable Need fixture	2026-09-07T21:35:51.6000471Z   RU5_DEVICE_PACKAGE: rs.uskoci.n04proof
physical-device-ui-proof	Create two real Auth accounts and one disposable Need fixture	2026-09-07T21:35:51.6000831Z   RU5_DEVICE_ARTIFACT_DIR: artifacts/intent-shell-device
physical-device-ui-proof	Create two real Auth accounts and one disposable Need fixture	2026-09-07T21:35:51.6001163Z   RU5_ENTRY_PROOF: 1
physical-device-ui-proof	Create two real Auth accounts and one disposable Need fixture	2026-09-07T21:35:51.6001718Z   SUPABASE_INTERNAL_IMAGE_REGISTRY: ghcr.io
physical-device-ui-proof	Create two real Auth accounts and one disposable Need fixture	2026-09-07T21:35:51.6002172Z   JAVA_HOME: /opt/hostedtoolcache/Java_Temurin-Hotspot_jdk/17.0.20-1/x64
physical-device-ui-proof	Create two real Auth accounts and one disposable Need fixture	2026-09-07T21:35:51.6002703Z   JAVA_HOME_17_X64: /opt/hostedtoolcache/Java_Temurin-Hotspot_jdk/17.0.20-1/x64
physical-device-ui-proof	Create two real Auth accounts and one disposable Need fixture	2026-09-07T21:35:51.6003119Z   MAVEN_ARGS: -ntp
physical-device-ui-proof	Create two real Auth accounts and one disposable Need fixture	2026-09-07T21:35:51.6003390Z   RU5_DEVICE_PROOF_DIR: /tmp/uskoci-ru5-device-ui
physical-device-ui-proof	Create two real Auth accounts and one disposable Need fixture	2026-09-07T21:35:51.6003996Z   RU5_DEVICE_DB_URL: ***127.0.0.1:54322/postgres
physical-device-ui-proof	Create two real Auth accounts and one disposable Need fixture	2026-09-07T21:35:51.6004364Z   RU5_DEVICE_SUPABASE_URL: http://127.0.0.1:54321
physical-device-ui-proof	Create two real Auth accounts and one disposable Need fixture	2026-09-07T21:35:51.6005400Z   RU5_DEVICE_ANON_KEY: ***
physical-device-ui-proof	Create two real Auth accounts and one disposable Need fixture	2026-09-07T21:35:51.6006438Z   RU5_DEVICE_SERVICE_ROLE_KEY: ***
physical-device-ui-proof	Create two real Auth accounts and one disposable Need fixture	2026-09-07T21:35:51.6006797Z ##[endgroup]
physical-device-ui-proof	Create two real Auth accounts and one disposable Need fixture	2026-09-07T21:35:52.3283550Z PASS RU5_DEVICE_UI_FIXTURE two_real_auth_accounts worker_active need=f15b1dbd-e043-4b43-8909-e1060e3a4c9c bounded_note_not_configured production_not_touched
physical-device-ui-proof	Apply N02 and N03 locally; real authenticated selection and Inbox fixture	﻿2026-09-07T21:35:52.3419779Z ##[group]Run node supabase/proofs/notifications/n04_inbox_device_fixture.mjs
physical-device-ui-proof	Apply N02 and N03 locally; real authenticated selection and Inbox fixture	2026-09-07T21:35:52.3420846Z ^[[36;1mnode supabase/proofs/notifications/n04_inbox_device_fixture.mjs^[[0m
physical-device-ui-proof	Apply N02 and N03 locally; real authenticated selection and Inbox fixture	2026-09-07T21:35:52.3475839Z shell: /usr/bin/bash -e {0}
physical-device-ui-proof	Apply N02 and N03 locally; real authenticated selection and Inbox fixture	2026-09-07T21:35:52.3476304Z env:
physical-device-ui-proof	Apply N02 and N03 locally; real authenticated selection and Inbox fixture	2026-09-07T21:35:52.3476657Z   CI: 1
physical-device-ui-proof	Apply N02 and N03 locally; real authenticated selection and Inbox fixture	2026-09-07T21:35:52.3477028Z   SUPABASE_TELEMETRY_DISABLED: 1
physical-device-ui-proof	Apply N02 and N03 locally; real authenticated selection and Inbox fixture	2026-09-07T21:35:52.3477515Z   DO_NOT_TRACK: 1
physical-device-ui-proof	Apply N02 and N03 locally; real authenticated selection and Inbox fixture	2026-09-07T21:35:52.3477958Z   RU5_DEVICE_PACKAGE: rs.uskoci.n04proof
physical-device-ui-proof	Apply N02 and N03 locally; real authenticated selection and Inbox fixture	2026-09-07T21:35:52.3478604Z   RU5_DEVICE_ARTIFACT_DIR: artifacts/intent-shell-device
physical-device-ui-proof	Apply N02 and N03 locally; real authenticated selection and Inbox fixture	2026-09-07T21:35:52.3479216Z   RU5_ENTRY_PROOF: 1
physical-device-ui-proof	Apply N02 and N03 locally; real authenticated selection and Inbox fixture	2026-09-07T21:35:52.3479673Z   SUPABASE_INTERNAL_IMAGE_REGISTRY: ghcr.io
physical-device-ui-proof	Apply N02 and N03 locally; real authenticated selection and Inbox fixture	2026-09-07T21:35:52.3480430Z   JAVA_HOME: /opt/hostedtoolcache/Java_Temurin-Hotspot_jdk/17.0.20-1/x64
physical-device-ui-proof	Apply N02 and N03 locally; real authenticated selection and Inbox fixture	2026-09-07T21:35:52.3481689Z   JAVA_HOME_17_X64: /opt/hostedtoolcache/Java_Temurin-Hotspot_jdk/17.0.20-1/x64
physical-device-ui-proof	Apply N02 and N03 locally; real authenticated selection and Inbox fixture	2026-09-07T21:35:52.3482454Z   MAVEN_ARGS: -ntp
physical-device-ui-proof	Apply N02 and N03 locally; real authenticated selection and Inbox fixture	2026-09-07T21:35:52.3482951Z   RU5_DEVICE_PROOF_DIR: /tmp/uskoci-ru5-device-ui
physical-device-ui-proof	Apply N02 and N03 locally; real authenticated selection and Inbox fixture	2026-09-07T21:35:52.3484030Z   RU5_DEVICE_DB_URL: ***127.0.0.1:54322/postgres
physical-device-ui-proof	Apply N02 and N03 locally; real authenticated selection and Inbox fixture	2026-09-07T21:35:52.3484670Z   RU5_DEVICE_SUPABASE_URL: http://127.0.0.1:54321
physical-device-ui-proof	Apply N02 and N03 locally; real authenticated selection and Inbox fixture	2026-09-07T21:35:52.3486671Z   RU5_DEVICE_ANON_KEY: ***
physical-device-ui-proof	Apply N02 and N03 locally; real authenticated selection and Inbox fixture	2026-09-07T21:35:52.3488787Z   RU5_DEVICE_SERVICE_ROLE_KEY: ***
physical-device-ui-proof	Apply N02 and N03 locally; real authenticated selection and Inbox fixture	2026-09-07T21:35:52.3489753Z   RU5_DEVICE_REQUESTER_EMAIL: ru5-device-requester-9eb953a1-b2bb-44fc-b0ec-01410619fc5e@proof.invalid
physical-device-ui-proof	Apply N02 and N03 locally; real authenticated selection and Inbox fixture	2026-09-07T21:35:52.3491100Z   RU5_DEVICE_WORKER_EMAIL: ru5-device-worker-9eb953a1-b2bb-44fc-b0ec-01410619fc5e@proof.invalid
physical-device-ui-proof	Apply N02 and N03 locally; real authenticated selection and Inbox fixture	2026-09-07T21:35:52.3492570Z   RU5_DEVICE_PASSWORD: ***
physical-device-ui-proof	Apply N02 and N03 locally; real authenticated selection and Inbox fixture	2026-09-07T21:35:52.3493126Z   RU5_DEVICE_NEED_ID: f15b1dbd-e043-4b43-8909-e1060e3a4c9c
physical-device-ui-proof	Apply N02 and N03 locally; real authenticated selection and Inbox fixture	2026-09-07T21:35:52.3493811Z   RU5_DEVICE_NEED_TITLE: RU5 device journey 9eb953a1
physical-device-ui-proof	Apply N02 and N03 locally; real authenticated selection and Inbox fixture	2026-09-07T21:35:52.3494603Z   RU5_DEVICE_REQUESTER_USER_ID: 006a4e7e-3b59-4109-a38c-e3d3faaa8df6
physical-device-ui-proof	Apply N02 and N03 locally; real authenticated selection and Inbox fixture	2026-09-07T21:35:52.3495446Z   RU5_DEVICE_WORKER_USER_ID: ffb7436c-aa44-4c91-9624-66b012cfe072
physical-device-ui-proof	Apply N02 and N03 locally; real authenticated selection and Inbox fixture	2026-09-07T21:35:52.3496100Z ##[endgroup]
physical-device-ui-proof	Apply N02 and N03 locally; real authenticated selection and Inbox fixture	2026-09-07T21:35:54.4626859Z PASS N04_LOCAL_FIXTURE real_auth_application_selection 32_worker_events push_off
physical-device-ui-proof	Bind proof APK to disposable emulator-host Supabase	﻿2026-09-07T21:35:54.4762164Z ##[group]Run echo "EXPO_PUBLIC_SUPABASE_URL=http://10.0.2.2:54321" >> "$GITHUB_ENV"
physical-device-ui-proof	Bind proof APK to disposable emulator-host Supabase	2026-09-07T21:35:54.4763258Z ^[[36;1mecho "EXPO_PUBLIC_SUPABASE_URL=http://10.0.2.2:54321" >> "$GITHUB_ENV"^[[0m
physical-device-ui-proof	Bind proof APK to disposable emulator-host Supabase	2026-09-07T21:35:54.4764246Z ^[[36;1mecho "EXPO_PUBLIC_SUPABASE_ANON_KEY=$RU5_DEVICE_ANON_KEY" >> "$GITHUB_ENV"^[[0m
physical-device-ui-proof	Bind proof APK to disposable emulator-host Supabase	2026-09-07T21:35:54.4765121Z ^[[36;1mecho "EXPO_PUBLIC_USE_FAKE_SOURCE=0" >> "$GITHUB_ENV"^[[0m
physical-device-ui-proof	Bind proof APK to disposable emulator-host Supabase	2026-09-07T21:35:54.4817148Z shell: /usr/bin/bash -e {0}
physical-device-ui-proof	Bind proof APK to disposable emulator-host Supabase	2026-09-07T21:35:54.4817429Z env:
physical-device-ui-proof	Bind proof APK to disposable emulator-host Supabase	2026-09-07T21:35:54.4817633Z   CI: 1
physical-device-ui-proof	Bind proof APK to disposable emulator-host Supabase	2026-09-07T21:35:54.4817852Z   SUPABASE_TELEMETRY_DISABLED: 1
physical-device-ui-proof	Bind proof APK to disposable emulator-host Supabase	2026-09-07T21:35:54.4818128Z   DO_NOT_TRACK: 1
physical-device-ui-proof	Bind proof APK to disposable emulator-host Supabase	2026-09-07T21:35:54.4818377Z   RU5_DEVICE_PACKAGE: rs.uskoci.n04proof
physical-device-ui-proof	Bind proof APK to disposable emulator-host Supabase	2026-09-07T21:35:54.4818747Z   RU5_DEVICE_ARTIFACT_DIR: artifacts/intent-shell-device
physical-device-ui-proof	Bind proof APK to disposable emulator-host Supabase	2026-09-07T21:35:54.4819083Z   RU5_ENTRY_PROOF: 1
physical-device-ui-proof	Bind proof APK to disposable emulator-host Supabase	2026-09-07T21:35:54.4819334Z   SUPABASE_INTERNAL_IMAGE_REGISTRY: ghcr.io
physical-device-ui-proof	Bind proof APK to disposable emulator-host Supabase	2026-09-07T21:35:54.4819745Z   JAVA_HOME: /opt/hostedtoolcache/Java_Temurin-Hotspot_jdk/17.0.20-1/x64
physical-device-ui-proof	Bind proof APK to disposable emulator-host Supabase	2026-09-07T21:35:54.4820286Z   JAVA_HOME_17_X64: /opt/hostedtoolcache/Java_Temurin-Hotspot_jdk/17.0.20-1/x64
physical-device-ui-proof	Bind proof APK to disposable emulator-host Supabase	2026-09-07T21:35:54.4820757Z   MAVEN_ARGS: -ntp
physical-device-ui-proof	Bind proof APK to disposable emulator-host Supabase	2026-09-07T21:35:54.4821023Z   RU5_DEVICE_PROOF_DIR: /tmp/uskoci-ru5-device-ui
physical-device-ui-proof	Bind proof APK to disposable emulator-host Supabase	2026-09-07T21:35:54.4821955Z   RU5_DEVICE_DB_URL: ***127.0.0.1:54322/postgres
physical-device-ui-proof	Bind proof APK to disposable emulator-host Supabase	2026-09-07T21:35:54.4822334Z   RU5_DEVICE_SUPABASE_URL: http://127.0.0.1:54321
physical-device-ui-proof	Bind proof APK to disposable emulator-host Supabase	2026-09-07T21:35:54.4823363Z   RU5_DEVICE_ANON_KEY: ***
physical-device-ui-proof	Bind proof APK to disposable emulator-host Supabase	2026-09-07T21:35:54.4824406Z   RU5_DEVICE_SERVICE_ROLE_KEY: ***
physical-device-ui-proof	Bind proof APK to disposable emulator-host Supabase	2026-09-07T21:35:54.4824901Z   RU5_DEVICE_REQUESTER_EMAIL: ru5-device-requester-9eb953a1-b2bb-44fc-b0ec-01410619fc5e@proof.invalid
physical-device-ui-proof	Bind proof APK to disposable emulator-host Supabase	2026-09-07T21:35:54.4825610Z   RU5_DEVICE_WORKER_EMAIL: ru5-device-worker-9eb953a1-b2bb-44fc-b0ec-01410619fc5e@proof.invalid
physical-device-ui-proof	Bind proof APK to disposable emulator-host Supabase	2026-09-07T21:35:54.4826200Z   RU5_DEVICE_PASSWORD: ***
physical-device-ui-proof	Bind proof APK to disposable emulator-host Supabase	2026-09-07T21:35:54.4826493Z   RU5_DEVICE_NEED_ID: f15b1dbd-e043-4b43-8909-e1060e3a4c9c
physical-device-ui-proof	Bind proof APK to disposable emulator-host Supabase	2026-09-07T21:35:54.4826864Z   RU5_DEVICE_NEED_TITLE: RU5 device journey 9eb953a1
physical-device-ui-proof	Bind proof APK to disposable emulator-host Supabase	2026-09-07T21:35:54.4827257Z   RU5_DEVICE_REQUESTER_USER_ID: 006a4e7e-3b59-4109-a38c-e3d3faaa8df6
physical-device-ui-proof	Bind proof APK to disposable emulator-host Supabase	2026-09-07T21:35:54.4827889Z   RU5_DEVICE_WORKER_USER_ID: ffb7436c-aa44-4c91-9624-66b012cfe072
physical-device-ui-proof	Bind proof APK to disposable emulator-host Supabase	2026-09-07T21:35:54.4828293Z   N04_AGREEMENT_ID: dc7403b1-d1e8-45dc-937a-6cb8ce11d100
physical-device-ui-proof	Bind proof APK to disposable emulator-host Supabase	2026-09-07T21:35:54.4828608Z ##[endgroup]
physical-device-ui-proof	Assert proof endpoint is local-only	﻿2026-09-07T21:35:54.4938794Z ##[group]Run test "$EXPO_PUBLIC_SUPABASE_URL" = "http://10.0.2.2:54321"
physical-device-ui-proof	Assert proof endpoint is local-only	2026-09-07T21:35:54.4939729Z ^[[36;1mtest "$EXPO_PUBLIC_SUPABASE_URL" = "http://10.0.2.2:54321"^[[0m
physical-device-ui-proof	Assert proof endpoint is local-only	2026-09-07T21:35:54.4940670Z ^[[36;1mif [[ "$EXPO_PUBLIC_SUPABASE_URL" == *"leqcwgzvjsxugfgzdmth.supabase.co"* ]]; then^[[0m
physical-device-ui-proof	Assert proof endpoint is local-only	2026-09-07T21:35:54.4941976Z ^[[36;1m  echo "Production Supabase URL detected in device proof environment."^[[0m
physical-device-ui-proof	Assert proof endpoint is local-only	2026-09-07T21:35:54.4942708Z ^[[36;1m  exit 1^[[0m
physical-device-ui-proof	Assert proof endpoint is local-only	2026-09-07T21:35:54.4943091Z ^[[36;1mfi^[[0m
physical-device-ui-proof	Assert proof endpoint is local-only	2026-09-07T21:35:54.4992570Z shell: /usr/bin/bash -e {0}
physical-device-ui-proof	Assert proof endpoint is local-only	2026-09-07T21:35:54.4993023Z env:
physical-device-ui-proof	Assert proof endpoint is local-only	2026-09-07T21:35:54.4993365Z   CI: 1
physical-device-ui-proof	Assert proof endpoint is local-only	2026-09-07T21:35:54.4993730Z   SUPABASE_TELEMETRY_DISABLED: 1
physical-device-ui-proof	Assert proof endpoint is local-only	2026-09-07T21:35:54.4994194Z   DO_NOT_TRACK: 1
physical-device-ui-proof	Assert proof endpoint is local-only	2026-09-07T21:35:54.4994624Z   RU5_DEVICE_PACKAGE: rs.uskoci.n04proof
physical-device-ui-proof	Assert proof endpoint is local-only	2026-09-07T21:35:54.4995268Z   RU5_DEVICE_ARTIFACT_DIR: artifacts/intent-shell-device
physical-device-ui-proof	Assert proof endpoint is local-only	2026-09-07T21:35:54.4995866Z   RU5_ENTRY_PROOF: 1
physical-device-ui-proof	Assert proof endpoint is local-only	2026-09-07T21:35:54.4996363Z   SUPABASE_INTERNAL_IMAGE_REGISTRY: ghcr.io
physical-device-ui-proof	Assert proof endpoint is local-only	2026-09-07T21:35:54.4997141Z   JAVA_HOME: /opt/hostedtoolcache/Java_Temurin-Hotspot_jdk/17.0.20-1/x64
physical-device-ui-proof	Assert proof endpoint is local-only	2026-09-07T21:35:54.4998067Z   JAVA_HOME_17_X64: /opt/hostedtoolcache/Java_Temurin-Hotspot_jdk/17.0.20-1/x64
physical-device-ui-proof	Assert proof endpoint is local-only	2026-09-07T21:35:54.4998827Z   MAVEN_ARGS: -ntp
physical-device-ui-proof	Assert proof endpoint is local-only	2026-09-07T21:35:54.4999307Z   RU5_DEVICE_PROOF_DIR: /tmp/uskoci-ru5-device-ui
physical-device-ui-proof	Assert proof endpoint is local-only	2026-09-07T21:35:54.5000269Z   RU5_DEVICE_DB_URL: ***127.0.0.1:54322/postgres
physical-device-ui-proof	Assert proof endpoint is local-only	2026-09-07T21:35:54.5000931Z   RU5_DEVICE_SUPABASE_URL: http://127.0.0.1:54321
physical-device-ui-proof	Assert proof endpoint is local-only	2026-09-07T21:35:54.5003226Z   RU5_DEVICE_ANON_KEY: ***
physical-device-ui-proof	Assert proof endpoint is local-only	2026-09-07T21:35:54.5005352Z   RU5_DEVICE_SERVICE_ROLE_KEY: ***
physical-device-ui-proof	Assert proof endpoint is local-only	2026-09-07T21:35:54.5006327Z   RU5_DEVICE_REQUESTER_EMAIL: ru5-device-requester-9eb953a1-b2bb-44fc-b0ec-01410619fc5e@proof.invalid
physical-device-ui-proof	Assert proof endpoint is local-only	2026-09-07T21:35:54.5007750Z   RU5_DEVICE_WORKER_EMAIL: ru5-device-worker-9eb953a1-b2bb-44fc-b0ec-01410619fc5e@proof.invalid
physical-device-ui-proof	Assert proof endpoint is local-only	2026-09-07T21:35:54.5008895Z   RU5_DEVICE_PASSWORD: ***
physical-device-ui-proof	Assert proof endpoint is local-only	2026-09-07T21:35:54.5009475Z   RU5_DEVICE_NEED_ID: f15b1dbd-e043-4b43-8909-e1060e3a4c9c
physical-device-ui-proof	Assert proof endpoint is local-only	2026-09-07T21:35:54.5010180Z   RU5_DEVICE_NEED_TITLE: RU5 device journey 9eb953a1
physical-device-ui-proof	Assert proof endpoint is local-only	2026-09-07T21:35:54.5010928Z   RU5_DEVICE_REQUESTER_USER_ID: 006a4e7e-3b59-4109-a38c-e3d3faaa8df6
physical-device-ui-proof	Assert proof endpoint is local-only	2026-09-07T21:35:54.5012036Z   RU5_DEVICE_WORKER_USER_ID: ffb7436c-aa44-4c91-9624-66b012cfe072
physical-device-ui-proof	Assert proof endpoint is local-only	2026-09-07T21:35:54.5012788Z   N04_AGREEMENT_ID: dc7403b1-d1e8-45dc-937a-6cb8ce11d100
physical-device-ui-proof	Assert proof endpoint is local-only	2026-09-07T21:35:54.5023742Z   EXPO_PUBLIC_SUPABASE_URL: http://10.0.2.2:54321
physical-device-ui-proof	Assert proof endpoint is local-only	2026-09-07T21:35:54.5025905Z   EXPO_PUBLIC_SUPABASE_ANON_KEY: ***
physical-device-ui-proof	Assert proof endpoint is local-only	2026-09-07T21:35:54.5026470Z   EXPO_PUBLIC_USE_FAKE_SOURCE: 0
physical-device-ui-proof	Assert proof endpoint is local-only	2026-09-07T21:35:54.5026939Z ##[endgroup]
physical-device-ui-proof	Inject proof-only Android package id	﻿2026-09-07T21:35:54.5132798Z ##[group]Run node <<'NODE'
physical-device-ui-proof	Inject proof-only Android package id	2026-09-07T21:35:54.5133328Z ^[[36;1mnode <<'NODE'^[[0m
physical-device-ui-proof	Inject proof-only Android package id	2026-09-07T21:35:54.5133786Z ^[[36;1mconst fs = require('fs');^[[0m
physical-device-ui-proof	Inject proof-only Android package id	2026-09-07T21:35:54.5134325Z ^[[36;1mconst path = 'app.json';^[[0m
physical-device-ui-proof	Inject proof-only Android package id	2026-09-07T21:35:54.5134972Z ^[[36;1mconst app = JSON.parse(fs.readFileSync(path, 'utf8'));^[[0m
physical-device-ui-proof	Inject proof-only Android package id	2026-09-07T21:35:54.5135726Z ^[[36;1mapp.expo.android = app.expo.android || {};^[[0m
physical-device-ui-proof	Inject proof-only Android package id	2026-09-07T21:35:54.5136426Z ^[[36;1mapp.expo.android.package = 'rs.uskoci.n04proof';^[[0m
physical-device-ui-proof	Inject proof-only Android package id	2026-09-07T21:35:54.5137148Z ^[[36;1mapp.expo.name = 'USKOČI NAV PROOF';^[[0m
physical-device-ui-proof	Inject proof-only Android package id	2026-09-07T21:35:54.5137899Z ^[[36;1mfs.writeFileSync(path, JSON.stringify(app, null, 2) + '\n');^[[0m
physical-device-ui-proof	Inject proof-only Android package id	2026-09-07T21:35:54.5138579Z ^[[36;1mNODE^[[0m
physical-device-ui-proof	Inject proof-only Android package id	2026-09-07T21:35:54.5187052Z shell: /usr/bin/bash -e {0}
physical-device-ui-proof	Inject proof-only Android package id	2026-09-07T21:35:54.5187505Z env:
physical-device-ui-proof	Inject proof-only Android package id	2026-09-07T21:35:54.5187832Z   CI: 1
physical-device-ui-proof	Inject proof-only Android package id	2026-09-07T21:35:54.5188196Z   SUPABASE_TELEMETRY_DISABLED: 1
physical-device-ui-proof	Inject proof-only Android package id	2026-09-07T21:35:54.5188665Z   DO_NOT_TRACK: 1
physical-device-ui-proof	Inject proof-only Android package id	2026-09-07T21:35:54.5189099Z   RU5_DEVICE_PACKAGE: rs.uskoci.n04proof
physical-device-ui-proof	Inject proof-only Android package id	2026-09-07T21:35:54.5189783Z   RU5_DEVICE_ARTIFACT_DIR: artifacts/intent-shell-device
physical-device-ui-proof	Inject proof-only Android package id	2026-09-07T21:35:54.5190395Z   RU5_ENTRY_PROOF: 1
physical-device-ui-proof	Inject proof-only Android package id	2026-09-07T21:35:54.5191083Z   SUPABASE_INTERNAL_IMAGE_REGISTRY: ghcr.io
physical-device-ui-proof	Inject proof-only Android package id	2026-09-07T21:35:54.5192077Z   JAVA_HOME: /opt/hostedtoolcache/Java_Temurin-Hotspot_jdk/17.0.20-1/x64
physical-device-ui-proof	Inject proof-only Android package id	2026-09-07T21:35:54.5193002Z   JAVA_HOME_17_X64: /opt/hostedtoolcache/Java_Temurin-Hotspot_jdk/17.0.20-1/x64
physical-device-ui-proof	Inject proof-only Android package id	2026-09-07T21:35:54.5193731Z   MAVEN_ARGS: -ntp
physical-device-ui-proof	Inject proof-only Android package id	2026-09-07T21:35:54.5194180Z   RU5_DEVICE_PROOF_DIR: /tmp/uskoci-ru5-device-ui
physical-device-ui-proof	Inject proof-only Android package id	2026-09-07T21:35:54.5195058Z   RU5_DEVICE_DB_URL: ***127.0.0.1:54322/postgres
physical-device-ui-proof	Inject proof-only Android package id	2026-09-07T21:35:54.5195651Z   RU5_DEVICE_SUPABASE_URL: http://127.0.0.1:54321
physical-device-ui-proof	Inject proof-only Android package id	2026-09-07T21:35:54.5197624Z   RU5_DEVICE_ANON_KEY: ***
physical-device-ui-proof	Inject proof-only Android package id	2026-09-07T21:35:54.5199725Z   RU5_DEVICE_SERVICE_ROLE_KEY: ***
physical-device-ui-proof	Inject proof-only Android package id	2026-09-07T21:35:54.5200678Z   RU5_DEVICE_REQUESTER_EMAIL: ru5-device-requester-9eb953a1-b2bb-44fc-b0ec-01410619fc5e@proof.invalid
physical-device-ui-proof	Inject proof-only Android package id	2026-09-07T21:35:54.5202308Z   RU5_DEVICE_WORKER_EMAIL: ru5-device-worker-9eb953a1-b2bb-44fc-b0ec-01410619fc5e@proof.invalid
physical-device-ui-proof	Inject proof-only Android package id	2026-09-07T21:35:54.5203458Z   RU5_DEVICE_PASSWORD: ***
physical-device-ui-proof	Inject proof-only Android package id	2026-09-07T21:35:54.5204029Z   RU5_DEVICE_NEED_ID: f15b1dbd-e043-4b43-8909-e1060e3a4c9c
physical-device-ui-proof	Inject proof-only Android package id	2026-09-07T21:35:54.5204701Z   RU5_DEVICE_NEED_TITLE: RU5 device journey 9eb953a1
physical-device-ui-proof	Inject proof-only Android package id	2026-09-07T21:35:54.5205426Z   RU5_DEVICE_REQUESTER_USER_ID: 006a4e7e-3b59-4109-a38c-e3d3faaa8df6
physical-device-ui-proof	Inject proof-only Android package id	2026-09-07T21:35:54.5206233Z   RU5_DEVICE_WORKER_USER_ID: ffb7436c-aa44-4c91-9624-66b012cfe072
physical-device-ui-proof	Inject proof-only Android package id	2026-09-07T21:35:54.5206970Z   N04_AGREEMENT_ID: dc7403b1-d1e8-45dc-937a-6cb8ce11d100
physical-device-ui-proof	Inject proof-only Android package id	2026-09-07T21:35:54.5207629Z   EXPO_PUBLIC_SUPABASE_URL: http://10.0.2.2:54321
physical-device-ui-proof	Inject proof-only Android package id	2026-09-07T21:35:54.5209688Z   EXPO_PUBLIC_SUPABASE_ANON_KEY: ***
physical-device-ui-proof	Inject proof-only Android package id	2026-09-07T21:35:54.5210233Z   EXPO_PUBLIC_USE_FAKE_SOURCE: 0
physical-device-ui-proof	Inject proof-only Android package id	2026-09-07T21:35:54.5210708Z ##[endgroup]
physical-device-ui-proof	Generate native Android project	﻿2026-09-07T21:35:54.5608949Z ##[group]Run npx expo prebuild --platform android --clean
physical-device-ui-proof	Generate native Android project	2026-09-07T21:35:54.5609436Z ^[[36;1mnpx expo prebuild --platform android --clean^[[0m
physical-device-ui-proof	Generate native Android project	2026-09-07T21:35:54.5646623Z shell: /usr/bin/bash -e {0}
physical-device-ui-proof	Generate native Android project	2026-09-07T21:35:54.5646901Z env:
physical-device-ui-proof	Generate native Android project	2026-09-07T21:35:54.5647105Z   CI: 1
physical-device-ui-proof	Generate native Android project	2026-09-07T21:35:54.5647323Z   SUPABASE_TELEMETRY_DISABLED: 1
physical-device-ui-proof	Generate native Android project	2026-09-07T21:35:54.5647611Z   DO_NOT_TRACK: 1
physical-device-ui-proof	Generate native Android project	2026-09-07T21:35:54.5647862Z   RU5_DEVICE_PACKAGE: rs.uskoci.n04proof
physical-device-ui-proof	Generate native Android project	2026-09-07T21:35:54.5648221Z   RU5_DEVICE_ARTIFACT_DIR: artifacts/intent-shell-device
physical-device-ui-proof	Generate native Android project	2026-09-07T21:35:54.5648556Z   RU5_ENTRY_PROOF: 1
physical-device-ui-proof	Generate native Android project	2026-09-07T21:35:54.5648816Z   SUPABASE_INTERNAL_IMAGE_REGISTRY: ghcr.io
physical-device-ui-proof	Generate native Android project	2026-09-07T21:35:54.5649221Z   JAVA_HOME: /opt/hostedtoolcache/Java_Temurin-Hotspot_jdk/17.0.20-1/x64
physical-device-ui-proof	Generate native Android project	2026-09-07T21:35:54.5649726Z   JAVA_HOME_17_X64: /opt/hostedtoolcache/Java_Temurin-Hotspot_jdk/17.0.20-1/x64
physical-device-ui-proof	Generate native Android project	2026-09-07T21:35:54.5650128Z   MAVEN_ARGS: -ntp
physical-device-ui-proof	Generate native Android project	2026-09-07T21:35:54.5650393Z   RU5_DEVICE_PROOF_DIR: /tmp/uskoci-ru5-device-ui
physical-device-ui-proof	Generate native Android project	2026-09-07T21:35:54.5650985Z   RU5_DEVICE_DB_URL: ***127.0.0.1:54322/postgres
physical-device-ui-proof	Generate native Android project	2026-09-07T21:35:54.5651574Z   RU5_DEVICE_SUPABASE_URL: http://127.0.0.1:54321
physical-device-ui-proof	Generate native Android project	2026-09-07T21:35:54.5652605Z   RU5_DEVICE_ANON_KEY: ***
physical-device-ui-proof	Generate native Android project	2026-09-07T21:35:54.5653650Z   RU5_DEVICE_SERVICE_ROLE_KEY: ***
physical-device-ui-proof	Generate native Android project	2026-09-07T21:35:54.5654151Z   RU5_DEVICE_REQUESTER_EMAIL: ru5-device-requester-9eb953a1-b2bb-44fc-b0ec-01410619fc5e@proof.invalid
physical-device-ui-proof	Generate native Android project	2026-09-07T21:35:54.5654868Z   RU5_DEVICE_WORKER_EMAIL: ru5-device-worker-9eb953a1-b2bb-44fc-b0ec-01410619fc5e@proof.invalid
physical-device-ui-proof	Generate native Android project	2026-09-07T21:35:54.5655451Z   RU5_DEVICE_PASSWORD: ***
physical-device-ui-proof	Generate native Android project	2026-09-07T21:35:54.5655822Z   RU5_DEVICE_NEED_ID: f15b1dbd-e043-4b43-8909-e1060e3a4c9c
physical-device-ui-proof	Generate native Android project	2026-09-07T21:35:54.5656327Z   RU5_DEVICE_NEED_TITLE: RU5 device journey 9eb953a1
physical-device-ui-proof	Generate native Android project	2026-09-07T21:35:54.5656733Z   RU5_DEVICE_REQUESTER_USER_ID: 006a4e7e-3b59-4109-a38c-e3d3faaa8df6
physical-device-ui-proof	Generate native Android project	2026-09-07T21:35:54.5657173Z   RU5_DEVICE_WORKER_USER_ID: ffb7436c-aa44-4c91-9624-66b012cfe072
physical-device-ui-proof	Generate native Android project	2026-09-07T21:35:54.5657579Z   N04_AGREEMENT_ID: dc7403b1-d1e8-45dc-937a-6cb8ce11d100
physical-device-ui-proof	Generate native Android project	2026-09-07T21:35:54.5657981Z   EXPO_PUBLIC_SUPABASE_URL: http://10.0.2.2:54321
physical-device-ui-proof	Generate native Android project	2026-09-07T21:35:54.5659052Z   EXPO_PUBLIC_SUPABASE_ANON_KEY: ***
physical-device-ui-proof	Generate native Android project	2026-09-07T21:35:54.5659352Z   EXPO_PUBLIC_USE_FAKE_SOURCE: 0
physical-device-ui-proof	Generate native Android project	2026-09-07T21:35:54.5659609Z ##[endgroup]
physical-device-ui-proof	Generate native Android project	2026-09-07T21:35:55.1065547Z - Creating native directory (./android)
physical-device-ui-proof	Generate native Android project	2026-09-07T21:35:55.5345951Z ✔ Created native directory
physical-device-ui-proof	Generate native Android project	2026-09-07T21:35:55.5348957Z - Updating package.json
physical-device-ui-proof	Generate native Android project	2026-09-07T21:35:55.5402497Z ✔ Updated package.json
physical-device-ui-proof	Generate native Android project	2026-09-07T21:35:55.5404109Z - Running prebuild
physical-device-ui-proof	Generate native Android project	2026-09-07T21:35:57.2820437Z ✔ Finished prebuild
physical-device-ui-proof	Enable local HTTP only in generated proof APK	﻿2026-09-07T21:35:57.3343380Z ##[group]Run python3 <<'PY'
physical-device-ui-proof	Enable local HTTP only in generated proof APK	2026-09-07T21:35:57.3343723Z ^[[36;1mpython3 <<'PY'^[[0m
physical-device-ui-proof	Enable local HTTP only in generated proof APK	2026-09-07T21:35:57.3343990Z ^[[36;1mfrom pathlib import Path^[[0m
physical-device-ui-proof	Enable local HTTP only in generated proof APK	2026-09-07T21:35:57.3344354Z ^[[36;1mpath = Path('android/app/src/main/AndroidManifest.xml')^[[0m
physical-device-ui-proof	Enable local HTTP only in generated proof APK	2026-09-07T21:35:57.3344741Z ^[[36;1mtext = path.read_text()^[[0m
physical-device-ui-proof	Enable local HTTP only in generated proof APK	2026-09-07T21:35:57.3345080Z ^[[36;1mif 'android:usesCleartextTraffic=' not in text:^[[0m
physical-device-ui-proof	Enable local HTTP only in generated proof APK	2026-09-07T21:35:57.3345631Z ^[[36;1m    text = text.replace('<application ', '<application android:usesCleartextTraffic="true" ', 1)^[[0m
physical-device-ui-proof	Enable local HTTP only in generated proof APK	2026-09-07T21:35:57.3346137Z ^[[36;1mpath.write_text(text)^[[0m
physical-device-ui-proof	Enable local HTTP only in generated proof APK	2026-09-07T21:35:57.3346524Z ^[[36;1mif 'android:usesCleartextTraffic="true"' not in path.read_text():^[[0m
physical-device-ui-proof	Enable local HTTP only in generated proof APK	2026-09-07T21:35:57.3347052Z ^[[36;1m    raise SystemExit('proof-only cleartext manifest injection failed')^[[0m
physical-device-ui-proof	Enable local HTTP only in generated proof APK	2026-09-07T21:35:57.3347462Z ^[[36;1mPY^[[0m
physical-device-ui-proof	Enable local HTTP only in generated proof APK	2026-09-07T21:35:57.3386618Z shell: /usr/bin/bash -e {0}
physical-device-ui-proof	Enable local HTTP only in generated proof APK	2026-09-07T21:35:57.3386908Z env:
physical-device-ui-proof	Enable local HTTP only in generated proof APK	2026-09-07T21:35:57.3387116Z   CI: 1
physical-device-ui-proof	Enable local HTTP only in generated proof APK	2026-09-07T21:35:57.3387331Z   SUPABASE_TELEMETRY_DISABLED: 1
physical-device-ui-proof	Enable local HTTP only in generated proof APK	2026-09-07T21:35:57.3387637Z   DO_NOT_TRACK: 1
physical-device-ui-proof	Enable local HTTP only in generated proof APK	2026-09-07T21:35:57.3387885Z   RU5_DEVICE_PACKAGE: rs.uskoci.n04proof
physical-device-ui-proof	Enable local HTTP only in generated proof APK	2026-09-07T21:35:57.3388248Z   RU5_DEVICE_ARTIFACT_DIR: artifacts/intent-shell-device
physical-device-ui-proof	Enable local HTTP only in generated proof APK	2026-09-07T21:35:57.3388591Z   RU5_ENTRY_PROOF: 1
physical-device-ui-proof	Enable local HTTP only in generated proof APK	2026-09-07T21:35:57.3388858Z   SUPABASE_INTERNAL_IMAGE_REGISTRY: ghcr.io
physical-device-ui-proof	Enable local HTTP only in generated proof APK	2026-09-07T21:35:57.3389279Z   JAVA_HOME: /opt/hostedtoolcache/Java_Temurin-Hotspot_jdk/17.0.20-1/x64
physical-device-ui-proof	Enable local HTTP only in generated proof APK	2026-09-07T21:35:57.3389797Z   JAVA_HOME_17_X64: /opt/hostedtoolcache/Java_Temurin-Hotspot_jdk/17.0.20-1/x64
physical-device-ui-proof	Enable local HTTP only in generated proof APK	2026-09-07T21:35:57.3390200Z   MAVEN_ARGS: -ntp
physical-device-ui-proof	Enable local HTTP only in generated proof APK	2026-09-07T21:35:57.3390467Z   RU5_DEVICE_PROOF_DIR: /tmp/uskoci-ru5-device-ui
physical-device-ui-proof	Enable local HTTP only in generated proof APK	2026-09-07T21:35:57.3391026Z   RU5_DEVICE_DB_URL: ***127.0.0.1:54322/postgres
physical-device-ui-proof	Enable local HTTP only in generated proof APK	2026-09-07T21:35:57.3391870Z   RU5_DEVICE_SUPABASE_URL: http://127.0.0.1:54321
physical-device-ui-proof	Enable local HTTP only in generated proof APK	2026-09-07T21:35:57.3392913Z   RU5_DEVICE_ANON_KEY: ***
physical-device-ui-proof	Enable local HTTP only in generated proof APK	2026-09-07T21:35:57.3393967Z   RU5_DEVICE_SERVICE_ROLE_KEY: ***
physical-device-ui-proof	Enable local HTTP only in generated proof APK	2026-09-07T21:35:57.3394468Z   RU5_DEVICE_REQUESTER_EMAIL: ru5-device-requester-9eb953a1-b2bb-44fc-b0ec-01410619fc5e@proof.invalid
physical-device-ui-proof	Enable local HTTP only in generated proof APK	2026-09-07T21:35:57.3395183Z   RU5_DEVICE_WORKER_EMAIL: ru5-device-worker-9eb953a1-b2bb-44fc-b0ec-01410619fc5e@proof.invalid
physical-device-ui-proof	Enable local HTTP only in generated proof APK	2026-09-07T21:35:57.3396077Z   RU5_DEVICE_PASSWORD: ***
physical-device-ui-proof	Enable local HTTP only in generated proof APK	2026-09-07T21:35:57.3396392Z   RU5_DEVICE_NEED_ID: f15b1dbd-e043-4b43-8909-e1060e3a4c9c
physical-device-ui-proof	Enable local HTTP only in generated proof APK	2026-09-07T21:35:57.3396765Z   RU5_DEVICE_NEED_TITLE: RU5 device journey 9eb953a1
physical-device-ui-proof	Enable local HTTP only in generated proof APK	2026-09-07T21:35:57.3397171Z   RU5_DEVICE_REQUESTER_USER_ID: 006a4e7e-3b59-4109-a38c-e3d3faaa8df6
physical-device-ui-proof	Enable local HTTP only in generated proof APK	2026-09-07T21:35:57.3397613Z   RU5_DEVICE_WORKER_USER_ID: ffb7436c-aa44-4c91-9624-66b012cfe072
physical-device-ui-proof	Enable local HTTP only in generated proof APK	2026-09-07T21:35:57.3398019Z   N04_AGREEMENT_ID: dc7403b1-d1e8-45dc-937a-6cb8ce11d100
physical-device-ui-proof	Enable local HTTP only in generated proof APK	2026-09-07T21:35:57.3398400Z   EXPO_PUBLIC_SUPABASE_URL: http://10.0.2.2:54321
physical-device-ui-proof	Enable local HTTP only in generated proof APK	2026-09-07T21:35:57.3399456Z   EXPO_PUBLIC_SUPABASE_ANON_KEY: ***
physical-device-ui-proof	Enable local HTTP only in generated proof APK	2026-09-07T21:35:57.3399754Z   EXPO_PUBLIC_USE_FAKE_SOURCE: 0
physical-device-ui-proof	Enable local HTTP only in generated proof APK	2026-09-07T21:35:57.3400018Z ##[endgroup]
physical-device-ui-proof	Tune Gradle for x86_64 emulator APK	﻿2026-09-07T21:35:57.3773829Z ##[group]Run node <<'NODE'
physical-device-ui-proof	Tune Gradle for x86_64 emulator APK	2026-09-07T21:35:57.3774394Z ^[[36;1mnode <<'NODE'^[[0m
physical-device-ui-proof	Tune Gradle for x86_64 emulator APK	2026-09-07T21:35:57.3774859Z ^[[36;1mconst fs = require('fs');^[[0m
physical-device-ui-proof	Tune Gradle for x86_64 emulator APK	2026-09-07T21:35:57.3775382Z ^[[36;1mconst path = 'android/gradle.properties';^[[0m
physical-device-ui-proof	Tune Gradle for x86_64 emulator APK	2026-09-07T21:35:57.3775772Z ^[[36;1mlet text = fs.readFileSync(path, 'utf8');^[[0m
physical-device-ui-proof	Tune Gradle for x86_64 emulator APK	2026-09-07T21:35:57.3776131Z ^[[36;1mconst setProp = (key, value) => {^[[0m
physical-device-ui-proof	Tune Gradle for x86_64 emulator APK	2026-09-07T21:35:57.3776515Z ^[[36;1m  const escaped = key.replace(/[.*+?^${}()|[\]\\]/g, '\\$&');^[[0m
physical-device-ui-proof	Tune Gradle for x86_64 emulator APK	2026-09-07T21:35:57.3776929Z ^[[36;1m  const re = new RegExp(`^${escaped}=.*$`, 'm');^[[0m
physical-device-ui-proof	Tune Gradle for x86_64 emulator APK	2026-09-07T21:35:57.3777276Z ^[[36;1m  const line = `${key}=${value}`;^[[0m
physical-device-ui-proof	Tune Gradle for x86_64 emulator APK	2026-09-07T21:35:57.3777700Z ^[[36;1m  text = re.test(text) ? text.replace(re, line) : `${text.trimEnd()}\n${line}\n`;^[[0m
physical-device-ui-proof	Tune Gradle for x86_64 emulator APK	2026-09-07T21:35:57.3778359Z ^[[36;1m};^[[0m
physical-device-ui-proof	Tune Gradle for x86_64 emulator APK	2026-09-07T21:35:57.3778791Z ^[[36;1msetProp('org.gradle.jvmargs', '-Xmx4096m -XX:MaxMetaspaceSize=2048m -Dfile.encoding=UTF-8');^[[0m
physical-device-ui-proof	Tune Gradle for x86_64 emulator APK	2026-09-07T21:35:57.3779675Z ^[[36;1msetProp('reactNativeArchitectures', 'x86_64');^[[0m
physical-device-ui-proof	Tune Gradle for x86_64 emulator APK	2026-09-07T21:35:57.3780342Z ^[[36;1mfs.writeFileSync(path, text);^[[0m
physical-device-ui-proof	Tune Gradle for x86_64 emulator APK	2026-09-07T21:35:57.3780842Z ^[[36;1mNODE^[[0m
physical-device-ui-proof	Tune Gradle for x86_64 emulator APK	2026-09-07T21:35:57.3818318Z shell: /usr/bin/bash -e {0}
physical-device-ui-proof	Tune Gradle for x86_64 emulator APK	2026-09-07T21:35:57.3818596Z env:
physical-device-ui-proof	Tune Gradle for x86_64 emulator APK	2026-09-07T21:35:57.3818809Z   CI: 1
physical-device-ui-proof	Tune Gradle for x86_64 emulator APK	2026-09-07T21:35:57.3819033Z   SUPABASE_TELEMETRY_DISABLED: 1
physical-device-ui-proof	Tune Gradle for x86_64 emulator APK	2026-09-07T21:35:57.3819309Z   DO_NOT_TRACK: 1
physical-device-ui-proof	Tune Gradle for x86_64 emulator APK	2026-09-07T21:35:57.3819571Z   RU5_DEVICE_PACKAGE: rs.uskoci.n04proof
physical-device-ui-proof	Tune Gradle for x86_64 emulator APK	2026-09-07T21:35:57.3819934Z   RU5_DEVICE_ARTIFACT_DIR: artifacts/intent-shell-device
physical-device-ui-proof	Tune Gradle for x86_64 emulator APK	2026-09-07T21:35:57.3820273Z   RU5_ENTRY_PROOF: 1
physical-device-ui-proof	Tune Gradle for x86_64 emulator APK	2026-09-07T21:35:57.3820526Z   SUPABASE_INTERNAL_IMAGE_REGISTRY: ghcr.io
physical-device-ui-proof	Tune Gradle for x86_64 emulator APK	2026-09-07T21:35:57.3820945Z   JAVA_HOME: /opt/hostedtoolcache/Java_Temurin-Hotspot_jdk/17.0.20-1/x64
physical-device-ui-proof	Tune Gradle for x86_64 emulator APK	2026-09-07T21:35:57.3821749Z   JAVA_HOME_17_X64: /opt/hostedtoolcache/Java_Temurin-Hotspot_jdk/17.0.20-1/x64
physical-device-ui-proof	Tune Gradle for x86_64 emulator APK	2026-09-07T21:35:57.3822217Z   MAVEN_ARGS: -ntp
physical-device-ui-proof	Tune Gradle for x86_64 emulator APK	2026-09-07T21:35:57.3822510Z   RU5_DEVICE_PROOF_DIR: /tmp/uskoci-ru5-device-ui
physical-device-ui-proof	Tune Gradle for x86_64 emulator APK	2026-09-07T21:35:57.3823067Z   RU5_DEVICE_DB_URL: ***127.0.0.1:54322/postgres
physical-device-ui-proof	Tune Gradle for x86_64 emulator APK	2026-09-07T21:35:57.3823447Z   RU5_DEVICE_SUPABASE_URL: http://127.0.0.1:54321
physical-device-ui-proof	Tune Gradle for x86_64 emulator APK	2026-09-07T21:35:57.3824474Z   RU5_DEVICE_ANON_KEY: ***
physical-device-ui-proof	Tune Gradle for x86_64 emulator APK	2026-09-07T21:35:57.3825525Z   RU5_DEVICE_SERVICE_ROLE_KEY: ***
physical-device-ui-proof	Tune Gradle for x86_64 emulator APK	2026-09-07T21:35:57.3826036Z   RU5_DEVICE_REQUESTER_EMAIL: ru5-device-requester-9eb953a1-b2bb-44fc-b0ec-01410619fc5e@proof.invalid
physical-device-ui-proof	Tune Gradle for x86_64 emulator APK	2026-09-07T21:35:57.3826752Z   RU5_DEVICE_WORKER_EMAIL: ru5-device-worker-9eb953a1-b2bb-44fc-b0ec-01410619fc5e@proof.invalid
physical-device-ui-proof	Tune Gradle for x86_64 emulator APK	2026-09-07T21:35:57.3827339Z   RU5_DEVICE_PASSWORD: ***
physical-device-ui-proof	Tune Gradle for x86_64 emulator APK	2026-09-07T21:35:57.3827643Z   RU5_DEVICE_NEED_ID: f15b1dbd-e043-4b43-8909-e1060e3a4c9c
physical-device-ui-proof	Tune Gradle for x86_64 emulator APK	2026-09-07T21:35:57.3828019Z   RU5_DEVICE_NEED_TITLE: RU5 device journey 9eb953a1
physical-device-ui-proof	Tune Gradle for x86_64 emulator APK	2026-09-07T21:35:57.3828420Z   RU5_DEVICE_REQUESTER_USER_ID: 006a4e7e-3b59-4109-a38c-e3d3faaa8df6
physical-device-ui-proof	Tune Gradle for x86_64 emulator APK	2026-09-07T21:35:57.3828865Z   RU5_DEVICE_WORKER_USER_ID: ffb7436c-aa44-4c91-9624-66b012cfe072
physical-device-ui-proof	Tune Gradle for x86_64 emulator APK	2026-09-07T21:35:57.3829267Z   N04_AGREEMENT_ID: dc7403b1-d1e8-45dc-937a-6cb8ce11d100
physical-device-ui-proof	Tune Gradle for x86_64 emulator APK	2026-09-07T21:35:57.3829634Z   EXPO_PUBLIC_SUPABASE_URL: http://10.0.2.2:54321
physical-device-ui-proof	Tune Gradle for x86_64 emulator APK	2026-09-07T21:35:57.3830698Z   EXPO_PUBLIC_SUPABASE_ANON_KEY: ***
physical-device-ui-proof	Tune Gradle for x86_64 emulator APK	2026-09-07T21:35:57.3831000Z   EXPO_PUBLIC_USE_FAKE_SOURCE: 0
physical-device-ui-proof	Tune Gradle for x86_64 emulator APK	2026-09-07T21:35:57.3831481Z ##[endgroup]
physical-device-ui-proof	Build standalone proof APK	﻿2026-09-07T21:35:57.4236371Z ##[group]Run ./gradlew assembleRelease --no-daemon --max-workers=2 -x lintVitalAnalyzeRelease
physical-device-ui-proof	Build standalone proof APK	2026-09-07T21:35:57.4237099Z ^[[36;1m./gradlew assembleRelease --no-daemon --max-workers=2 -x lintVitalAnalyzeRelease^[[0m
physical-device-ui-proof	Build standalone proof APK	2026-09-07T21:35:57.4274711Z shell: /usr/bin/bash -e {0}
physical-device-ui-proof	Build standalone proof APK	2026-09-07T21:35:57.4274992Z env:
physical-device-ui-proof	Build standalone proof APK	2026-09-07T21:35:57.4275197Z   CI: 1
physical-device-ui-proof	Build standalone proof APK	2026-09-07T21:35:57.4275409Z   SUPABASE_TELEMETRY_DISABLED: 1
physical-device-ui-proof	Build standalone proof APK	2026-09-07T21:35:57.4275677Z   DO_NOT_TRACK: 1
physical-device-ui-proof	Build standalone proof APK	2026-09-07T21:35:57.4275925Z   RU5_DEVICE_PACKAGE: rs.uskoci.n04proof
physical-device-ui-proof	Build standalone proof APK	2026-09-07T21:35:57.4276306Z   RU5_DEVICE_ARTIFACT_DIR: artifacts/intent-shell-device
physical-device-ui-proof	Build standalone proof APK	2026-09-07T21:35:57.4276649Z   RU5_ENTRY_PROOF: 1
physical-device-ui-proof	Build standalone proof APK	2026-09-07T21:35:57.4276912Z   SUPABASE_INTERNAL_IMAGE_REGISTRY: ghcr.io
physical-device-ui-proof	Build standalone proof APK	2026-09-07T21:35:57.4277336Z   JAVA_HOME: /opt/hostedtoolcache/Java_Temurin-Hotspot_jdk/17.0.20-1/x64
physical-device-ui-proof	Build standalone proof APK	2026-09-07T21:35:57.4277838Z   JAVA_HOME_17_X64: /opt/hostedtoolcache/Java_Temurin-Hotspot_jdk/17.0.20-1/x64
physical-device-ui-proof	Build standalone proof APK	2026-09-07T21:35:57.4278235Z   MAVEN_ARGS: -ntp
physical-device-ui-proof	Build standalone proof APK	2026-09-07T21:35:57.4278501Z   RU5_DEVICE_PROOF_DIR: /tmp/uskoci-ru5-device-ui
physical-device-ui-proof	Build standalone proof APK	2026-09-07T21:35:57.4279099Z   RU5_DEVICE_DB_URL: ***127.0.0.1:54322/postgres
physical-device-ui-proof	Build standalone proof APK	2026-09-07T21:35:57.4279462Z   RU5_DEVICE_SUPABASE_URL: http://127.0.0.1:54321
physical-device-ui-proof	Build standalone proof APK	2026-09-07T21:35:57.4280476Z   RU5_DEVICE_ANON_KEY: ***
physical-device-ui-proof	Build standalone proof APK	2026-09-07T21:35:57.4281683Z   RU5_DEVICE_SERVICE_ROLE_KEY: ***
physical-device-ui-proof	Build standalone proof APK	2026-09-07T21:35:57.4282193Z   RU5_DEVICE_REQUESTER_EMAIL: ru5-device-requester-9eb953a1-b2bb-44fc-b0ec-01410619fc5e@proof.invalid
physical-device-ui-proof	Build standalone proof APK	2026-09-07T21:35:57.4282904Z   RU5_DEVICE_WORKER_EMAIL: ru5-device-worker-9eb953a1-b2bb-44fc-b0ec-01410619fc5e@proof.invalid
physical-device-ui-proof	Build standalone proof APK	2026-09-07T21:35:57.4283683Z   RU5_DEVICE_PASSWORD: ***
physical-device-ui-proof	Build standalone proof APK	2026-09-07T21:35:57.4283989Z   RU5_DEVICE_NEED_ID: f15b1dbd-e043-4b43-8909-e1060e3a4c9c
physical-device-ui-proof	Build standalone proof APK	2026-09-07T21:35:57.4284361Z   RU5_DEVICE_NEED_TITLE: RU5 device journey 9eb953a1
physical-device-ui-proof	Build standalone proof APK	2026-09-07T21:35:57.4284762Z   RU5_DEVICE_REQUESTER_USER_ID: 006a4e7e-3b59-4109-a38c-e3d3faaa8df6
physical-device-ui-proof	Build standalone proof APK	2026-09-07T21:35:57.4285200Z   RU5_DEVICE_WORKER_USER_ID: ffb7436c-aa44-4c91-9624-66b012cfe072
physical-device-ui-proof	Build standalone proof APK	2026-09-07T21:35:57.4285605Z   N04_AGREEMENT_ID: dc7403b1-d1e8-45dc-937a-6cb8ce11d100
physical-device-ui-proof	Build standalone proof APK	2026-09-07T21:35:57.4285973Z   EXPO_PUBLIC_SUPABASE_URL: http://10.0.2.2:54321
physical-device-ui-proof	Build standalone proof APK	2026-09-07T21:35:57.4287017Z   EXPO_PUBLIC_SUPABASE_ANON_KEY: ***
physical-device-ui-proof	Build standalone proof APK	2026-09-07T21:35:57.4287310Z   EXPO_PUBLIC_USE_FAKE_SOURCE: 0
physical-device-ui-proof	Build standalone proof APK	2026-09-07T21:35:57.4287573Z   NODE_ENV: production
physical-device-ui-proof	Build standalone proof APK	2026-09-07T21:35:57.4287805Z ##[endgroup]
physical-device-ui-proof	Build standalone proof APK	2026-09-07T21:35:59.2451463Z Downloading https://services.gradle.org/distributions/gradle-9.3.1-bin.zip
physical-device-ui-proof	Build standalone proof APK	2026-09-07T21:36:02.5386792Z .............10%.............20%.............30%.............40%.............50%.............60%.............70%.............80%.............90%.............100%
physical-device-ui-proof	Build standalone proof APK	2026-09-07T21:36:04.2852152Z
physical-device-ui-proof	Build standalone proof APK	2026-09-07T21:36:04.2852970Z Welcome to Gradle 9.3.1!
physical-device-ui-proof	Build standalone proof APK	2026-09-07T21:36:04.2853346Z
physical-device-ui-proof	Build standalone proof APK	2026-09-07T21:36:04.2853701Z Here are the highlights of this release:
physical-device-ui-proof	Build standalone proof APK	2026-09-07T21:36:04.2865237Z  - Test reporting improvements
physical-device-ui-proof	Build standalone proof APK	2026-09-07T21:36:04.2865756Z  - Error and warning improvements
physical-device-ui-proof	Build standalone proof APK	2026-09-07T21:36:04.2866116Z  - Build authoring improvements
physical-device-ui-proof	Build standalone proof APK	2026-09-07T21:36:04.2866342Z
physical-device-ui-proof	Build standalone proof APK	2026-09-07T21:36:04.2866718Z For more details see https://docs.gradle.org/9.3.1/release-notes.html
physical-device-ui-proof	Build standalone proof APK	2026-09-07T21:36:04.2867294Z
physical-device-ui-proof	Build standalone proof APK	2026-09-07T21:36:04.3851876Z To honour the JVM settings for this build a single-use Daemon process will be forked. For more on this, please refer to https://docs.gradle.org/9.3.1/userguide/gradle_daemon.html#sec:disabling_the_daemon in the Gradle documentation.
physical-device-ui-proof	Build standalone proof APK	2026-09-07T21:36:06.3839856Z Daemon will be stopped at the end of the build
physical-device-ui-proof	Build standalone proof APK	2026-09-07T21:37:02.5857307Z > Task :expo-gradle-plugin:expo-autolinking-plugin-shared:checkKotlinGradlePluginConfigurationErrors SKIPPED
physical-device-ui-proof	Build standalone proof APK	2026-09-07T21:37:02.5859389Z > Task :gradle-plugin:settings-plugin:checkKotlinGradlePluginConfigurationErrors SKIPPED
physical-device-ui-proof	Build standalone proof APK	2026-09-07T21:37:02.5860794Z > Task :gradle-plugin:shared:checkKotlinGradlePluginConfigurationErrors SKIPPED
physical-device-ui-proof	Build standalone proof APK	2026-09-07T21:37:02.7853178Z > Task :gradle-plugin:settings-plugin:pluginDescriptors
physical-device-ui-proof	Build standalone proof APK	2026-09-07T21:37:02.7863062Z > Task :gradle-plugin:settings-plugin:processResources
physical-device-ui-proof	Build standalone proof APK	2026-09-07T21:37:02.7865382Z > Task :expo-gradle-plugin:expo-autolinking-settings-plugin:checkKotlinGradlePluginConfigurationErrors SKIPPED
physical-device-ui-proof	Build standalone proof APK	2026-09-07T21:37:02.7867193Z > Task :expo-gradle-plugin:expo-autolinking-settings-plugin:pluginDescriptors
physical-device-ui-proof	Build standalone proof APK	2026-09-07T21:37:02.7868622Z > Task :expo-gradle-plugin:expo-autolinking-settings-plugin:processResources
physical-device-ui-proof	Build standalone proof APK	2026-09-07T21:37:14.4852576Z > Task :gradle-plugin:shared:compileKotlin
physical-device-ui-proof	Build standalone proof APK	2026-09-07T21:37:14.4882078Z > Task :gradle-plugin:shared:compileJava NO-SOURCE
physical-device-ui-proof	Build standalone proof APK	2026-09-07T21:37:14.4882955Z > Task :gradle-plugin:shared:processResources NO-SOURCE
physical-device-ui-proof	Build standalone proof APK	2026-09-07T21:37:14.4912084Z > Task :gradle-plugin:shared:classes UP-TO-DATE
physical-device-ui-proof	Build standalone proof APK	2026-09-07T21:37:14.4942151Z > Task :gradle-plugin:shared:jar
physical-device-ui-proof	Build standalone proof APK	2026-09-07T21:37:14.8839298Z > Task :expo-gradle-plugin:expo-autolinking-plugin-shared:compileKotlin
physical-device-ui-proof	Build standalone proof APK	2026-09-07T21:37:14.8840779Z > Task :expo-gradle-plugin:expo-autolinking-plugin-shared:compileJava NO-SOURCE
physical-device-ui-proof	Build standalone proof APK	2026-09-07T21:37:14.8842118Z > Task :expo-gradle-plugin:expo-autolinking-plugin-shared:processResources NO-SOURCE
physical-device-ui-proof	Build standalone proof APK	2026-09-07T21:37:14.8843224Z > Task :expo-gradle-plugin:expo-autolinking-plugin-shared:classes UP-TO-DATE
physical-device-ui-proof	Build standalone proof APK	2026-09-07T21:37:14.8844357Z > Task :expo-gradle-plugin:expo-autolinking-plugin-shared:jar
physical-device-ui-proof	Build standalone proof APK	2026-09-07T21:37:24.9842732Z > Task :gradle-plugin:settings-plugin:compileKotlin
physical-device-ui-proof	Build standalone proof APK	2026-09-07T21:37:24.9862332Z > Task :gradle-plugin:settings-plugin:compileJava NO-SOURCE
physical-device-ui-proof	Build standalone proof APK	2026-09-07T21:37:24.9892108Z > Task :gradle-plugin:settings-plugin:classes
physical-device-ui-proof	Build standalone proof APK	2026-09-07T21:37:24.9922184Z > Task :gradle-plugin:settings-plugin:jar
physical-device-ui-proof	Build standalone proof APK	2026-09-07T21:37:26.9840312Z > Task :expo-gradle-plugin:expo-autolinking-settings-plugin:compileKotlin
physical-device-ui-proof	Build standalone proof APK	2026-09-07T21:37:26.9845053Z > Task :expo-gradle-plugin:expo-autolinking-settings-plugin:compileJava NO-SOURCE
physical-device-ui-proof	Build standalone proof APK	2026-09-07T21:37:26.9846737Z > Task :expo-gradle-plugin:expo-autolinking-settings-plugin:classes
physical-device-ui-proof	Build standalone proof APK	2026-09-07T21:37:26.9848128Z > Task :expo-gradle-plugin:expo-autolinking-settings-plugin:jar
physical-device-ui-proof	Build standalone proof APK	2026-09-07T21:37:43.0840704Z > Task :gradle-plugin:react-native-gradle-plugin:checkKotlinGradlePluginConfigurationErrors SKIPPED
physical-device-ui-proof	Build standalone proof APK	2026-09-07T21:37:43.0843005Z > Task :expo-module-gradle-plugin:checkKotlinGradlePluginConfigurationErrors SKIPPED
physical-device-ui-proof	Build standalone proof APK	2026-09-07T21:37:43.0844361Z > Task :expo-module-gradle-plugin:pluginDescriptors
physical-device-ui-proof	Build standalone proof APK	2026-09-07T21:37:43.0845464Z > Task :expo-module-gradle-plugin:processResources
physical-device-ui-proof	Build standalone proof APK	2026-09-07T21:37:43.0847132Z > Task :expo-gradle-plugin:expo-autolinking-plugin:checkKotlinGradlePluginConfigurationErrors SKIPPED
physical-device-ui-proof	Build standalone proof APK	2026-09-07T21:37:43.0848572Z > Task :expo-gradle-plugin:expo-autolinking-plugin:pluginDescriptors
physical-device-ui-proof	Build standalone proof APK	2026-09-07T21:37:43.0849874Z > Task :expo-gradle-plugin:expo-autolinking-plugin:processResources
physical-device-ui-proof	Build standalone proof APK	2026-09-07T21:37:43.0851944Z > Task :expo-gradle-plugin:expo-max-sdk-override-plugin:checkKotlinGradlePluginConfigurationErrors SKIPPED
physical-device-ui-proof	Build standalone proof APK	2026-09-07T21:37:45.1844994Z > Task :expo-gradle-plugin:expo-max-sdk-override-plugin:compileKotlin
physical-device-ui-proof	Build standalone proof APK	2026-09-07T21:37:45.1872537Z > Task :expo-gradle-plugin:expo-max-sdk-override-plugin:compileJava NO-SOURCE
physical-device-ui-proof	Build standalone proof APK	2026-09-07T21:37:45.1902383Z > Task :expo-gradle-plugin:expo-max-sdk-override-plugin:pluginDescriptors
physical-device-ui-proof	Build standalone proof APK	2026-09-07T21:37:45.1903609Z > Task :expo-gradle-plugin:expo-max-sdk-override-plugin:processResources
physical-device-ui-proof	Build standalone proof APK	2026-09-07T21:37:45.1932255Z > Task :expo-gradle-plugin:expo-max-sdk-override-plugin:classes
physical-device-ui-proof	Build standalone proof APK	2026-09-07T21:37:45.1933272Z > Task :expo-gradle-plugin:expo-max-sdk-override-plugin:jar
physical-device-ui-proof	Build standalone proof APK	2026-09-07T21:37:46.3852900Z > Task :expo-gradle-plugin:expo-autolinking-plugin:compileKotlin
physical-device-ui-proof	Build standalone proof APK	2026-09-07T21:37:46.3854065Z > Task :expo-gradle-plugin:expo-autolinking-plugin:compileJava NO-SOURCE
physical-device-ui-proof	Build standalone proof APK	2026-09-07T21:37:46.3855085Z > Task :expo-gradle-plugin:expo-autolinking-plugin:classes
physical-device-ui-proof	Build standalone proof APK	2026-09-07T21:37:46.3855933Z > Task :expo-gradle-plugin:expo-autolinking-plugin:jar
physical-device-ui-proof	Build standalone proof APK	2026-09-07T21:37:47.7856578Z > Task :gradle-plugin:react-native-gradle-plugin:pluginDescriptors
physical-device-ui-proof	Build standalone proof APK	2026-09-07T21:37:47.7859656Z > Task :gradle-plugin:react-native-gradle-plugin:processResources
physical-device-ui-proof	Build standalone proof APK	2026-09-07T21:37:52.2845073Z > Task :gradle-plugin:react-native-gradle-plugin:compileKotlin
physical-device-ui-proof	Build standalone proof APK	2026-09-07T21:37:52.2846886Z > Task :gradle-plugin:react-native-gradle-plugin:compileJava NO-SOURCE
physical-device-ui-proof	Build standalone proof APK	2026-09-07T21:37:52.2849228Z > Task :gradle-plugin:react-native-gradle-plugin:classes
physical-device-ui-proof	Build standalone proof APK	2026-09-07T21:37:52.2850494Z > Task :gradle-plugin:react-native-gradle-plugin:jar
physical-device-ui-proof	Build standalone proof APK	2026-09-07T21:37:54.0838650Z
physical-device-ui-proof	Build standalone proof APK	2026-09-07T21:37:54.0839701Z > Task :expo-module-gradle-plugin:compileKotlin
physical-device-ui-proof	Build standalone proof APK	2026-09-07T21:37:54.0843775Z w: file:///home/runner/work/USKOCI-CLEAN/USKOCI-CLEAN/node_modules/expo-modules-core/expo-module-gradle-plugin/src/main/kotlin/expo/modules/plugin/android/AndroidLibraryExtension.kt:9:24 'var targetSdk: Int?' is deprecated. Will be removed from library DSL in v9.0. Use testOptions.targetSdk or/and lint.targetSdk instead.
physical-device-ui-proof	Build standalone proof APK	2026-09-07T21:37:54.0847568Z
physical-device-ui-proof	Build standalone proof APK	2026-09-07T21:37:54.0848213Z > Task :expo-module-gradle-plugin:compileJava NO-SOURCE
physical-device-ui-proof	Build standalone proof APK	2026-09-07T21:37:54.0849202Z > Task :expo-module-gradle-plugin:classes
physical-device-ui-proof	Build standalone proof APK	2026-09-07T21:37:54.0850229Z > Task :expo-module-gradle-plugin:jar
physical-device-ui-proof	Build standalone proof APK	2026-09-07T21:38:05.2840131Z
physical-device-ui-proof	Build standalone proof APK	2026-09-07T21:38:05.2840926Z > Configure project :
physical-device-ui-proof	Build standalone proof APK	2026-09-07T21:38:05.2842269Z ^[[32m[ExpoRootProject]^[[0m Using the following versions:
physical-device-ui-proof	Build standalone proof APK	2026-09-07T21:38:05.2843045Z   - buildTools:  ^[[32m36.0.0^[[0m
physical-device-ui-proof	Build standalone proof APK	2026-09-07T21:38:05.2843594Z   - minSdk:      ^[[32m24^[[0m
physical-device-ui-proof	Build standalone proof APK	2026-09-07T21:38:05.2844128Z   - compileSdk:  ^[[32m36^[[0m
physical-device-ui-proof	Build standalone proof APK	2026-09-07T21:38:05.2844674Z   - targetSdk:   ^[[32m36^[[0m
physical-device-ui-proof	Build standalone proof APK	2026-09-07T21:38:05.2845245Z   - ndk:         ^[[32m27.1.12297006^[[0m
physical-device-ui-proof	Build standalone proof APK	2026-09-07T21:38:05.2845813Z   - kotlin:      ^[[32m2.1.20^[[0m
physical-device-ui-proof	Build standalone proof APK	2026-09-07T21:38:05.2846391Z   - ksp:         ^[[32m2.1.20-2.0.1^[[0m
physical-device-ui-proof	Build standalone proof APK	2026-09-07T21:38:23.8838207Z
physical-device-ui-proof	Build standalone proof APK	2026-09-07T21:38:23.8839131Z > Configure project :app
physical-device-ui-proof	Build standalone proof APK	2026-09-07T21:38:23.8840680Z  ℹ️  ^[[33mApplying gradle plugin^[[0m '^[[32mexpo-max-sdk-override-plugin^[[0m'
physical-device-ui-proof	Build standalone proof APK	2026-09-07T21:38:23.8844310Z   [expo-max-sdk-override-plugin] This plugin will find all permissions declared with `android:maxSdkVersion`. If there exists a declaration with the `android:maxSdkVersion` annotation and another one without, the plugin will remove the annotation from the final merged manifest. In order to see a log with the changes run a clean build of the app.
physical-device-ui-proof	Build standalone proof APK	2026-09-07T21:38:23.8847819Z Checking the license for package NDK (Side by side) 27.1.12297006 in /usr/local/lib/android/sdk/licenses
physical-device-ui-proof	Build standalone proof APK	2026-09-07T21:38:23.8849258Z License for package NDK (Side by side) 27.1.12297006 accepted.
physical-device-ui-proof	Build standalone proof APK	2026-09-07T21:38:23.8850434Z Preparing "Install NDK (Side by side) 27.1.12297006 v.27.1.12297006".
physical-device-ui-proof	Build standalone proof APK	2026-09-07T21:38:23.8851750Z "Install NDK (Side by side) 27.1.12297006 v.27.1.12297006" ready.
physical-device-ui-proof	Build standalone proof APK	2026-09-07T21:38:23.8853087Z Installing NDK (Side by side) 27.1.12297006 in /usr/local/lib/android/sdk/ndk/27.1.12297006
physical-device-ui-proof	Build standalone proof APK	2026-09-07T21:38:23.8854461Z "Install NDK (Side by side) 27.1.12297006 v.27.1.12297006" complete.
physical-device-ui-proof	Build standalone proof APK	2026-09-07T21:38:23.8855611Z "Install NDK (Side by side) 27.1.12297006 v.27.1.12297006" finished.
physical-device-ui-proof	Build standalone proof APK	2026-09-07T21:38:25.8838430Z
physical-device-ui-proof	Build standalone proof APK	2026-09-07T21:38:25.8839289Z > Configure project :expo
physical-device-ui-proof	Build standalone proof APK	2026-09-07T21:38:25.8839692Z
physical-device-ui-proof	Build standalone proof APK	2026-09-07T21:38:25.8840066Z Using expo modules
physical-device-ui-proof	Build standalone proof APK	2026-09-07T21:38:25.8840913Z   - ^[[32mexpo-log-box^[[0m (57.0.4)
physical-device-ui-proof	Build standalone proof APK	2026-09-07T21:38:25.8842153Z   - ^[[32mexpo-constants^[[0m (57.0.16)
physical-device-ui-proof	Build standalone proof APK	2026-09-07T21:38:36.8856423Z
physical-device-ui-proof	Build standalone proof APK	2026-09-07T21:38:36.8922525Z > Configure project :expo-modules-core
physical-device-ui-proof	Build standalone proof APK	2026-09-07T21:38:36.8952450Z Linking react-native-worklets native libs into expo-modules-core build tasks
physical-device-ui-proof	Build standalone proof APK	2026-09-07T21:38:36.8992259Z task ':react-native-worklets:mergeDebugNativeLibs'
physical-device-ui-proof	Build standalone proof APK	2026-09-07T21:38:36.8993118Z task ':react-native-worklets:mergeReleaseNativeLibs'
physical-device-ui-proof	Build standalone proof APK	2026-09-07T21:38:36.8993562Z
physical-device-ui-proof	Build standalone proof APK	2026-09-07T21:38:36.8993804Z > Configure project :expo
physical-device-ui-proof	Build standalone proof APK	2026-09-07T21:38:36.8994635Z   - ^[[32mexpo-modules-core^[[0m (57.0.14)
physical-device-ui-proof	Build standalone proof APK	2026-09-07T21:38:36.8995380Z   - ^[[33m[📦]^[[0m ^[[32mexpo-dom-webview^[[0m (57.0.1)
physical-device-ui-proof	Build standalone proof APK	2026-09-07T21:38:36.8996569Z   - ^[[33m[📦]^[[0m ^[[32mexpo-ui^[[0m (57.0.14)
physical-device-ui-proof	Build standalone proof APK	2026-09-07T21:38:36.8997258Z   - ^[[33m[📦]^[[0m ^[[32mexpo-asset^[[0m (57.0.15)
physical-device-ui-proof	Build standalone proof APK	2026-09-07T21:38:36.8997982Z   - ^[[33m[📦]^[[0m ^[[32mexpo-device^[[0m (57.0.1)
physical-device-ui-proof	Build standalone proof APK	2026-09-07T21:38:36.8998701Z   - ^[[33m[📦]^[[0m ^[[32mexpo-file-system^[[0m (57.0.6)
physical-device-ui-proof	Build standalone proof APK	2026-09-07T21:38:36.8999907Z   - ^[[33m[📦]^[[0m ^[[32mexpo-font^[[0m (57.0.2)
physical-device-ui-proof	Build standalone proof APK	2026-09-07T21:38:36.9000592Z   - ^[[33m[📦]^[[0m ^[[32mexpo-haptics^[[0m (57.0.2)
physical-device-ui-proof	Build standalone proof APK	2026-09-07T21:38:36.9001506Z   - ^[[33m[📦]^[[0m ^[[32mexpo-image^[[0m (57.0.3)
physical-device-ui-proof	Build standalone proof APK	2026-09-07T21:38:36.9002224Z   - ^[[33m[📦]^[[0m ^[[32mexpo-keep-awake^[[0m (57.0.1)
physical-device-ui-proof	Build standalone proof APK	2026-09-07T21:38:36.9002916Z   - ^[[33m[📦]^[[0m ^[[32mexpo-linking^[[0m (57.0.8)
physical-device-ui-proof	Build standalone proof APK	2026-09-07T21:38:36.9003608Z   - ^[[33m[📦]^[[0m ^[[32mexpo-router^[[0m (57.0.17)
physical-device-ui-proof	Build standalone proof APK	2026-09-07T21:38:36.9004345Z   - ^[[33m[📦]^[[0m ^[[32mexpo-splash-screen^[[0m (57.0.8)
physical-device-ui-proof	Build standalone proof APK	2026-09-07T21:38:36.9005121Z   - ^[[33m[📦]^[[0m ^[[32mexpo-status-bar^[[0m (57.0.1)
physical-device-ui-proof	Build standalone proof APK	2026-09-07T21:38:36.9005828Z   - ^[[33m[📦]^[[0m ^[[32mexpo-system-ui^[[0m (57.0.3)
physical-device-ui-proof	Build standalone proof APK	2026-09-07T21:38:36.9006551Z   - ^[[33m[📦]^[[0m ^[[32mexpo-web-browser^[[0m (57.0.2)
physical-device-ui-proof	Build standalone proof APK	2026-09-07T21:38:36.9006934Z
physical-device-ui-proof	Build standalone proof APK	2026-09-07T21:40:15.1851965Z
physical-device-ui-proof	Build standalone proof APK	2026-09-07T21:40:15.1902407Z > Task :expo:generatePackagesList
physical-device-ui-proof	Build standalone proof APK	2026-09-07T21:40:15.1952642Z > Task :expo:preBuild
physical-device-ui-proof	Build standalone proof APK	2026-09-07T21:40:15.2840442Z > Task :app:generateAutolinkingNewArchitectureFiles
physical-device-ui-proof	Build standalone proof APK	2026-09-07T21:40:15.2845106Z > Task :app:generateAutolinkingPackageList
physical-device-ui-proof	Build standalone proof APK	2026-09-07T21:40:15.2846139Z > Task :app:generateCodegenSchemaFromJavaScript SKIPPED
physical-device-ui-proof	Build standalone proof APK	2026-09-07T21:40:15.2847723Z > Task :app:generateCodegenArtifactsFromSchema SKIPPED
physical-device-ui-proof	Build standalone proof APK	2026-09-07T21:40:15.2848595Z > Task :app:generateReactNativeEntryPoint
physical-device-ui-proof	Build standalone proof APK	2026-09-07T21:40:15.2852635Z > Task :expo-log-box:preBuild UP-TO-DATE
physical-device-ui-proof	Build standalone proof APK	2026-09-07T21:40:15.2857858Z > Task :expo-modules-core:preBuild UP-TO-DATE
physical-device-ui-proof	Build standalone proof APK	2026-09-07T21:40:15.4840073Z > Task :react-native-async-storage_async-storage:generateCodegenSchemaFromJavaScript
physical-device-ui-proof	Build standalone proof APK	2026-09-07T21:40:15.4853209Z > Task :expo-constants:createExpoConfig
physical-device-ui-proof	Build standalone proof APK	2026-09-07T21:40:15.4853873Z > Task :expo-constants:preBuild
physical-device-ui-proof	Build standalone proof APK	2026-09-07T21:40:15.6839402Z > Task :react-native-gesture-handler:generateCodegenSchemaFromJavaScript
physical-device-ui-proof	Build standalone proof APK	2026-09-07T21:40:15.6840883Z > Task :react-native-async-storage_async-storage:generateCodegenArtifactsFromSchema
physical-device-ui-proof	Build standalone proof APK	2026-09-07T21:40:15.6842247Z > Task :react-native-async-storage_async-storage:preBuild
physical-device-ui-proof	Build standalone proof APK	2026-09-07T21:40:15.6843210Z > Task :react-native-masked-view_masked-view:preBuild UP-TO-DATE
physical-device-ui-proof	Build standalone proof APK	2026-09-07T21:40:15.6844210Z > Task :react-native-reanimated:assertMinimalReactNativeVersionTask
physical-device-ui-proof	Build standalone proof APK	2026-09-07T21:40:15.7839011Z > Task :react-native-reanimated:assertWorkletsVersionTask
physical-device-ui-proof	Build standalone proof APK	2026-09-07T21:40:15.8842995Z > Task :react-native-gesture-handler:generateCodegenArtifactsFromSchema
physical-device-ui-proof	Build standalone proof APK	2026-09-07T21:40:15.8862450Z > Task :react-native-gesture-handler:preBuild
physical-device-ui-proof	Build standalone proof APK	2026-09-07T21:40:15.8881110Z > Task :react-native-reanimated:generateCodegenSchemaFromJavaScript
physical-device-ui-proof	Build standalone proof APK	2026-09-07T21:40:15.9838728Z > Task :react-native-safe-area-context:generateCodegenSchemaFromJavaScript
physical-device-ui-proof	Build standalone proof APK	2026-09-07T21:40:16.0839658Z > Task :react-native-reanimated:generateCodegenArtifactsFromSchema
physical-device-ui-proof	Build standalone proof APK	2026-09-07T21:40:16.1839002Z > Task :react-native-safe-area-context:generateCodegenArtifactsFromSchema
physical-device-ui-proof	Build standalone proof APK	2026-09-07T21:40:16.1840126Z > Task :react-native-safe-area-context:preBuild
physical-device-ui-proof	Build standalone proof APK	2026-09-07T21:40:16.1841122Z > Task :react-native-reanimated:prepareReanimatedHeadersForPrefabs
physical-device-ui-proof	Build standalone proof APK	2026-09-07T21:40:16.1842533Z > Task :react-native-reanimated:preBuild
physical-device-ui-proof	Build standalone proof APK	2026-09-07T21:40:16.3839428Z > Task :react-native-screens:generateCodegenSchemaFromJavaScript
physical-device-ui-proof	Build standalone proof APK	2026-09-07T21:40:16.4838938Z > Task :react-native-svg:generateCodegenSchemaFromJavaScript
physical-device-ui-proof	Build standalone proof APK	2026-09-07T21:40:16.5841732Z > Task :react-native-screens:generateCodegenArtifactsFromSchema
physical-device-ui-proof	Build standalone proof APK	2026-09-07T21:40:16.5843192Z > Task :react-native-screens:preBuild
physical-device-ui-proof	Build standalone proof APK	2026-09-07T21:40:16.5844351Z > Task :react-native-svg:generateCodegenArtifactsFromSchema
physical-device-ui-proof	Build standalone proof APK	2026-09-07T21:40:16.5845364Z > Task :react-native-svg:preBuild
physical-device-ui-proof	Build standalone proof APK	2026-09-07T21:40:16.5846283Z > Task :react-native-reanimated:preReleaseBuild
physical-device-ui-proof	Build standalone proof APK	2026-09-07T21:40:16.5847133Z > Task :expo:preReleaseBuild
physical-device-ui-proof	Build standalone proof APK	2026-09-07T21:40:16.6854956Z > Task :react-native-worklets:assertMinimalReactNativeVersionTask
physical-device-ui-proof	Build standalone proof APK	2026-09-07T21:40:16.6856134Z > Task :expo:mergeReleaseJniLibFolders
physical-device-ui-proof	Build standalone proof APK	2026-09-07T21:40:16.6856853Z > Task :expo:mergeReleaseNativeLibs NO-SOURCE
physical-device-ui-proof	Build standalone proof APK	2026-09-07T21:40:16.6857589Z > Task :expo:copyReleaseJniLibsProjectOnly
physical-device-ui-proof	Build standalone proof APK	2026-09-07T21:40:16.6858659Z > Task :expo-constants:preReleaseBuild
physical-device-ui-proof	Build standalone proof APK	2026-09-07T21:40:16.6859398Z > Task :expo-constants:mergeReleaseJniLibFolders
physical-device-ui-proof	Build standalone proof APK	2026-09-07T21:40:16.6860232Z > Task :expo-constants:mergeReleaseNativeLibs NO-SOURCE
physical-device-ui-proof	Build standalone proof APK	2026-09-07T21:40:16.6861071Z > Task :expo-constants:copyReleaseJniLibsProjectOnly
physical-device-ui-proof	Build standalone proof APK	2026-09-07T21:40:16.6862164Z > Task :expo-log-box:preReleaseBuild UP-TO-DATE
physical-device-ui-proof	Build standalone proof APK	2026-09-07T21:40:16.6862925Z > Task :expo-log-box:mergeReleaseJniLibFolders
physical-device-ui-proof	Build standalone proof APK	2026-09-07T21:40:16.6863747Z > Task :expo-log-box:mergeReleaseNativeLibs NO-SOURCE
physical-device-ui-proof	Build standalone proof APK	2026-09-07T21:40:16.6864592Z > Task :expo-log-box:copyReleaseJniLibsProjectOnly
physical-device-ui-proof	Build standalone proof APK	2026-09-07T21:40:16.6865452Z > Task :expo-modules-core:preReleaseBuild UP-TO-DATE
physical-device-ui-proof	Build standalone proof APK	2026-09-07T21:40:16.6866309Z > Task :expo-modules-core:mergeReleaseJniLibFolders
physical-device-ui-proof	Build standalone proof APK	2026-09-07T21:40:16.6867257Z > Task :react-native-async-storage_async-storage:preReleaseBuild
physical-device-ui-proof	Build standalone proof APK	2026-09-07T21:40:16.7843751Z > Task :react-native-async-storage_async-storage:mergeReleaseJniLibFolders
physical-device-ui-proof	Build standalone proof APK	2026-09-07T21:40:16.7845511Z > Task :react-native-async-storage_async-storage:mergeReleaseNativeLibs NO-SOURCE
physical-device-ui-proof	Build standalone proof APK	2026-09-07T21:40:16.7847476Z > Task :react-native-async-storage_async-storage:copyReleaseJniLibsProjectOnly
physical-device-ui-proof	Build standalone proof APK	2026-09-07T21:40:16.7853923Z > Task :react-native-gesture-handler:preReleaseBuild
physical-device-ui-proof	Build standalone proof APK	2026-09-07T21:40:16.7855172Z > Task :react-native-gesture-handler:mergeReleaseJniLibFolders
physical-device-ui-proof	Build standalone proof APK	2026-09-07T21:40:16.7856557Z > Task :react-native-masked-view_masked-view:preReleaseBuild UP-TO-DATE
physical-device-ui-proof	Build standalone proof APK	2026-09-07T21:40:16.7857874Z > Task :react-native-masked-view_masked-view:mergeReleaseJniLibFolders
physical-device-ui-proof	Build standalone proof APK	2026-09-07T21:40:16.7859632Z > Task :react-native-masked-view_masked-view:mergeReleaseNativeLibs NO-SOURCE
physical-device-ui-proof	Build standalone proof APK	2026-09-07T21:40:16.7860992Z > Task :react-native-masked-view_masked-view:copyReleaseJniLibsProjectOnly
physical-device-ui-proof	Build standalone proof APK	2026-09-07T21:40:16.7862463Z > Task :react-native-reanimated:mergeReleaseJniLibFolders
physical-device-ui-proof	Build standalone proof APK	2026-09-07T21:40:16.7863522Z > Task :react-native-safe-area-context:preReleaseBuild
physical-device-ui-proof	Build standalone proof APK	2026-09-07T21:40:16.7864744Z > Task :react-native-safe-area-context:mergeReleaseJniLibFolders
physical-device-ui-proof	Build standalone proof APK	2026-09-07T21:40:16.7866014Z > Task :react-native-safe-area-context:mergeReleaseNativeLibs NO-SOURCE
physical-device-ui-proof	Build standalone proof APK	2026-09-07T21:40:16.7867301Z > Task :react-native-safe-area-context:copyReleaseJniLibsProjectOnly
physical-device-ui-proof	Build standalone proof APK	2026-09-07T21:40:16.7868424Z > Task :react-native-screens:preReleaseBuild
physical-device-ui-proof	Build standalone proof APK	2026-09-07T21:40:16.7869562Z > Task :react-native-worklets:generateCodegenSchemaFromJavaScript
physical-device-ui-proof	Build standalone proof APK	2026-09-07T21:40:16.9840052Z > Task :react-native-worklets:generateCodegenArtifactsFromSchema
physical-device-ui-proof	Build standalone proof APK	2026-09-07T21:40:16.9842186Z > Task :react-native-worklets:prepareWorkletsHeadersForPrefabs
physical-device-ui-proof	Build standalone proof APK	2026-09-07T21:40:16.9843593Z > Task :react-native-worklets:preBuild
physical-device-ui-proof	Build standalone proof APK	2026-09-07T21:40:16.9844445Z > Task :app:preBuild
physical-device-ui-proof	Build standalone proof APK	2026-09-07T21:40:16.9844979Z > Task :app:preReleaseBuild
physical-device-ui-proof	Build standalone proof APK	2026-09-07T21:40:16.9845669Z > Task :react-native-worklets:preReleaseBuild
physical-device-ui-proof	Build standalone proof APK	2026-09-07T21:40:18.7842874Z
physical-device-ui-proof	Build standalone proof APK	2026-09-07T21:40:18.7844013Z > Task :react-native-screens:configureCMakeRelWithDebInfo[x86_64]
physical-device-ui-proof	Build standalone proof APK	2026-09-07T21:40:18.7845662Z Checking the license for package CMake 3.22.1 in /usr/local/lib/android/sdk/licenses
physical-device-ui-proof	Build standalone proof APK	2026-09-07T21:40:18.7846826Z License for package CMake 3.22.1 accepted.
physical-device-ui-proof	Build standalone proof APK	2026-09-07T21:40:18.7847604Z Preparing "Install CMake 3.22.1 v.3.22.1".
physical-device-ui-proof	Build standalone proof APK	2026-09-07T21:40:18.7848350Z "Install CMake 3.22.1 v.3.22.1" ready.
physical-device-ui-proof	Build standalone proof APK	2026-09-07T21:40:18.7849258Z Installing CMake 3.22.1 in /usr/local/lib/android/sdk/cmake/3.22.1
physical-device-ui-proof	Build standalone proof APK	2026-09-07T21:40:18.7850140Z "Install CMake 3.22.1 v.3.22.1" complete.
physical-device-ui-proof	Build standalone proof APK	2026-09-07T21:40:18.7850872Z "Install CMake 3.22.1 v.3.22.1" finished.
physical-device-ui-proof	Build standalone proof APK	2026-09-07T21:40:29.5851998Z
physical-device-ui-proof	Build standalone proof APK	2026-09-07T21:40:29.5872695Z > Task :app:mergeReleaseJniLibFolders
physical-device-ui-proof	Build standalone proof APK	2026-09-07T21:40:29.6852729Z > Task :react-native-worklets:configureCMakeRelWithDebInfo[x86_64]
physical-device-ui-proof	Build standalone proof APK	2026-09-07T21:40:43.6847735Z > Task :react-native-screens:buildCMakeRelWithDebInfo[x86_64]
physical-device-ui-proof	Build standalone proof APK	2026-09-07T21:40:43.6879418Z > Task :react-native-screens:mergeReleaseJniLibFolders
physical-device-ui-proof	Build standalone proof APK	2026-09-07T21:40:43.6932171Z > Task :react-native-screens:mergeReleaseNativeLibs
physical-device-ui-proof	Build standalone proof APK	2026-09-07T21:40:43.7855146Z > Task :react-native-screens:copyReleaseJniLibsProjectOnly
physical-device-ui-proof	Build standalone proof APK	2026-09-07T21:40:43.7892312Z > Task :react-native-svg:preReleaseBuild
physical-device-ui-proof	Build standalone proof APK	2026-09-07T21:40:43.7922191Z > Task :react-native-svg:mergeReleaseJniLibFolders
physical-device-ui-proof	Build standalone proof APK	2026-09-07T21:40:43.7987285Z > Task :react-native-svg:mergeReleaseNativeLibs NO-SOURCE
physical-device-ui-proof	Build standalone proof APK	2026-09-07T21:40:43.8042189Z > Task :react-native-svg:copyReleaseJniLibsProjectOnly
physical-device-ui-proof	Build standalone proof APK	2026-09-07T21:40:43.8072584Z > Task :react-native-async-storage_async-storage:checkKotlinGradlePluginConfigurationErrors SKIPPED
physical-device-ui-proof	Build standalone proof APK	2026-09-07T21:40:43.8123351Z > Task :react-native-async-storage_async-storage:generateReleaseBuildConfig
physical-device-ui-proof	Build standalone proof APK	2026-09-07T21:40:43.8222476Z > Task :react-native-async-storage_async-storage:generateReleaseResValues
physical-device-ui-proof	Build standalone proof APK	2026-09-07T21:40:43.8857196Z > Task :react-native-async-storage_async-storage:generateReleaseResources
physical-device-ui-proof	Build standalone proof APK	2026-09-07T21:40:43.9857347Z > Task :react-native-async-storage_async-storage:packageReleaseResources
physical-device-ui-proof	Build standalone proof APK	2026-09-07T21:40:45.7842758Z > Task :react-native-async-storage_async-storage:parseReleaseLocalResources
physical-device-ui-proof	Build standalone proof APK	2026-09-07T21:40:45.8852727Z > Task :react-native-async-storage_async-storage:generateReleaseRFile
physical-device-ui-proof	Build standalone proof APK	2026-09-07T21:40:53.5857650Z > Task :react-native-worklets:buildCMakeRelWithDebInfo[x86_64][worklets]
physical-device-ui-proof	Build standalone proof APK	2026-09-07T21:40:54.0839556Z > Task :react-native-worklets:externalNativeBuildRelease
physical-device-ui-proof	Build standalone proof APK	2026-09-07T21:40:54.0862243Z > Task :react-native-worklets:generateJsonModelRelease
physical-device-ui-proof	Build standalone proof APK	2026-09-07T21:40:54.0892137Z > Task :react-native-worklets:prefabReleaseConfigurePackage
physical-device-ui-proof	Build standalone proof APK	2026-09-07T21:40:55.6842493Z > Task :react-native-reanimated:configureCMakeRelWithDebInfo[x86_64]
physical-device-ui-proof	Build standalone proof APK	2026-09-07T21:40:55.6872139Z > Task :react-native-reanimated:generateJsonModelRelease
physical-device-ui-proof	Build standalone proof APK	2026-09-07T21:40:55.6902079Z > Task :react-native-reanimated:prefabReleaseConfigurePackage
physical-device-ui-proof	Build standalone proof APK	2026-09-07T21:40:57.4844230Z > Task :app:configureCMakeRelWithDebInfo[x86_64]
physical-device-ui-proof	Build standalone proof APK	2026-09-07T21:40:57.5839826Z > Task :react-native-worklets:prefabReleasePackage
physical-device-ui-proof	Build standalone proof APK	2026-09-07T21:41:04.8839060Z > Task :react-native-async-storage_async-storage:kspReleaseKotlin
physical-device-ui-proof	Build standalone proof APK	2026-09-07T21:41:04.8862314Z > Task :react-native-worklets:mergeReleaseJniLibFolders
physical-device-ui-proof	Build standalone proof APK	2026-09-07T21:41:04.9943101Z > Task :react-native-worklets:mergeReleaseNativeLibs
physical-device-ui-proof	Build standalone proof APK	2026-09-07T21:41:04.9977285Z > Task :react-native-worklets:copyReleaseJniLibsProjectOnly
physical-device-ui-proof	Build standalone proof APK	2026-09-07T21:41:13.4842667Z > Task :expo-modules-core:configureCMakeRelWithDebInfo[x86_64]
physical-device-ui-proof	Build standalone proof APK	2026-09-07T21:41:27.5872795Z > Task :react-native-reanimated:buildCMakeRelWithDebInfo[x86_64][reanimated]
physical-device-ui-proof	Build standalone proof APK	2026-09-07T21:41:43.4877934Z > Task :expo-modules-core:buildCMakeRelWithDebInfo[x86_64]
physical-device-ui-proof	Build standalone proof APK	2026-09-07T21:42:04.9853366Z C/C++: ninja: Entering directory `/home/runner/work/USKOCI-CLEAN/USKOCI-CLEAN/node_modules/expo-modules-core/android/.cxx/RelWithDebInfo/1541o3b5/x86_64'
physical-device-ui-proof	Build standalone proof APK	2026-09-07T21:42:04.9913964Z C/C++: /home/runner/work/USKOCI-CLEAN/USKOCI-CLEAN/node_modules/expo-modules-core/android/src/main/cpp/fabric/ExpoComponentDescriptorFactory.cpp:17:5: warning: 'RawPropsParser' is deprecated [-Wdeprecated-declarations]
physical-device-ui-proof	Build standalone proof APK	2026-09-07T21:42:04.9972471Z C/C++:    17 |     react::RawPropsParser(/*useRawPropsJsiValue=*/true)
physical-device-ui-proof	Build standalone proof APK	2026-09-07T21:42:04.9973328Z C/C++:       |     ^
physical-device-ui-proof	Build standalone proof APK	2026-09-07T21:42:05.0003442Z C/C++: /home/runner/work/USKOCI-CLEAN/USKOCI-CLEAN/node_modules/react-native/ReactCommon/react/renderer/core/RawPropsParser.h:31:5: note: 'RawPropsParser' has been explicitly marked deprecated here
physical-device-ui-proof	Build standalone proof APK	2026-09-07T21:42:05.0005615Z C/C++:    31 |   [[deprecated]] explicit RawPropsParser(bool /* ignored */) : RawPropsParser() {}
physical-device-ui-proof	Build standalone proof APK	2026-09-07T21:42:05.0006546Z C/C++:       |     ^
physical-device-ui-proof	Build standalone proof APK	2026-09-07T21:42:05.0007042Z C/C++: 1 warning generated.
physical-device-ui-proof	Build standalone proof APK	2026-09-07T21:42:07.4837971Z
physical-device-ui-proof	Build standalone proof APK	2026-09-07T21:42:07.4882401Z > Task :expo-modules-core:mergeReleaseNativeLibs
physical-device-ui-proof	Build standalone proof APK	2026-09-07T21:42:07.6863265Z > Task :expo-modules-core:copyReleaseJniLibsProjectOnly
physical-device-ui-proof	Build standalone proof APK	2026-09-07T21:42:09.2865273Z > Task :react-native-gesture-handler:configureCMakeRelWithDebInfo[x86_64]
physical-device-ui-proof	Build standalone proof APK	2026-09-07T21:42:23.2837418Z
physical-device-ui-proof	Build standalone proof APK	2026-09-07T21:42:23.2863035Z > Task :react-native-async-storage_async-storage:compileReleaseKotlin
physical-device-ui-proof	Build standalone proof APK	2026-09-07T21:42:23.2894105Z w: file:///home/runner/work/USKOCI-CLEAN/USKOCI-CLEAN/node_modules/@react-native-async-storage/async-storage/android/src/main/kotlin/org/asyncstorage/legacy_storage/LegacyStorageSupplier.kt:63:69 Java type mismatch: inferred type is 'String?', but 'String' was expected.
physical-device-ui-proof	Build standalone proof APK	2026-09-07T21:42:23.2899401Z w: file:///home/runner/work/USKOCI-CLEAN/USKOCI-CLEAN/node_modules/@react-native-async-storage/async-storage/android/src/main/kotlin/org/asyncstorage/legacy_storage/LegacyStorageSupplier.kt:91:26 The corresponding parameter in the supertype 'Migration' is named 'db'. This may cause problems when calling this function with named arguments.
physical-device-ui-proof	Build standalone proof APK	2026-09-07T21:42:23.2923878Z w: file:///home/runner/work/USKOCI-CLEAN/USKOCI-CLEAN/node_modules/@react-native-async-storage/async-storage/android/src/main/kotlin/org/asyncstorage/legacy_storage/LegacyStorageSupplier.kt:202:17 Unchecked cast of 'ArrayList<Any?>' to 'List<String>'.
physical-device-ui-proof	Build standalone proof APK	2026-09-07T21:42:23.3838172Z
physical-device-ui-proof	Build standalone proof APK	2026-09-07T21:42:23.3888916Z > Task :react-native-async-storage_async-storage:javaPreCompileRelease
physical-device-ui-proof	Build standalone proof APK	2026-09-07T21:42:32.8839244Z > Task :react-native-async-storage_async-storage:compileReleaseJavaWithJavac
physical-device-ui-proof	Build standalone proof APK	2026-09-07T21:42:32.8849299Z > Task :react-native-async-storage_async-storage:bundleLibRuntimeToDirRelease
physical-device-ui-proof	Build standalone proof APK	2026-09-07T21:42:35.8857626Z > Task :react-native-gesture-handler:checkKotlinGradlePluginConfigurationErrors SKIPPED
physical-device-ui-proof	Build standalone proof APK	2026-09-07T21:42:35.8882396Z > Task :react-native-gesture-handler:generateReleaseBuildConfig
physical-device-ui-proof	Build standalone proof APK	2026-09-07T21:42:35.8902178Z > Task :react-native-gesture-handler:generateReleaseResValues
physical-device-ui-proof	Build standalone proof APK	2026-09-07T21:42:35.8932375Z > Task :react-native-gesture-handler:generateReleaseResources
physical-device-ui-proof	Build standalone proof APK	2026-09-07T21:42:35.8952302Z > Task :react-native-gesture-handler:packageReleaseResources
physical-device-ui-proof	Build standalone proof APK	2026-09-07T21:42:35.8962524Z > Task :react-native-gesture-handler:parseReleaseLocalResources
physical-device-ui-proof	Build standalone proof APK	2026-09-07T21:42:35.9860079Z > Task :react-native-gesture-handler:generateReleaseRFile
physical-device-ui-proof	Build standalone proof APK	2026-09-07T21:42:35.9862397Z > Task :react-native-worklets:checkKotlinGradlePluginConfigurationErrors SKIPPED
physical-device-ui-proof	Build standalone proof APK	2026-09-07T21:42:35.9914536Z > Task :react-native-worklets:generateReleaseBuildConfig
physical-device-ui-proof	Build standalone proof APK	2026-09-07T21:42:35.9922225Z > Task :react-native-worklets:generateReleaseResValues
physical-device-ui-proof	Build standalone proof APK	2026-09-07T21:42:35.9932183Z > Task :react-native-worklets:generateReleaseResources
physical-device-ui-proof	Build standalone proof APK	2026-09-07T21:42:35.9956678Z > Task :react-native-worklets:packageReleaseResources
physical-device-ui-proof	Build standalone proof APK	2026-09-07T21:42:35.9982193Z > Task :react-native-worklets:parseReleaseLocalResources
physical-device-ui-proof	Build standalone proof APK	2026-09-07T21:42:36.0842644Z > Task :react-native-worklets:generateReleaseRFile
physical-device-ui-proof	Build standalone proof APK	2026-09-07T21:42:39.7852586Z > Task :react-native-worklets:compileReleaseKotlin
physical-device-ui-proof	Build standalone proof APK	2026-09-07T21:42:39.8852510Z > Task :react-native-worklets:javaPreCompileRelease
physical-device-ui-proof	Build standalone proof APK	2026-09-07T21:42:41.7862683Z > Task :react-native-worklets:compileReleaseJavaWithJavac
physical-device-ui-proof	Build standalone proof APK	2026-09-07T21:42:41.8866977Z > Task :react-native-worklets:bundleLibCompileToJarRelease
physical-device-ui-proof	Build standalone proof APK	2026-09-07T21:42:41.8869215Z > Task :react-native-svg:generateReleaseBuildConfig
physical-device-ui-proof	Build standalone proof APK	2026-09-07T21:42:41.8912237Z > Task :react-native-svg:generateReleaseResValues
physical-device-ui-proof	Build standalone proof APK	2026-09-07T21:42:41.8942045Z > Task :react-native-svg:generateReleaseResources
physical-device-ui-proof	Build standalone proof APK	2026-09-07T21:42:41.8972055Z > Task :react-native-svg:packageReleaseResources
physical-device-ui-proof	Build standalone proof APK	2026-09-07T21:42:41.8984210Z > Task :react-native-svg:parseReleaseLocalResources
physical-device-ui-proof	Build standalone proof APK	2026-09-07T21:42:41.9002173Z > Task :react-native-svg:generateReleaseRFile
physical-device-ui-proof	Build standalone proof APK	2026-09-07T21:42:41.9032047Z > Task :react-native-svg:javaPreCompileRelease
physical-device-ui-proof	Build standalone proof APK	2026-09-07T21:42:46.8852619Z Note: Some input files use or override a deprecated API.
physical-device-ui-proof	Build standalone proof APK	2026-09-07T21:42:46.8853200Z
physical-device-ui-proof	Build standalone proof APK	2026-09-07T21:42:46.8879975Z Note: Recompile with -Xlint:deprecation for details.
physical-device-ui-proof	Build standalone proof APK	2026-09-07T21:42:46.8880876Z > Task :react-native-svg:compileReleaseJavaWithJavac
physical-device-ui-proof	Build standalone proof APK	2026-09-07T21:42:46.8912173Z Note: Some input files use unchecked or unsafe operations.
physical-device-ui-proof	Build standalone proof APK	2026-09-07T21:42:46.8942072Z Note: Recompile with -Xlint:unchecked for details.
physical-device-ui-proof	Build standalone proof APK	2026-09-07T21:42:47.0906378Z
physical-device-ui-proof	Build standalone proof APK	2026-09-07T21:42:47.0940414Z > Task :react-native-svg:bundleLibCompileToJarRelease
physical-device-ui-proof	Build standalone proof APK	2026-09-07T21:42:47.0970825Z > Task :react-native-gesture-handler:javaPreCompileRelease
physical-device-ui-proof	Build standalone proof APK	2026-09-07T21:42:47.0995269Z > Task :react-native-safe-area-context:checkKotlinGradlePluginConfigurationErrors SKIPPED
physical-device-ui-proof	Build standalone proof APK	2026-09-07T21:42:47.1022022Z > Task :react-native-safe-area-context:generateReleaseBuildConfig
physical-device-ui-proof	Build standalone proof APK	2026-09-07T21:42:47.1051970Z > Task :react-native-safe-area-context:generateReleaseResValues
physical-device-ui-proof	Build standalone proof APK	2026-09-07T21:42:47.1079004Z > Task :react-native-safe-area-context:generateReleaseResources
physical-device-ui-proof	Build standalone proof APK	2026-09-07T21:42:47.1088671Z > Task :react-native-safe-area-context:packageReleaseResources
physical-device-ui-proof	Build standalone proof APK	2026-09-07T21:42:47.1851159Z > Task :react-native-safe-area-context:parseReleaseLocalResources
physical-device-ui-proof	Build standalone proof APK	2026-09-07T21:42:47.1892401Z > Task :react-native-safe-area-context:generateReleaseRFile
physical-device-ui-proof	Build standalone proof APK	2026-09-07T21:42:51.0841897Z
physical-device-ui-proof	Build standalone proof APK	2026-09-07T21:42:51.0862486Z > Task :react-native-safe-area-context:compileReleaseKotlin
physical-device-ui-proof	Build standalone proof APK	2026-09-07T21:42:51.0894541Z w: file:///home/runner/work/USKOCI-CLEAN/USKOCI-CLEAN/node_modules/react-native-safe-area-context/android/src/main/java/com/th3rdwave/safeareacontext/SafeAreaProviderManager.kt:39:19 'fun getEventDispatcherForReactTag(context: ReactContext, reactTag: Int): EventDispatcher?' is deprecated. reactTag is no longer needed.
physical-device-ui-proof	Build standalone proof APK	2026-09-07T21:42:51.0934214Z w: file:///home/runner/work/USKOCI-CLEAN/USKOCI-CLEAN/node_modules/react-native-safe-area-context/android/src/main/java/com/th3rdwave/safeareacontext/SafeAreaView.kt:9:8 'class UIManagerModule : ReactContextBaseJavaModule, LifecycleEventListener, UIManager' is deprecated. Deprecated in Java.
physical-device-ui-proof	Build standalone proof APK	2026-09-07T21:42:51.0964421Z w: file:///home/runner/work/USKOCI-CLEAN/USKOCI-CLEAN/node_modules/react-native-safe-area-context/android/src/main/java/com/th3rdwave/safeareacontext/SafeAreaView.kt:50:54 'class UIManagerModule : ReactContextBaseJavaModule, LifecycleEventListener, UIManager' is deprecated. Deprecated in Java.
physical-device-ui-proof	Build standalone proof APK	2026-09-07T21:42:51.0973923Z w: file:///home/runner/work/USKOCI-CLEAN/USKOCI-CLEAN/node_modules/react-native-safe-area-context/android/src/main/java/com/th3rdwave/safeareacontext/SafeAreaView.kt:59:23 'val uiImplementation: UIImplementation!' is deprecated. Deprecated in Java.
physical-device-ui-proof	Build standalone proof APK	2026-09-07T21:42:51.1034486Z w: file:///home/runner/work/USKOCI-CLEAN/USKOCI-CLEAN/node_modules/react-native-safe-area-context/android/src/main/java/com/th3rdwave/safeareacontext/SafeAreaViewShadowNode.kt:9:32 'class LayoutShadowNode : ReactShadowNodeImpl' is deprecated. This class is part of Legacy Architecture and will be removed in a future release.
physical-device-ui-proof	Build standalone proof APK	2026-09-07T21:42:51.1074382Z w: file:///home/runner/work/USKOCI-CLEAN/USKOCI-CLEAN/node_modules/react-native-safe-area-context/android/src/main/java/com/th3rdwave/safeareacontext/SafeAreaViewShadowNode.kt:110:61 'class NativeViewHierarchyOptimizer : Any' is deprecated. This class is part of Legacy Architecture and will be removed in a future release.
physical-device-ui-proof	Build standalone proof APK	2026-09-07T21:42:51.1101629Z
physical-device-ui-proof	Build standalone proof APK	2026-09-07T21:42:51.1162149Z > Task :react-native-safe-area-context:javaPreCompileRelease
physical-device-ui-proof	Build standalone proof APK	2026-09-07T21:42:51.3862701Z > Task :react-native-safe-area-context:compileReleaseJavaWithJavac
physical-device-ui-proof	Build standalone proof APK	2026-09-07T21:42:51.4838806Z > Task :react-native-safe-area-context:bundleLibRuntimeToDirRelease
physical-device-ui-proof	Build standalone proof APK	2026-09-07T21:42:52.0857710Z > Task :react-native-reanimated:externalNativeBuildRelease
physical-device-ui-proof	Build standalone proof APK	2026-09-07T21:42:52.2866916Z > Task :react-native-screens:checkKotlinGradlePluginConfigurationErrors SKIPPED
physical-device-ui-proof	Build standalone proof APK	2026-09-07T21:42:52.2912196Z > Task :react-native-screens:generateReleaseBuildConfig
physical-device-ui-proof	Build standalone proof APK	2026-09-07T21:42:52.2913135Z > Task :react-native-screens:generateReleaseResValues
physical-device-ui-proof	Build standalone proof APK	2026-09-07T21:42:52.2913995Z > Task :react-native-reanimated:prefabReleasePackage
physical-device-ui-proof	Build standalone proof APK	2026-09-07T21:42:52.2914852Z > Task :react-native-screens:generateReleaseResources
physical-device-ui-proof	Build standalone proof APK	2026-09-07T21:42:58.0851527Z > Task :react-native-gesture-handler:buildCMakeRelWithDebInfo[x86_64]
physical-device-ui-proof	Build standalone proof APK	2026-09-07T21:42:58.0915338Z > Task :react-native-gesture-handler:mergeReleaseNativeLibs
physical-device-ui-proof	Build standalone proof APK	2026-09-07T21:42:58.0962214Z > Task :react-native-gesture-handler:copyReleaseJniLibsProjectOnly
physical-device-ui-proof	Build standalone proof APK	2026-09-07T21:42:58.3902667Z > Task :react-native-reanimated:mergeReleaseNativeLibs
physical-device-ui-proof	Build standalone proof APK	2026-09-07T21:42:58.6852729Z > Task :react-native-reanimated:copyReleaseJniLibsProjectOnly
physical-device-ui-proof	Build standalone proof APK	2026-09-07T21:42:58.6862612Z > Task :react-native-reanimated:checkKotlinGradlePluginConfigurationErrors SKIPPED
physical-device-ui-proof	Build standalone proof APK	2026-09-07T21:42:58.6892241Z > Task :react-native-reanimated:generateReleaseBuildConfig
physical-device-ui-proof	Build standalone proof APK	2026-09-07T21:42:58.6893657Z > Task :react-native-reanimated:generateReleaseResValues
physical-device-ui-proof	Build standalone proof APK	2026-09-07T21:42:58.6894525Z > Task :react-native-reanimated:generateReleaseResources
physical-device-ui-proof	Build standalone proof APK	2026-09-07T21:42:58.6895328Z > Task :react-native-reanimated:packageReleaseResources
physical-device-ui-proof	Build standalone proof APK	2026-09-07T21:42:58.7842590Z > Task :react-native-reanimated:parseReleaseLocalResources
physical-device-ui-proof	Build standalone proof APK	2026-09-07T21:42:58.7933787Z > Task :react-native-reanimated:generateReleaseRFile
physical-device-ui-proof	Build standalone proof APK	2026-09-07T21:43:08.0881831Z
physical-device-ui-proof	Build standalone proof APK	2026-09-07T21:43:08.0932421Z > Task :react-native-reanimated:compileReleaseKotlin
physical-device-ui-proof	Build standalone proof APK	2026-09-07T21:43:08.0994558Z w: file:///home/runner/work/USKOCI-CLEAN/USKOCI-CLEAN/node_modules/react-native-reanimated/android/src/main/java/com/swmansion/reanimated/NodesManager.kt:13:8 'class UIManagerModule : ReactContextBaseJavaModule, LifecycleEventListener, UIManager' is deprecated. Deprecated in Java.
physical-device-ui-proof	Build standalone proof APK	2026-09-07T21:43:08.1043577Z w: file:///home/runner/work/USKOCI-CLEAN/USKOCI-CLEAN/node_modules/react-native-reanimated/android/src/main/java/com/swmansion/reanimated/NodesManager.kt:58:95 'fun resolveCustomDirectEventName(eventName: String): String?' is deprecated.
physical-device-ui-proof	Build standalone proof APK	2026-09-07T21:43:08.1068375Z w: file:///home/runner/work/USKOCI-CLEAN/USKOCI-CLEAN/node_modules/react-native-reanimated/android/src/main/java/com/swmansion/reanimated/NodesManager.kt:234:29 'fun receiveEvent(surfaceId: Int, targetTag: Int, eventName: String, canCoalesceEvent: Boolean, customCoalesceKey: Int, params: WritableMap?, category: Int): Unit' is deprecated. Use the overload with eventTimestamp parameter instead.
physical-device-ui-proof	Build standalone proof APK	2026-09-07T21:43:08.1134012Z w: file:///home/runner/work/USKOCI-CLEAN/USKOCI-CLEAN/node_modules/react-native-reanimated/android/src/main/java/com/swmansion/reanimated/ReanimatedPackage.kt:5:8 'class ReactInstanceManager : Any' is deprecated. Deprecated in Java.
physical-device-ui-proof	Build standalone proof APK	2026-09-07T21:43:08.1186850Z w: file:///home/runner/work/USKOCI-CLEAN/USKOCI-CLEAN/node_modules/react-native-reanimated/android/src/main/java/com/swmansion/reanimated/ReanimatedPackage.kt:60:73 'class ReactInstanceManager : Any' is deprecated. Deprecated in Java.
physical-device-ui-proof	Build standalone proof APK	2026-09-07T21:43:08.1264415Z w: file:///home/runner/work/USKOCI-CLEAN/USKOCI-CLEAN/node_modules/react-native-reanimated/android/src/main/java/com/swmansion/reanimated/ReanimatedPackage.kt:61:63 'val reactNativeHost: ReactNativeHost' is deprecated. You should not use ReactNativeHost directly in the New Architecture. Use ReactHost instead.
physical-device-ui-proof	Build standalone proof APK	2026-09-07T21:43:08.1294296Z w: file:///home/runner/work/USKOCI-CLEAN/USKOCI-CLEAN/node_modules/react-native-reanimated/android/src/main/java/com/swmansion/reanimated/nativeProxy/EventHandler.kt:7:8 'class UIManagerModule : ReactContextBaseJavaModule, LifecycleEventListener, UIManager' is deprecated. Deprecated in Java.
physical-device-ui-proof	Build standalone proof APK	2026-09-07T21:43:08.1334570Z w: file:///home/runner/work/USKOCI-CLEAN/USKOCI-CLEAN/node_modules/react-native-reanimated/android/src/main/java/com/swmansion/reanimated/nativeProxy/EventHandler.kt:25:18 This declaration overrides a deprecated member but is not marked as deprecated itself. Add the '@Deprecated' annotation or suppress the diagnostic.
physical-device-ui-proof	Build standalone proof APK	2026-09-07T21:43:08.1354477Z w: file:///home/runner/work/USKOCI-CLEAN/USKOCI-CLEAN/node_modules/react-native-reanimated/android/src/main/java/com/swmansion/reanimated/nativeProxy/EventHandler.kt:38:18 This declaration overrides a deprecated member but is not marked as deprecated itself. Add the '@Deprecated' annotation or suppress the diagnostic.
physical-device-ui-proof	Build standalone proof APK	2026-09-07T21:43:08.1414460Z w: file:///home/runner/work/USKOCI-CLEAN/USKOCI-CLEAN/node_modules/react-native-reanimated/android/src/main/java/com/swmansion/reanimated/nativeProxy/EventHandler.kt:48:18 This declaration overrides a deprecated member but is not marked as deprecated itself. Add the '@Deprecated' annotation or suppress the diagnostic.
physical-device-ui-proof	Build standalone proof APK	2026-09-07T21:43:08.1474422Z w: file:///home/runner/work/USKOCI-CLEAN/USKOCI-CLEAN/node_modules/react-native-reanimated/android/src/main/java/com/swmansion/reanimated/nativeProxy/EventHandler.kt:57:18 This declaration overrides a deprecated member but is not marked as deprecated itself. Add the '@Deprecated' annotation or suppress the diagnostic.
physical-device-ui-proof	Build standalone proof APK	2026-09-07T21:43:08.1479797Z w: file:///home/runner/work/USKOCI-CLEAN/USKOCI-CLEAN/node_modules/react-native-reanimated/android/src/main/java/com/swmansion/reanimated/nativeProxy/NoopEventHandler.kt:8:18 This declaration overrides a deprecated member but is not marked as deprecated itself. Add the '@Deprecated' annotation or suppress the diagnostic.
physical-device-ui-proof	Build standalone proof APK	2026-09-07T21:43:08.1485076Z w: file:///home/runner/work/USKOCI-CLEAN/USKOCI-CLEAN/node_modules/react-native-reanimated/android/src/main/java/com/swmansion/reanimated/nativeProxy/NoopEventHandler.kt:20:18 This declaration overrides a deprecated member but is not marked as deprecated itself. Add the '@Deprecated' annotation or suppress the diagnostic.
physical-device-ui-proof	Build standalone proof APK	2026-09-07T21:43:08.1522961Z w: file:///home/runner/work/USKOCI-CLEAN/USKOCI-CLEAN/node_modules/react-native-reanimated/android/src/main/java/com/swmansion/reanimated/nativeProxy/NoopEventHandler.kt:29:18 This declaration overrides a deprecated member but is not marked as deprecated itself. Add the '@Deprecated' annotation or suppress the diagnostic.
physical-device-ui-proof	Build standalone proof APK	2026-09-07T21:43:08.1544724Z w: file:///home/runner/work/USKOCI-CLEAN/USKOCI-CLEAN/node_modules/react-native-reanimated/android/src/main/java/com/swmansion/reanimated/nativeProxy/NoopEventHandler.kt:37:18 This declaration overrides a deprecated member but is not marked as deprecated itself. Add the '@Deprecated' annotation or suppress the diagnostic.
physical-device-ui-proof	Build standalone proof APK	2026-09-07T21:43:08.1593695Z w: file:///home/runner/work/USKOCI-CLEAN/USKOCI-CLEAN/node_modules/react-native-reanimated/android/src/main/java/com/swmansion/reanimated/sensor/ReanimatedSensor.kt:28:26 'val defaultDisplay: Display!' is deprecated. Deprecated in Java.
physical-device-ui-proof	Build standalone proof APK	2026-09-07T21:43:08.1871795Z
physical-device-ui-proof	Build standalone proof APK	2026-09-07T21:43:08.1922373Z > Task :react-native-reanimated:javaPreCompileRelease
physical-device-ui-proof	Build standalone proof APK	2026-09-07T21:43:09.7852548Z > Task :react-native-reanimated:compileReleaseJavaWithJavac
physical-device-ui-proof	Build standalone proof APK	2026-09-07T21:43:09.7882349Z > Task :react-native-reanimated:bundleLibCompileToJarRelease
physical-device-ui-proof	Build standalone proof APK	2026-09-07T21:43:22.2873022Z > Task :app:buildCMakeRelWithDebInfo[x86_64]
physical-device-ui-proof	Build standalone proof APK	2026-09-07T21:43:27.8867194Z
physical-device-ui-proof	Build standalone proof APK	2026-09-07T21:43:27.8914239Z > Task :react-native-gesture-handler:compileReleaseKotlin
physical-device-ui-proof	Build standalone proof APK	2026-09-07T21:43:27.8948825Z w: file:///home/runner/work/USKOCI-CLEAN/USKOCI-CLEAN/node_modules/react-native-gesture-handler/android/src/main/java/com/swmansion/gesturehandler/react/Extensions.kt:8:8 'class UIManagerModule : ReactContextBaseJavaModule, LifecycleEventListener, UIManager' is deprecated. Deprecated in Java.
physical-device-ui-proof	Build standalone proof APK	2026-09-07T21:43:27.9024406Z w: file:///home/runner/work/USKOCI-CLEAN/USKOCI-CLEAN/node_modules/react-native-gesture-handler/android/src/main/java/com/swmansion/gesturehandler/react/Extensions.kt:13:29 'class UIManagerModule : ReactContextBaseJavaModule, LifecycleEventListener, UIManager' is deprecated. Deprecated in Java.
physical-device-ui-proof	Build standalone proof APK	2026-09-07T21:43:27.9044198Z w: file:///home/runner/work/USKOCI-CLEAN/USKOCI-CLEAN/node_modules/react-native-gesture-handler/android/src/main/java/com/swmansion/gesturehandler/react/Extensions.kt:14:32 'class UIManagerModule : ReactContextBaseJavaModule, LifecycleEventListener, UIManager' is deprecated. Deprecated in Java.
physical-device-ui-proof	Build standalone proof APK	2026-09-07T21:43:28.7861827Z
physical-device-ui-proof	Build standalone proof APK	2026-09-07T21:43:28.7922766Z > Task :react-native-gesture-handler:compileReleaseJavaWithJavac
physical-device-ui-proof	Build standalone proof APK	2026-09-07T21:43:28.9866708Z > Task :react-native-gesture-handler:bundleLibRuntimeToDirRelease
physical-device-ui-proof	Build standalone proof APK	2026-09-07T21:43:33.5852695Z > Task :react-native-reanimated:bundleLibRuntimeToDirRelease
physical-device-ui-proof	Build standalone proof APK	2026-09-07T21:43:35.1863129Z > Task :react-native-screens:packageReleaseResources
physical-device-ui-proof	Build standalone proof APK	2026-09-07T21:43:35.1932332Z > Task :react-native-screens:parseReleaseLocalResources
physical-device-ui-proof	Build standalone proof APK	2026-09-07T21:43:35.2022321Z > Task :react-native-screens:generateReleaseRFile
physical-device-ui-proof	Build standalone proof APK	2026-09-07T21:44:05.1839063Z > Task :react-native-screens:compileReleaseKotlin
physical-device-ui-proof	Build standalone proof APK	2026-09-07T21:44:22.8875094Z w: file:///home/runner/work/USKOCI-CLEAN/USKOCI-CLEAN/node_modules/react-native-screens/android/src/main/java/com/swmansion/rnscreens/RNScreensPackage.kt:70:9 The corresponding parameter in the supertype 'BaseReactPackage' is named 'name'. This may cause problems when calling this function with named arguments.
physical-device-ui-proof	Build standalone proof APK	2026-09-07T21:44:22.8904522Z w: file:///home/runner/work/USKOCI-CLEAN/USKOCI-CLEAN/node_modules/react-native-screens/android/src/main/java/com/swmansion/rnscreens/RNScreensPackage.kt:71:9 The corresponding parameter in the supertype 'BaseReactPackage' is named 'reactContext'. This may cause problems when calling this function with named arguments.
physical-device-ui-proof	Build standalone proof APK	2026-09-07T21:44:22.8945590Z w: file:///home/runner/work/USKOCI-CLEAN/USKOCI-CLEAN/node_modules/react-native-screens/android/src/main/java/com/swmansion/rnscreens/RNScreensPackage.kt:83:17 'constructor(name: String, className: String, canOverrideExistingModule: Boolean, needsEagerInit: Boolean, hasConstants: Boolean, isCxxModule: Boolean, isTurboModule: Boolean): ReactModuleInfo' is deprecated. This constructor is deprecated and will be removed in the future. Use ReactModuleInfo(String, String, boolean, boolean, boolean, boolean)].
physical-device-ui-proof	Build standalone proof APK	2026-09-07T21:44:22.8993991Z w: file:///home/runner/work/USKOCI-CLEAN/USKOCI-CLEAN/node_modules/react-native-screens/android/src/main/java/com/swmansion/rnscreens/Screen.kt:54:77 Unchecked cast of '(CoordinatorLayout.Behavior<View!>?..CoordinatorLayout.Behavior<*>?)' to 'BottomSheetBehavior<Screen>'.
physical-device-ui-proof	Build standalone proof APK	2026-09-07T21:44:22.9044257Z w: file:///home/runner/work/USKOCI-CLEAN/USKOCI-CLEAN/node_modules/react-native-screens/android/src/main/java/com/swmansion/rnscreens/Screen.kt:59:33 'fun getEventDispatcherForReactTag(context: ReactContext, reactTag: Int): EventDispatcher?' is deprecated. reactTag is no longer needed.
physical-device-ui-proof	Build standalone proof APK	2026-09-07T21:44:22.9074121Z w: file:///home/runner/work/USKOCI-CLEAN/USKOCI-CLEAN/node_modules/react-native-screens/android/src/main/java/com/swmansion/rnscreens/Screen.kt:516:14 'fun getEventDispatcherForReactTag(context: ReactContext, reactTag: Int): EventDispatcher?' is deprecated. reactTag is no longer needed.
physical-device-ui-proof	Build standalone proof APK	2026-09-07T21:44:22.9114280Z w: file:///home/runner/work/USKOCI-CLEAN/USKOCI-CLEAN/node_modules/react-native-screens/android/src/main/java/com/swmansion/rnscreens/ScreenContainer.kt:250:18 'fun getEventDispatcherForReactTag(context: ReactContext, reactTag: Int): EventDispatcher?' is deprecated. reactTag is no longer needed.
physical-device-ui-proof	Build standalone proof APK	2026-09-07T21:44:22.9174550Z w: file:///home/runner/work/USKOCI-CLEAN/USKOCI-CLEAN/node_modules/react-native-screens/android/src/main/java/com/swmansion/rnscreens/ScreenContainer.kt:260:18 'fun getEventDispatcherForReactTag(context: ReactContext, reactTag: Int): EventDispatcher?' is deprecated. reactTag is no longer needed.
physical-device-ui-proof	Build standalone proof APK	2026-09-07T21:44:22.9204377Z w: file:///home/runner/work/USKOCI-CLEAN/USKOCI-CLEAN/node_modules/react-native-screens/android/src/main/java/com/swmansion/rnscreens/ScreenFragment.kt:225:37 'fun getEventDispatcherForReactTag(context: ReactContext, reactTag: Int): EventDispatcher?' is deprecated. reactTag is no longer needed.
physical-device-ui-proof	Build standalone proof APK	2026-09-07T21:44:22.9264231Z w: file:///home/runner/work/USKOCI-CLEAN/USKOCI-CLEAN/node_modules/react-native-screens/android/src/main/java/com/swmansion/rnscreens/ScreenFragment.kt:242:14 'fun getEventDispatcherForReactTag(context: ReactContext, reactTag: Int): EventDispatcher?' is deprecated. reactTag is no longer needed.
physical-device-ui-proof	Build standalone proof APK	2026-09-07T21:44:22.9268970Z w: file:///home/runner/work/USKOCI-CLEAN/USKOCI-CLEAN/node_modules/react-native-screens/android/src/main/java/com/swmansion/rnscreens/ScreenFragment.kt:258:22 'fun getEventDispatcherForReactTag(context: ReactContext, reactTag: Int): EventDispatcher?' is deprecated. reactTag is no longer needed.
physical-device-ui-proof	Build standalone proof APK	2026-09-07T21:44:22.9334226Z w: file:///home/runner/work/USKOCI-CLEAN/USKOCI-CLEAN/node_modules/react-native-screens/android/src/main/java/com/swmansion/rnscreens/ScreenFragment.kt:327:22 'fun getEventDispatcherForReactTag(context: ReactContext, reactTag: Int): EventDispatcher?' is deprecated. reactTag is no longer needed.
physical-device-ui-proof	Build standalone proof APK	2026-09-07T21:44:22.9363173Z w: file:///home/runner/work/USKOCI-CLEAN/USKOCI-CLEAN/node_modules/react-native-screens/android/src/main/java/com/swmansion/rnscreens/ScreenModalFragment.kt:180:22 'fun getEventDispatcherForReactTag(context: ReactContext, reactTag: Int): EventDispatcher?' is deprecated. reactTag is no longer needed.
physical-device-ui-proof	Build standalone proof APK	2026-09-07T21:44:22.9444348Z w: file:///home/runner/work/USKOCI-CLEAN/USKOCI-CLEAN/node_modules/react-native-screens/android/src/main/java/com/swmansion/rnscreens/ScreenStack.kt:120:14 'fun getEventDispatcherForReactTag(context: ReactContext, reactTag: Int): EventDispatcher?' is deprecated. reactTag is no longer needed.
physical-device-ui-proof	Build standalone proof APK	2026-09-07T21:44:22.9449082Z w: file:///home/runner/work/USKOCI-CLEAN/USKOCI-CLEAN/node_modules/react-native-screens/android/src/main/java/com/swmansion/rnscreens/ScreenStackFragment.kt:173:18 'fun getEventDispatcherForReactTag(context: ReactContext, reactTag: Int): EventDispatcher?' is deprecated. reactTag is no longer needed.
physical-device-ui-proof	Build standalone proof APK	2026-09-07T21:44:22.9504474Z w: file:///home/runner/work/USKOCI-CLEAN/USKOCI-CLEAN/node_modules/react-native-screens/android/src/main/java/com/swmansion/rnscreens/ScreenStackFragment.kt:230:31 'var targetElevation: Float' is deprecated. Deprecated in Java.
physical-device-ui-proof	Build standalone proof APK	2026-09-07T21:44:22.9556202Z w: file:///home/runner/work/USKOCI-CLEAN/USKOCI-CLEAN/node_modules/react-native-screens/android/src/main/java/com/swmansion/rnscreens/ScreenStackFragment.kt:233:13 'fun setHasOptionsMenu(p0: Boolean): Unit' is deprecated. Deprecated in Java.
physical-device-ui-proof	Build standalone proof APK	2026-09-07T21:44:22.9565627Z w: file:///home/runner/work/USKOCI-CLEAN/USKOCI-CLEAN/node_modules/react-native-screens/android/src/main/java/com/swmansion/rnscreens/ScreenStackFragment.kt:443:18 This declaration overrides a deprecated member but is not marked as deprecated itself. Add the '@Deprecated' annotation or suppress the diagnostic.
physical-device-ui-proof	Build standalone proof APK	2026-09-07T21:44:22.9653883Z w: file:///home/runner/work/USKOCI-CLEAN/USKOCI-CLEAN/node_modules/react-native-screens/android/src/main/java/com/swmansion/rnscreens/ScreenStackFragment.kt:450:22 'fun onPrepareOptionsMenu(p0: Menu): Unit' is deprecated. Deprecated in Java.
physical-device-ui-proof	Build standalone proof APK	2026-09-07T21:44:22.9684389Z w: file:///home/runner/work/USKOCI-CLEAN/USKOCI-CLEAN/node_modules/react-native-screens/android/src/main/java/com/swmansion/rnscreens/ScreenStackFragment.kt:453:18 This declaration overrides a deprecated member but is not marked as deprecated itself. Add the '@Deprecated' annotation or suppress the diagnostic.
physical-device-ui-proof	Build standalone proof APK	2026-09-07T21:44:22.9689080Z w: file:///home/runner/work/USKOCI-CLEAN/USKOCI-CLEAN/node_modules/react-native-screens/android/src/main/java/com/swmansion/rnscreens/ScreenStackFragment.kt:458:22 'fun onCreateOptionsMenu(p0: Menu, p1: MenuInflater): Unit' is deprecated. Deprecated in Java.
physical-device-ui-proof	Build standalone proof APK	2026-09-07T21:44:22.9764580Z w: file:///home/runner/work/USKOCI-CLEAN/USKOCI-CLEAN/node_modules/react-native-screens/android/src/main/java/com/swmansion/rnscreens/ScreenStackHeaderConfig.kt:199:14 'fun getEventDispatcherForReactTag(context: ReactContext, reactTag: Int): EventDispatcher?' is deprecated. reactTag is no longer needed.
physical-device-ui-proof	Build standalone proof APK	2026-09-07T21:44:22.9824396Z w: file:///home/runner/work/USKOCI-CLEAN/USKOCI-CLEAN/node_modules/react-native-screens/android/src/main/java/com/swmansion/rnscreens/ScreenStackHeaderConfig.kt:209:14 'fun getEventDispatcherForReactTag(context: ReactContext, reactTag: Int): EventDispatcher?' is deprecated. reactTag is no longer needed.
physical-device-ui-proof	Build standalone proof APK	2026-09-07T21:44:22.9848671Z w: file:///home/runner/work/USKOCI-CLEAN/USKOCI-CLEAN/node_modules/react-native-screens/android/src/main/java/com/swmansion/rnscreens/ScreenWindowTraits.kt:48:42 'fun replaceSystemWindowInsets(p0: Int, p1: Int, p2: Int, p3: Int): @NonNull() WindowInsetsCompat' is deprecated. Deprecated in Java.
physical-device-ui-proof	Build standalone proof APK	2026-09-07T21:44:22.9898236Z w: file:///home/runner/work/USKOCI-CLEAN/USKOCI-CLEAN/node_modules/react-native-screens/android/src/main/java/com/swmansion/rnscreens/ScreenWindowTraits.kt:49:39 'val systemWindowInsetLeft: Int' is deprecated. Deprecated in Java.
physical-device-ui-proof	Build standalone proof APK	2026-09-07T21:44:22.9923681Z w: file:///home/runner/work/USKOCI-CLEAN/USKOCI-CLEAN/node_modules/react-native-screens/android/src/main/java/com/swmansion/rnscreens/ScreenWindowTraits.kt:51:39 'val systemWindowInsetRight: Int' is deprecated. Deprecated in Java.
physical-device-ui-proof	Build standalone proof APK	2026-09-07T21:44:23.0005864Z w: file:///home/runner/work/USKOCI-CLEAN/USKOCI-CLEAN/node_modules/react-native-screens/android/src/main/java/com/swmansion/rnscreens/ScreenWindowTraits.kt:52:39 'val systemWindowInsetBottom: Int' is deprecated. Deprecated in Java.
physical-device-ui-proof	Build standalone proof APK	2026-09-07T21:44:23.0043937Z w: file:///home/runner/work/USKOCI-CLEAN/USKOCI-CLEAN/node_modules/react-native-screens/android/src/main/java/com/swmansion/rnscreens/ScreensModule.kt:100:14 'fun getEventDispatcherForReactTag(context: ReactContext, reactTag: Int): EventDispatcher?' is deprecated. reactTag is no longer needed.
physical-device-ui-proof	Build standalone proof APK	2026-09-07T21:44:23.0048550Z w: file:///home/runner/work/USKOCI-CLEAN/USKOCI-CLEAN/node_modules/react-native-screens/android/src/main/java/com/swmansion/rnscreens/SearchBarView.kt:137:29 'fun getEventDispatcherForReactTag(context: ReactContext, reactTag: Int): EventDispatcher?' is deprecated. reactTag is no longer needed.
physical-device-ui-proof	Build standalone proof APK	2026-09-07T21:44:23.0134375Z w: file:///home/runner/work/USKOCI-CLEAN/USKOCI-CLEAN/node_modules/react-native-screens/android/src/main/java/com/swmansion/rnscreens/bottomsheet/BottomSheetDialogRootView.kt:7:8 'object ReactFeatureFlags : Any' is deprecated. Use com.facebook.react.internal.featureflags.ReactNativeFeatureFlags instead.
physical-device-ui-proof	Build standalone proof APK	2026-09-07T21:44:23.0164380Z w: file:///home/runner/work/USKOCI-CLEAN/USKOCI-CLEAN/node_modules/react-native-screens/android/src/main/java/com/swmansion/rnscreens/bottomsheet/BottomSheetDialogRootView.kt:25:13 'object ReactFeatureFlags : Any' is deprecated. Use com.facebook.react.internal.featureflags.ReactNativeFeatureFlags instead.
physical-device-ui-proof	Build standalone proof APK	2026-09-07T21:44:23.0169535Z w: file:///home/runner/work/USKOCI-CLEAN/USKOCI-CLEAN/node_modules/react-native-screens/android/src/main/java/com/swmansion/rnscreens/bottomsheet/BottomSheetDialogRootView.kt:32:9 The corresponding parameter in the supertype 'ReactViewGroup' is named 'left'. This may cause problems when calling this function with named arguments.
physical-device-ui-proof	Build standalone proof APK	2026-09-07T21:44:23.0234192Z w: file:///home/runner/work/USKOCI-CLEAN/USKOCI-CLEAN/node_modules/react-native-screens/android/src/main/java/com/swmansion/rnscreens/bottomsheet/BottomSheetDialogRootView.kt:33:9 The corresponding parameter in the supertype 'ReactViewGroup' is named 'top'. This may cause problems when calling this function with named arguments.
physical-device-ui-proof	Build standalone proof APK	2026-09-07T21:44:23.0293390Z w: file:///home/runner/work/USKOCI-CLEAN/USKOCI-CLEAN/node_modules/react-native-screens/android/src/main/java/com/swmansion/rnscreens/bottomsheet/BottomSheetDialogRootView.kt:34:9 The corresponding parameter in the supertype 'ReactViewGroup' is named 'right'. This may cause problems when calling this function with named arguments.
physical-device-ui-proof	Build standalone proof APK	2026-09-07T21:44:23.0324545Z w: file:///home/runner/work/USKOCI-CLEAN/USKOCI-CLEAN/node_modules/react-native-screens/android/src/main/java/com/swmansion/rnscreens/bottomsheet/BottomSheetDialogRootView.kt:35:9 The corresponding parameter in the supertype 'ReactViewGroup' is named 'bottom'. This may cause problems when calling this function with named arguments.
physical-device-ui-proof	Build standalone proof APK	2026-09-07T21:44:23.0354585Z w: file:///home/runner/work/USKOCI-CLEAN/USKOCI-CLEAN/node_modules/react-native-screens/android/src/main/java/com/swmansion/rnscreens/bottomsheet/BottomSheetDialogRootView.kt:71:9 The corresponding parameter in the supertype 'RootView' is named 'childView'. This may cause problems when calling this function with named arguments.
physical-device-ui-proof	Build standalone proof APK	2026-09-07T21:44:23.0386869Z w: file:///home/runner/work/USKOCI-CLEAN/USKOCI-CLEAN/node_modules/react-native-screens/android/src/main/java/com/swmansion/rnscreens/bottomsheet/BottomSheetDialogRootView.kt:72:9 The corresponding parameter in the supertype 'RootView' is named 'ev'. This may cause problems when calling this function with named arguments.
physical-device-ui-proof	Build standalone proof APK	2026-09-07T21:44:23.0392148Z w: file:///home/runner/work/USKOCI-CLEAN/USKOCI-CLEAN/node_modules/react-native-screens/android/src/main/java/com/swmansion/rnscreens/bottomsheet/BottomSheetDialogRootView.kt:79:46 The corresponding parameter in the supertype 'RootView' is named 'ev'. This may cause problems when calling this function with named arguments.
physical-device-ui-proof	Build standalone proof APK	2026-09-07T21:44:23.0397093Z w: file:///home/runner/work/USKOCI-CLEAN/USKOCI-CLEAN/node_modules/react-native-screens/android/src/main/java/com/swmansion/rnscreens/bottomsheet/BottomSheetDialogRootView.kt:83:9 The corresponding parameter in the supertype 'RootView' is named 'childView'. This may cause problems when calling this function with named arguments.
physical-device-ui-proof	Build standalone proof APK	2026-09-07T21:44:23.0402429Z w: file:///home/runner/work/USKOCI-CLEAN/USKOCI-CLEAN/node_modules/react-native-screens/android/src/main/java/com/swmansion/rnscreens/bottomsheet/BottomSheetDialogRootView.kt:84:9 The corresponding parameter in the supertype 'RootView' is named 'ev'. This may cause problems when calling this function with named arguments.
physical-device-ui-proof	Build standalone proof APK	2026-09-07T21:44:23.0406951Z w: file:///home/runner/work/USKOCI-CLEAN/USKOCI-CLEAN/node_modules/react-native-screens/android/src/main/java/com/swmansion/rnscreens/bottomsheet/BottomSheetDialogRootView.kt:95:34 The corresponding parameter in the supertype 'RootView' is named 't'. This may cause problems when calling this function with named arguments.
physical-device-ui-proof	Build standalone proof APK	2026-09-07T21:44:23.0499176Z w: file:///home/runner/work/USKOCI-CLEAN/USKOCI-CLEAN/node_modules/react-native-screens/android/src/main/java/com/swmansion/rnscreens/bottomsheet/DimmingView.kt:64:9 The corresponding parameter in the supertype 'ReactCompoundView' is named 'touchX'. This may cause problems when calling this function with named arguments.
physical-device-ui-proof	Build standalone proof APK	2026-09-07T21:44:23.0504457Z w: file:///home/runner/work/USKOCI-CLEAN/USKOCI-CLEAN/node_modules/react-native-screens/android/src/main/java/com/swmansion/rnscreens/bottomsheet/DimmingView.kt:65:9 The corresponding parameter in the supertype 'ReactCompoundView' is named 'touchY'. This may cause problems when calling this function with named arguments.
physical-device-ui-proof	Build standalone proof APK	2026-09-07T21:44:23.0509735Z w: file:///home/runner/work/USKOCI-CLEAN/USKOCI-CLEAN/node_modules/react-native-screens/android/src/main/java/com/swmansion/rnscreens/bottomsheet/DimmingView.kt:69:9 The corresponding parameter in the supertype 'ReactCompoundViewGroup' is named 'touchX'. This may cause problems when calling this function with named arguments.
physical-device-ui-proof	Build standalone proof APK	2026-09-07T21:44:23.0564121Z w: file:///home/runner/work/USKOCI-CLEAN/USKOCI-CLEAN/node_modules/react-native-screens/android/src/main/java/com/swmansion/rnscreens/bottomsheet/DimmingView.kt:70:9 The corresponding parameter in the supertype 'ReactCompoundViewGroup' is named 'touchY'. This may cause problems when calling this function with named arguments.
physical-device-ui-proof	Build standalone proof APK	2026-09-07T21:44:23.0569260Z w: file:///home/runner/work/USKOCI-CLEAN/USKOCI-CLEAN/node_modules/react-native-screens/android/src/main/java/com/swmansion/rnscreens/gamma/common/event/BaseEventEmitter.kt:12:38 'fun getEventDispatcherForReactTag(context: ReactContext, reactTag: Int): EventDispatcher?' is deprecated. reactTag is no longer needed.
physical-device-ui-proof	Build standalone proof APK	2026-09-07T21:44:23.0603441Z w: file:///home/runner/work/USKOCI-CLEAN/USKOCI-CLEAN/node_modules/react-native-screens/android/src/main/java/com/swmansion/rnscreens/gamma/modals/dimmingview/DimmingView.kt:64:9 The corresponding parameter in the supertype 'ReactCompoundView' is named 'touchX'. This may cause problems when calling this function with named arguments.
physical-device-ui-proof	Build standalone proof APK	2026-09-07T21:44:23.0608733Z w: file:///home/runner/work/USKOCI-CLEAN/USKOCI-CLEAN/node_modules/react-native-screens/android/src/main/java/com/swmansion/rnscreens/gamma/modals/dimmingview/DimmingView.kt:65:9 The corresponding parameter in the supertype 'ReactCompoundView' is named 'touchY'. This may cause problems when calling this function with named arguments.
physical-device-ui-proof	Build standalone proof APK	2026-09-07T21:44:23.0672582Z w: file:///home/runner/work/USKOCI-CLEAN/USKOCI-CLEAN/node_modules/react-native-screens/android/src/main/java/com/swmansion/rnscreens/gamma/modals/dimmingview/DimmingView.kt:69:9 The corresponding parameter in the supertype 'ReactCompoundViewGroup' is named 'touchX'. This may cause problems when calling this function with named arguments.
physical-device-ui-proof	Build standalone proof APK	2026-09-07T21:44:23.0677726Z w: file:///home/runner/work/USKOCI-CLEAN/USKOCI-CLEAN/node_modules/react-native-screens/android/src/main/java/com/swmansion/rnscreens/gamma/modals/dimmingview/DimmingView.kt:70:9 The corresponding parameter in the supertype 'ReactCompoundViewGroup' is named 'touchY'. This may cause problems when calling this function with named arguments.
physical-device-ui-proof	Build standalone proof APK	2026-09-07T21:44:23.0724716Z w: file:///home/runner/work/USKOCI-CLEAN/USKOCI-CLEAN/node_modules/react-native-screens/android/src/main/java/com/swmansion/rnscreens/gamma/modals/formsheet/FormSheetContentView.kt:11:8 'object ReactFeatureFlags : Any' is deprecated. Use com.facebook.react.internal.featureflags.ReactNativeFeatureFlags instead.
physical-device-ui-proof	Build standalone proof APK	2026-09-07T21:44:23.0729719Z w: file:///home/runner/work/USKOCI-CLEAN/USKOCI-CLEAN/node_modules/react-native-screens/android/src/main/java/com/swmansion/rnscreens/gamma/modals/formsheet/FormSheetContentView.kt:39:33 'fun getEventDispatcher(context: ReactContext, uiManagerType: Int): EventDispatcher?' is deprecated. UIManagerType is no longer needed.
physical-device-ui-proof	Build standalone proof APK	2026-09-07T21:44:23.0774989Z w: file:///home/runner/work/USKOCI-CLEAN/USKOCI-CLEAN/node_modules/react-native-screens/android/src/main/java/com/swmansion/rnscreens/gamma/modals/formsheet/FormSheetContentView.kt:44:13 'object ReactFeatureFlags : Any' is deprecated. Use com.facebook.react.internal.featureflags.ReactNativeFeatureFlags instead.
physical-device-ui-proof	Build standalone proof APK	2026-09-07T21:44:23.0780373Z w: file:///home/runner/work/USKOCI-CLEAN/USKOCI-CLEAN/node_modules/react-native-screens/android/src/main/java/com/swmansion/rnscreens/gamma/modals/formsheet/FormSheetHostViewManager.kt:38:9 The corresponding parameter in the supertype 'FormSheetHostViewManager' is named 'view'. This may cause problems when calling this function with named arguments.
physical-device-ui-proof	Build standalone proof APK	2026-09-07T21:44:23.0825411Z w: file:///home/runner/work/USKOCI-CLEAN/USKOCI-CLEAN/node_modules/react-native-screens/android/src/main/java/com/swmansion/rnscreens/gamma/tabs/host/TabsHostViewManager.kt:44:9 The corresponding parameter in the supertype 'TabsHostViewManager' is named 'view'. This may cause problems when calling this function with named arguments.
physical-device-ui-proof	Build standalone proof APK	2026-09-07T21:44:23.0830351Z w: file:///home/runner/work/USKOCI-CLEAN/USKOCI-CLEAN/node_modules/react-native-screens/android/src/main/java/com/swmansion/rnscreens/safearea/SafeAreaView.kt:143:45 'fun consumeDisplayCutout(): @NonNull() WindowInsetsCompat' is deprecated. Deprecated in Java.
physical-device-ui-proof	Build standalone proof APK	2026-09-07T21:44:23.1856449Z
physical-device-ui-proof	Build standalone proof APK	2026-09-07T21:44:23.1872421Z > Task :react-native-screens:javaPreCompileRelease
physical-device-ui-proof	Build standalone proof APK	2026-09-07T21:44:26.6842643Z > Task :react-native-screens:compileReleaseJavaWithJavac
physical-device-ui-proof	Build standalone proof APK	2026-09-07T21:44:27.2852803Z > Task :react-native-screens:bundleLibRuntimeToDirRelease
physical-device-ui-proof	Build standalone proof APK	2026-09-07T21:44:36.6865350Z > Task :expo:checkKotlinGradlePluginConfigurationErrors SKIPPED
physical-device-ui-proof	Build standalone proof APK	2026-09-07T21:44:36.6952786Z > Task :expo:generateReleaseBuildConfig
physical-device-ui-proof	Build standalone proof APK	2026-09-07T21:44:36.7052214Z > Task :expo:generateReleaseResValues
physical-device-ui-proof	Build standalone proof APK	2026-09-07T21:44:36.7112095Z > Task :expo:generateReleaseResources
physical-device-ui-proof	Build standalone proof APK	2026-09-07T21:44:36.7842515Z > Task :expo:packageReleaseResources
physical-device-ui-proof	Build standalone proof APK	2026-09-07T21:44:36.7872403Z > Task :expo:parseReleaseLocalResources
physical-device-ui-proof	Build standalone proof APK	2026-09-07T21:44:36.7992405Z > Task :expo:generateReleaseRFile
physical-device-ui-proof	Build standalone proof APK	2026-09-07T21:44:36.8212532Z > Task :expo-constants:checkKotlinGradlePluginConfigurationErrors SKIPPED
physical-device-ui-proof	Build standalone proof APK	2026-09-07T21:44:36.8227621Z > Task :expo-constants:generateReleaseBuildConfig
physical-device-ui-proof	Build standalone proof APK	2026-09-07T21:44:36.8228721Z > Task :expo-constants:generateReleaseResValues
physical-device-ui-proof	Build standalone proof APK	2026-09-07T21:44:36.8229535Z > Task :expo-constants:generateReleaseResources
physical-device-ui-proof	Build standalone proof APK	2026-09-07T21:44:36.8852507Z > Task :expo-constants:packageReleaseResources
physical-device-ui-proof	Build standalone proof APK	2026-09-07T21:44:36.8932306Z > Task :expo-constants:parseReleaseLocalResources
physical-device-ui-proof	Build standalone proof APK	2026-09-07T21:44:36.9016331Z > Task :expo-constants:generateReleaseRFile
physical-device-ui-proof	Build standalone proof APK	2026-09-07T21:44:36.9122537Z > Task :expo-modules-core:checkKotlinGradlePluginConfigurationErrors SKIPPED
physical-device-ui-proof	Build standalone proof APK	2026-09-07T21:44:36.9853228Z > Task :expo-modules-core:generateReleaseBuildConfig
physical-device-ui-proof	Build standalone proof APK	2026-09-07T21:44:36.9912415Z > Task :expo-modules-core:generateReleaseResValues
physical-device-ui-proof	Build standalone proof APK	2026-09-07T21:44:36.9972159Z > Task :expo-modules-core:generateReleaseResources
physical-device-ui-proof	Build standalone proof APK	2026-09-07T21:44:37.0092155Z > Task :expo-modules-core:packageReleaseResources
physical-device-ui-proof	Build standalone proof APK	2026-09-07T21:44:37.0152282Z > Task :expo-modules-core:parseReleaseLocalResources
physical-device-ui-proof	Build standalone proof APK	2026-09-07T21:44:37.0842631Z > Task :expo-modules-core:generateReleaseRFile
physical-device-ui-proof	Build standalone proof APK	2026-09-07T21:45:07.0855156Z > Task :expo-modules-core:compileReleaseKotlin
physical-device-ui-proof	Build standalone proof APK	2026-09-07T21:45:37.6854081Z w: file:///home/runner/work/USKOCI-CLEAN/USKOCI-CLEAN/node_modules/expo-modules-core/android/src/main/java/expo/modules/apploader/AppLoaderProvider.kt:34:52 Unchecked cast of 'Class<*>!' to 'Class<out HeadlessAppLoader>'.
physical-device-ui-proof	Build standalone proof APK	2026-09-07T21:45:37.6886252Z w: file:///home/runner/work/USKOCI-CLEAN/USKOCI-CLEAN/node_modules/expo-modules-core/android/src/main/java/expo/modules/kotlin/AppContext.kt:14:8 'class UIManagerModule : ReactContextBaseJavaModule, LifecycleEventListener, UIManager' is deprecated. Deprecated in Java.
physical-device-ui-proof	Build standalone proof APK	2026-09-07T21:45:37.6976217Z w: file:///home/runner/work/USKOCI-CLEAN/USKOCI-CLEAN/node_modules/expo-modules-core/android/src/main/java/expo/modules/kotlin/AppContext.kt:22:8 'typealias ErrorManagerModule = JSLoggerModule' is deprecated. Use JSLoggerModule instead.
physical-device-ui-proof	Build standalone proof APK	2026-09-07T21:45:37.7034402Z w: file:///home/runner/work/USKOCI-CLEAN/USKOCI-CLEAN/node_modules/expo-modules-core/android/src/main/java/expo/modules/kotlin/AppContext.kt:61:13 'val hostingRuntimeContext: MainRuntime' is deprecated. Use AppContext.runtimeContext instead.
physical-device-ui-proof	Build standalone proof APK	2026-09-07T21:45:37.7123832Z w: file:///home/runner/work/USKOCI-CLEAN/USKOCI-CLEAN/node_modules/expo-modules-core/android/src/main/java/expo/modules/kotlin/AppContext.kt:271:21 'typealias ErrorManagerModule = JSLoggerModule' is deprecated. Use JSLoggerModule instead.
physical-device-ui-proof	Build standalone proof APK	2026-09-07T21:45:37.7164058Z w: file:///home/runner/work/USKOCI-CLEAN/USKOCI-CLEAN/node_modules/expo-modules-core/android/src/main/java/expo/modules/kotlin/AppContext.kt:380:21 'val DEFAULT: Int' is deprecated. UIManagerType.DEFAULT will be deleted in the next release of React Native. Use [LEGACY] instead.
physical-device-ui-proof	Build standalone proof APK	2026-09-07T21:45:37.7204078Z w: file:///home/runner/work/USKOCI-CLEAN/USKOCI-CLEAN/node_modules/expo-modules-core/android/src/main/java/expo/modules/kotlin/AppContext.kt:381:10 'class UIManagerModule : ReactContextBaseJavaModule, LifecycleEventListener, UIManager' is deprecated. Deprecated in Java.
physical-device-ui-proof	Build standalone proof APK	2026-09-07T21:45:37.7279264Z w: file:///home/runner/work/USKOCI-CLEAN/USKOCI-CLEAN/node_modules/expo-modules-core/android/src/main/java/expo/modules/kotlin/defaultmodules/NativeModulesProxyModule.kt:16:5 'fun Constants(legacyConstantsProvider: () -> Map<String, Any?>): Unit' is deprecated. Use `Constant` or `Property` instead.
physical-device-ui-proof	Build standalone proof APK	2026-09-07T21:45:37.7344433Z w: file:///home/runner/work/USKOCI-CLEAN/USKOCI-CLEAN/node_modules/expo-modules-core/android/src/main/java/expo/modules/kotlin/events/KModuleEventEmitterWrapper.kt:99:21 'fun getEventDispatcherForReactTag(context: ReactContext, reactTag: Int): EventDispatcher?' is deprecated. reactTag is no longer needed.
physical-device-ui-proof	Build standalone proof APK	2026-09-07T21:45:37.7391003Z w: file:///home/runner/work/USKOCI-CLEAN/USKOCI-CLEAN/node_modules/expo-modules-core/android/src/main/java/expo/modules/kotlin/events/KModuleEventEmitterWrapper.kt:108:21 'fun getEventDispatcherForReactTag(context: ReactContext, reactTag: Int): EventDispatcher?' is deprecated. reactTag is no longer needed.
physical-device-ui-proof	Build standalone proof APK	2026-09-07T21:45:37.7403885Z w: file:///home/runner/work/USKOCI-CLEAN/USKOCI-CLEAN/node_modules/expo-modules-core/android/src/main/java/expo/modules/kotlin/views/ViewDefinitionBuilder.kt:470:16 'val errorManager: JSLoggerModule?' is deprecated. Use AppContext.jsLogger instead.
physical-device-ui-proof	Build standalone proof APK	2026-09-07T21:45:37.7408383Z w: file:///home/runner/work/USKOCI-CLEAN/USKOCI-CLEAN/node_modules/expo-modules-core/android/src/main/java/expo/modules/kotlin/views/ViewDefinitionBuilder.kt:470:30 'fun reportExceptionToLogBox(codedException: CodedException): Unit' is deprecated. Use appContext.jsLogger.error(...) instead.
physical-device-ui-proof	Build standalone proof APK	2026-09-07T21:45:37.7443083Z w: file:///home/runner/work/USKOCI-CLEAN/USKOCI-CLEAN/node_modules/expo-modules-core/android/src/main/java/expo/modules/kotlin/views/ViewManagerDefinition.kt:41:16 'val errorManager: JSLoggerModule?' is deprecated. Use AppContext.jsLogger instead.
physical-device-ui-proof	Build standalone proof APK	2026-09-07T21:45:37.7447408Z w: file:///home/runner/work/USKOCI-CLEAN/USKOCI-CLEAN/node_modules/expo-modules-core/android/src/main/java/expo/modules/kotlin/views/ViewManagerDefinition.kt:41:30 'fun reportExceptionToLogBox(codedException: CodedException): Unit' is deprecated. Use appContext.jsLogger.error(...) instead.
physical-device-ui-proof	Build standalone proof APK	2026-09-07T21:45:38.2861931Z
physical-device-ui-proof	Build standalone proof APK	2026-09-07T21:45:38.2892440Z > Task :expo-modules-core:javaPreCompileRelease
physical-device-ui-proof	Build standalone proof APK	2026-09-07T21:45:40.2838856Z
physical-device-ui-proof	Build standalone proof APK	2026-09-07T21:45:40.2843791Z Note: Some input files use or override a deprecated API.
physical-device-ui-proof	Build standalone proof APK	2026-09-07T21:45:40.2844864Z > Task :expo-modules-core:compileReleaseJavaWithJavac
physical-device-ui-proof	Build standalone proof APK	2026-09-07T21:45:40.2845789Z Note: Recompile with -Xlint:deprecation for details.
physical-device-ui-proof	Build standalone proof APK	2026-09-07T21:45:42.2837737Z
physical-device-ui-proof	Build standalone proof APK	2026-09-07T21:45:42.2839081Z > Task :expo-modules-core:bundleLibCompileToJarRelease
physical-device-ui-proof	Build standalone proof APK	2026-09-07T21:45:43.3872049Z
physical-device-ui-proof	Build standalone proof APK	2026-09-07T21:45:43.3902234Z > Task :expo-constants:compileReleaseKotlin
physical-device-ui-proof	Build standalone proof APK	2026-09-07T21:45:43.3934153Z w: file:///home/runner/work/USKOCI-CLEAN/USKOCI-CLEAN/node_modules/expo-constants/android/src/main/java/expo/modules/constants/ConstantsModule.kt:13:5 'fun Constants(legacyConstantsProvider: () -> Map<String, Any?>): Unit' is deprecated. Use `Constant` or `Property` instead.
physical-device-ui-proof	Build standalone proof APK	2026-09-07T21:45:43.3961647Z
physical-device-ui-proof	Build standalone proof APK	2026-09-07T21:45:43.3967679Z > Task :expo-constants:javaPreCompileRelease
physical-device-ui-proof	Build standalone proof APK	2026-09-07T21:45:43.6873755Z > Task :expo-constants:compileReleaseJavaWithJavac
physical-device-ui-proof	Build standalone proof APK	2026-09-07T21:45:43.6895678Z > Task :expo-constants:bundleLibCompileToJarRelease
physical-device-ui-proof	Build standalone proof APK	2026-09-07T21:45:43.6902190Z > Task :expo-log-box:checkKotlinGradlePluginConfigurationErrors SKIPPED
physical-device-ui-proof	Build standalone proof APK	2026-09-07T21:45:43.6952249Z > Task :expo-log-box:generateReleaseBuildConfig
physical-device-ui-proof	Build standalone proof APK	2026-09-07T21:45:43.7837861Z > Task :expo-log-box:generateReleaseResValues
physical-device-ui-proof	Build standalone proof APK	2026-09-07T21:45:43.7861959Z > Task :expo-log-box:generateReleaseResources
physical-device-ui-proof	Build standalone proof APK	2026-09-07T21:45:43.7862752Z > Task :expo-log-box:packageReleaseResources
physical-device-ui-proof	Build standalone proof APK	2026-09-07T21:45:43.7892215Z > Task :expo-log-box:parseReleaseLocalResources
physical-device-ui-proof	Build standalone proof APK	2026-09-07T21:45:43.7922051Z > Task :expo-log-box:generateReleaseRFile
physical-device-ui-proof	Build standalone proof APK	2026-09-07T21:45:45.0852638Z > Task :expo-log-box:compileReleaseKotlin
physical-device-ui-proof	Build standalone proof APK	2026-09-07T21:45:45.0853622Z > Task :expo-log-box:javaPreCompileRelease
physical-device-ui-proof	Build standalone proof APK	2026-09-07T21:45:45.4872863Z > Task :expo-log-box:compileReleaseJavaWithJavac
physical-device-ui-proof	Build standalone proof APK	2026-09-07T21:45:45.5862914Z > Task :expo-log-box:bundleLibCompileToJarRelease
physical-device-ui-proof	Build standalone proof APK	2026-09-07T21:45:51.2837709Z > Task :app:mergeReleaseNativeLibs
physical-device-ui-proof	Build standalone proof APK	2026-09-07T21:45:52.6838020Z
physical-device-ui-proof	Build standalone proof APK	2026-09-07T21:45:52.6867145Z > Task :expo:compileReleaseKotlin
physical-device-ui-proof	Build standalone proof APK	2026-09-07T21:45:52.6884060Z w: file:///home/runner/work/USKOCI-CLEAN/USKOCI-CLEAN/node_modules/expo/android/src/main/java/expo/modules/ExpoModulesPackage.kt:34:16 This declaration overrides a deprecated member but is not marked as deprecated itself. Add the '@Deprecated' annotation or suppress the diagnostic.
physical-device-ui-proof	Build standalone proof APK	2026-09-07T21:45:52.6913680Z w: file:///home/runner/work/USKOCI-CLEAN/USKOCI-CLEAN/node_modules/expo/android/src/main/java/expo/modules/ReactActivityDelegateWrapper.kt:22:8 'class ReactInstanceManager : Any' is deprecated. Deprecated in Java.
physical-device-ui-proof	Build standalone proof APK	2026-09-07T21:45:52.6943988Z w: file:///home/runner/work/USKOCI-CLEAN/USKOCI-CLEAN/node_modules/expo/android/src/main/java/expo/modules/ReactActivityDelegateWrapper.kt:102:16 This declaration overrides a deprecated member but is not marked as deprecated itself. Add the '@Deprecated' annotation or suppress the diagnostic.
physical-device-ui-proof	Build standalone proof APK	2026-09-07T21:45:52.6947853Z w: file:///home/runner/work/USKOCI-CLEAN/USKOCI-CLEAN/node_modules/expo/android/src/main/java/expo/modules/ReactActivityDelegateWrapper.kt:102:43 'class ReactInstanceManager : Any' is deprecated. Deprecated in Java.
physical-device-ui-proof	Build standalone proof APK	2026-09-07T21:45:52.6973630Z w: file:///home/runner/work/USKOCI-CLEAN/USKOCI-CLEAN/node_modules/expo/android/src/main/java/expo/modules/ReactActivityDelegateWrapper.kt:103:21 'val reactInstanceManager: ReactInstanceManager' is deprecated. Deprecated in Java.
physical-device-ui-proof	Build standalone proof APK	2026-09-07T21:45:52.6993571Z w: file:///home/runner/work/USKOCI-CLEAN/USKOCI-CLEAN/node_modules/expo/android/src/main/java/expo/modules/fetch/ExpoFetchModule.kt:33:39 'constructor(reactContext: ReactContext): ForwardingCookieHandler' is deprecated. Use the default constructor.
physical-device-ui-proof	Build standalone proof APK	2026-09-07T21:45:52.6997590Z w: file:///home/runner/work/USKOCI-CLEAN/USKOCI-CLEAN/node_modules/expo/android/src/main/java/expo/modules/fetch/NativeResponse.kt:44:16 This declaration overrides a deprecated member but is not marked as deprecated itself. Add the '@Deprecated' annotation or suppress the diagnostic.
physical-device-ui-proof	Build standalone proof APK	2026-09-07T21:45:52.7033268Z w: file:///home/runner/work/USKOCI-CLEAN/USKOCI-CLEAN/node_modules/expo/android/src/main/java/expo/modules/fetch/NativeResponse.kt:46:11 'fun deallocate(): Unit' is deprecated. Use sharedObjectDidRelease() instead.
physical-device-ui-proof	Build standalone proof APK	2026-09-07T21:45:52.7851771Z
physical-device-ui-proof	Build standalone proof APK	2026-09-07T21:45:52.7862329Z > Task :expo:javaPreCompileRelease
physical-device-ui-proof	Build standalone proof APK	2026-09-07T21:45:52.8852742Z > Task :app:stripReleaseDebugSymbols
physical-device-ui-proof	Build standalone proof APK	2026-09-07T21:45:53.7862469Z > Task :expo:compileReleaseJavaWithJavac
physical-device-ui-proof	Build standalone proof APK	2026-09-07T21:45:53.7863753Z > Task :app:extractReleaseNativeSymbolTables
physical-device-ui-proof	Build standalone proof APK	2026-09-07T21:45:53.7891993Z > Task :expo:bundleLibRuntimeToDirRelease
physical-device-ui-proof	Build standalone proof APK	2026-09-07T21:45:55.0853730Z > Task :expo-modules-core:bundleLibRuntimeToDirRelease
physical-device-ui-proof	Build standalone proof APK	2026-09-07T21:45:55.4838322Z > Task :app:mergeReleaseNativeDebugMetadata
physical-device-ui-proof	Build standalone proof APK	2026-09-07T21:45:55.4846930Z > Task :react-native-worklets:bundleLibRuntimeToDirRelease
physical-device-ui-proof	Build standalone proof APK	2026-09-07T21:45:55.4851454Z > Task :react-native-masked-view_masked-view:generateReleaseBuildConfig
physical-device-ui-proof	Build standalone proof APK	2026-09-07T21:45:55.4853467Z > Task :react-native-masked-view_masked-view:generateReleaseResValues
physical-device-ui-proof	Build standalone proof APK	2026-09-07T21:45:55.4854819Z > Task :react-native-masked-view_masked-view:generateReleaseResources
physical-device-ui-proof	Build standalone proof APK	2026-09-07T21:45:55.5862667Z > Task :react-native-masked-view_masked-view:packageReleaseResources
physical-device-ui-proof	Build standalone proof APK	2026-09-07T21:45:55.5892211Z > Task :react-native-masked-view_masked-view:parseReleaseLocalResources
physical-device-ui-proof	Build standalone proof APK	2026-09-07T21:45:55.5922171Z > Task :react-native-masked-view_masked-view:generateReleaseRFile
physical-device-ui-proof	Build standalone proof APK	2026-09-07T21:45:55.5952394Z > Task :react-native-masked-view_masked-view:javaPreCompileRelease
physical-device-ui-proof	Build standalone proof APK	2026-09-07T21:45:55.6843763Z Note: /home/runner/work/USKOCI-CLEAN/USKOCI-CLEAN/node_modules/@react-native-masked-view/masked-view/android/src/main/java/org/reactnative/maskedview/RNCMaskedViewPackage.java uses or overrides a deprecated API.
physical-device-ui-proof	Build standalone proof APK	2026-09-07T21:45:55.6845346Z
physical-device-ui-proof	Build standalone proof APK	2026-09-07T21:45:55.6870577Z Note: Recompile with -Xlint:deprecation for details.
physical-device-ui-proof	Build standalone proof APK	2026-09-07T21:45:55.6871791Z > Task :react-native-masked-view_masked-view:compileReleaseJavaWithJavac
physical-device-ui-proof	Build standalone proof APK	2026-09-07T21:45:55.6895688Z
physical-device-ui-proof	Build standalone proof APK	2026-09-07T21:45:55.6931184Z > Task :react-native-masked-view_masked-view:bundleLibRuntimeToDirRelease
physical-device-ui-proof	Build standalone proof APK	2026-09-07T21:45:55.7852584Z > Task :react-native-svg:bundleLibRuntimeToDirRelease
physical-device-ui-proof	Build standalone proof APK	2026-09-07T21:45:58.0853453Z > Task :expo-log-box:bundleLibRuntimeToDirRelease
physical-device-ui-proof	Build standalone proof APK	2026-09-07T21:45:58.1843373Z > Task :expo-constants:bundleLibRuntimeToDirRelease
physical-device-ui-proof	Build standalone proof APK	2026-09-07T21:46:00.8852662Z > Task :app:checkReleaseDuplicateClasses
physical-device-ui-proof	Build standalone proof APK	2026-09-07T21:46:00.8882351Z > Task :app:buildKotlinToolingMetadata
physical-device-ui-proof	Build standalone proof APK	2026-09-07T21:46:00.8927910Z > Task :app:checkKotlinGradlePluginConfigurationErrors SKIPPED
physical-device-ui-proof	Build standalone proof APK	2026-09-07T21:46:00.9838258Z > Task :app:generateReleaseBuildConfig
physical-device-ui-proof	Build standalone proof APK	2026-09-07T21:46:00.9872280Z > Task :expo:writeReleaseAarMetadata
physical-device-ui-proof	Build standalone proof APK	2026-09-07T21:46:00.9902216Z > Task :expo-constants:writeReleaseAarMetadata
physical-device-ui-proof	Build standalone proof APK	2026-09-07T21:46:00.9903292Z > Task :expo-log-box:writeReleaseAarMetadata
physical-device-ui-proof	Build standalone proof APK	2026-09-07T21:46:00.9932211Z > Task :expo-modules-core:writeReleaseAarMetadata
physical-device-ui-proof	Build standalone proof APK	2026-09-07T21:46:00.9962380Z > Task :react-native-async-storage_async-storage:writeReleaseAarMetadata
physical-device-ui-proof	Build standalone proof APK	2026-09-07T21:46:00.9992201Z > Task :react-native-gesture-handler:writeReleaseAarMetadata
physical-device-ui-proof	Build standalone proof APK	2026-09-07T21:46:00.9993571Z > Task :react-native-masked-view_masked-view:writeReleaseAarMetadata
physical-device-ui-proof	Build standalone proof APK	2026-09-07T21:46:01.0022232Z > Task :react-native-reanimated:writeReleaseAarMetadata
physical-device-ui-proof	Build standalone proof APK	2026-09-07T21:46:01.0049821Z > Task :react-native-safe-area-context:writeReleaseAarMetadata
physical-device-ui-proof	Build standalone proof APK	2026-09-07T21:46:01.0072101Z > Task :react-native-screens:writeReleaseAarMetadata
physical-device-ui-proof	Build standalone proof APK	2026-09-07T21:46:01.0092303Z > Task :react-native-svg:writeReleaseAarMetadata
physical-device-ui-proof	Build standalone proof APK	2026-09-07T21:46:01.0112156Z > Task :react-native-worklets:writeReleaseAarMetadata
physical-device-ui-proof	Build standalone proof APK	2026-09-07T21:46:01.3842739Z > Task :app:checkReleaseAarMetadata
physical-device-ui-proof	Build standalone proof APK	2026-09-07T21:46:03.3837836Z
physical-device-ui-proof	Build standalone proof APK	2026-09-07T21:46:03.3862475Z > Task :app:createBundleReleaseJsAndAssets
physical-device-ui-proof	Build standalone proof APK	2026-09-07T21:46:03.3892314Z Using src/app as the root directory for Expo Router.
physical-device-ui-proof	Build standalone proof APK	2026-09-07T21:46:03.3896900Z React Compiler enabled
physical-device-ui-proof	Build standalone proof APK	2026-09-07T21:46:03.3897629Z Starting Metro Bundler
physical-device-ui-proof	Build standalone proof APK	2026-09-07T21:46:03.3898087Z
physical-device-ui-proof	Build standalone proof APK	2026-09-07T21:46:04.2840177Z
physical-device-ui-proof	Build standalone proof APK	2026-09-07T21:46:04.2862529Z > Task :expo:extractDeepLinksRelease
physical-device-ui-proof	Build standalone proof APK	2026-09-07T21:46:04.3839609Z > Task :expo:processReleaseManifest
physical-device-ui-proof	Build standalone proof APK	2026-09-07T21:46:04.3862524Z > Task :expo-constants:extractDeepLinksRelease
physical-device-ui-proof	Build standalone proof APK	2026-09-07T21:46:04.3889643Z > Task :expo-constants:processReleaseManifest
physical-device-ui-proof	Build standalone proof APK	2026-09-07T21:46:04.3891173Z > Task :expo-log-box:extractDeepLinksRelease
physical-device-ui-proof	Build standalone proof APK	2026-09-07T21:46:04.3922241Z > Task :expo-log-box:processReleaseManifest
physical-device-ui-proof	Build standalone proof APK	2026-09-07T21:46:04.3952173Z > Task :expo-modules-core:extractDeepLinksRelease
physical-device-ui-proof	Build standalone proof APK	2026-09-07T21:46:04.3981665Z
physical-device-ui-proof	Build standalone proof APK	2026-09-07T21:46:04.3982340Z > Task :expo-modules-core:processReleaseManifest
physical-device-ui-proof	Build standalone proof APK	2026-09-07T21:46:04.4012811Z /home/runner/work/USKOCI-CLEAN/USKOCI-CLEAN/node_modules/expo-modules-core/android/src/main/AndroidManifest.xml:8:9-11:45 Warning:
physical-device-ui-proof	Build standalone proof APK	2026-09-07T21:46:04.4042795Z 	meta-data#com.facebook.soloader.enabled@android:value was tagged at AndroidManifest.xml:8 to replace other declarations but no other declaration present
physical-device-ui-proof	Build standalone proof APK	2026-09-07T21:46:04.4071652Z
physical-device-ui-proof	Build standalone proof APK	2026-09-07T21:46:04.4072549Z > Task :react-native-async-storage_async-storage:extractDeepLinksRelease
physical-device-ui-proof	Build standalone proof APK	2026-09-07T21:46:04.4102304Z > Task :react-native-async-storage_async-storage:processReleaseManifest
physical-device-ui-proof	Build standalone proof APK	2026-09-07T21:46:04.4132116Z > Task :react-native-gesture-handler:extractDeepLinksRelease
physical-device-ui-proof	Build standalone proof APK	2026-09-07T21:46:04.4162435Z > Task :react-native-gesture-handler:processReleaseManifest
physical-device-ui-proof	Build standalone proof APK	2026-09-07T21:46:04.4838467Z > Task :react-native-masked-view_masked-view:extractDeepLinksRelease
physical-device-ui-proof	Build standalone proof APK	2026-09-07T21:46:04.4839727Z > Task :react-native-masked-view_masked-view:processReleaseManifest
physical-device-ui-proof	Build standalone proof APK	2026-09-07T21:46:04.4840535Z > Task :react-native-reanimated:extractDeepLinksRelease
physical-device-ui-proof	Build standalone proof APK	2026-09-07T21:46:04.4841141Z > Task :react-native-reanimated:processReleaseManifest
physical-device-ui-proof	Build standalone proof APK	2026-09-07T21:46:04.4842054Z > Task :react-native-safe-area-context:extractDeepLinksRelease
physical-device-ui-proof	Build standalone proof APK	2026-09-07T21:46:04.4842445Z
physical-device-ui-proof	Build standalone proof APK	2026-09-07T21:46:04.4842756Z > Task :react-native-safe-area-context:processReleaseManifest
physical-device-ui-proof	Build standalone proof APK	2026-09-07T21:46:04.4844246Z package="com.th3rdwave.safeareacontext" found in source AndroidManifest.xml: /home/runner/work/USKOCI-CLEAN/USKOCI-CLEAN/node_modules/react-native-safe-area-context/android/src/main/AndroidManifest.xml.
physical-device-ui-proof	Build standalone proof APK	2026-09-07T21:46:04.4845922Z Setting the namespace via the package attribute in the source AndroidManifest.xml is no longer supported, and the value is ignored.
physical-device-ui-proof	Build standalone proof APK	2026-09-07T21:46:04.4847570Z Recommendation: remove package="com.th3rdwave.safeareacontext" from the source AndroidManifest.xml: /home/runner/work/USKOCI-CLEAN/USKOCI-CLEAN/node_modules/react-native-safe-area-context/android/src/main/AndroidManifest.xml.
physical-device-ui-proof	Build standalone proof APK	2026-09-07T21:46:04.4848524Z
physical-device-ui-proof	Build standalone proof APK	2026-09-07T21:46:04.4848756Z > Task :react-native-screens:extractDeepLinksRelease
physical-device-ui-proof	Build standalone proof APK	2026-09-07T21:46:04.4849227Z > Task :react-native-screens:processReleaseManifest
physical-device-ui-proof	Build standalone proof APK	2026-09-07T21:46:04.4849682Z > Task :react-native-svg:extractDeepLinksRelease
physical-device-ui-proof	Build standalone proof APK	2026-09-07T21:46:04.4850121Z > Task :react-native-svg:processReleaseManifest
physical-device-ui-proof	Build standalone proof APK	2026-09-07T21:46:04.4850562Z > Task :react-native-worklets:extractDeepLinksRelease
physical-device-ui-proof	Build standalone proof APK	2026-09-07T21:46:04.4851013Z > Task :react-native-worklets:processReleaseManifest
physical-device-ui-proof	Build standalone proof APK	2026-09-07T21:46:05.1846480Z > Task :expo:compileReleaseLibraryResources
physical-device-ui-proof	Build standalone proof APK	2026-09-07T21:46:05.2910019Z > Task :expo-constants:compileReleaseLibraryResources
physical-device-ui-proof	Build standalone proof APK	2026-09-07T21:46:05.2972394Z > Task :expo-log-box:compileReleaseLibraryResources
physical-device-ui-proof	Build standalone proof APK	2026-09-07T21:46:05.3000187Z > Task :expo-modules-core:compileReleaseLibraryResources
physical-device-ui-proof	Build standalone proof APK	2026-09-07T21:46:05.3062340Z > Task :react-native-async-storage_async-storage:compileReleaseLibraryResources
physical-device-ui-proof	Build standalone proof APK	2026-09-07T21:46:05.3086394Z > Task :react-native-gesture-handler:compileReleaseLibraryResources
physical-device-ui-proof	Build standalone proof APK	2026-09-07T21:46:05.3132413Z > Task :react-native-masked-view_masked-view:compileReleaseLibraryResources
physical-device-ui-proof	Build standalone proof APK	2026-09-07T21:46:05.3182206Z > Task :react-native-reanimated:compileReleaseLibraryResources
physical-device-ui-proof	Build standalone proof APK	2026-09-07T21:46:05.3242287Z > Task :react-native-safe-area-context:compileReleaseLibraryResources
physical-device-ui-proof	Build standalone proof APK	2026-09-07T21:46:05.6837933Z > Task :react-native-screens:compileReleaseLibraryResources
physical-device-ui-proof	Build standalone proof APK	2026-09-07T21:46:05.6895005Z > Task :react-native-svg:compileReleaseLibraryResources
physical-device-ui-proof	Build standalone proof APK	2026-09-07T21:46:05.6941210Z > Task :react-native-worklets:compileReleaseLibraryResources
physical-device-ui-proof	Build standalone proof APK	2026-09-07T21:46:05.7860360Z > Task :expo:bundleLibCompileToJarRelease
physical-device-ui-proof	Build standalone proof APK	2026-09-07T21:46:05.7900136Z > Task :react-native-async-storage_async-storage:bundleLibCompileToJarRelease
physical-device-ui-proof	Build standalone proof APK	2026-09-07T21:46:05.7948762Z > Task :react-native-gesture-handler:bundleLibCompileToJarRelease
physical-device-ui-proof	Build standalone proof APK	2026-09-07T21:46:05.7992432Z > Task :react-native-masked-view_masked-view:bundleLibCompileToJarRelease
physical-device-ui-proof	Build standalone proof APK	2026-09-07T21:46:05.8862926Z > Task :react-native-safe-area-context:bundleLibCompileToJarRelease
physical-device-ui-proof	Build standalone proof APK	2026-09-07T21:46:05.8864158Z > Task :react-native-screens:bundleLibCompileToJarRelease
physical-device-ui-proof	Build standalone proof APK	2026-09-07T21:46:05.8932193Z > Task :expo:prepareReleaseArtProfile
physical-device-ui-proof	Build standalone proof APK	2026-09-07T21:46:05.9856126Z > Task :expo-constants:prepareReleaseArtProfile
physical-device-ui-proof	Build standalone proof APK	2026-09-07T21:46:05.9902585Z > Task :expo-log-box:prepareReleaseArtProfile
physical-device-ui-proof	Build standalone proof APK	2026-09-07T21:46:05.9956717Z > Task :expo-modules-core:prepareReleaseArtProfile
physical-device-ui-proof	Build standalone proof APK	2026-09-07T21:46:06.0012457Z > Task :react-native-async-storage_async-storage:prepareReleaseArtProfile
physical-device-ui-proof	Build standalone proof APK	2026-09-07T21:46:06.0057473Z > Task :react-native-gesture-handler:prepareReleaseArtProfile
physical-device-ui-proof	Build standalone proof APK	2026-09-07T21:46:06.0112378Z > Task :react-native-masked-view_masked-view:prepareReleaseArtProfile
physical-device-ui-proof	Build standalone proof APK	2026-09-07T21:46:06.0162582Z > Task :react-native-reanimated:prepareReleaseArtProfile
physical-device-ui-proof	Build standalone proof APK	2026-09-07T21:46:06.0206375Z > Task :react-native-safe-area-context:prepareReleaseArtProfile
physical-device-ui-proof	Build standalone proof APK	2026-09-07T21:46:06.0262216Z > Task :react-native-screens:prepareReleaseArtProfile
physical-device-ui-proof	Build standalone proof APK	2026-09-07T21:46:06.0322167Z > Task :react-native-svg:prepareReleaseArtProfile
physical-device-ui-proof	Build standalone proof APK	2026-09-07T21:46:06.0323142Z > Task :react-native-worklets:prepareReleaseArtProfile
physical-device-ui-proof	Build standalone proof APK	2026-09-07T21:46:06.0392385Z > Task :react-native-async-storage_async-storage:bundleLibRuntimeToJarRelease
physical-device-ui-proof	Build standalone proof APK	2026-09-07T21:46:06.2847823Z > Task :react-native-gesture-handler:bundleLibRuntimeToJarRelease
physical-device-ui-proof	Build standalone proof APK	2026-09-07T21:46:07.1838818Z > Task :react-native-reanimated:bundleLibRuntimeToJarRelease
physical-device-ui-proof	Build standalone proof APK	2026-09-07T21:46:07.6864501Z > Task :react-native-safe-area-context:bundleLibRuntimeToJarRelease
physical-device-ui-proof	Build standalone proof APK	2026-09-07T21:46:07.8852777Z > Task :react-native-screens:bundleLibRuntimeToJarRelease
physical-device-ui-proof	Build standalone proof APK	2026-09-07T21:46:11.0877112Z > Task :expo:bundleLibRuntimeToJarRelease
physical-device-ui-proof	Build standalone proof APK	2026-09-07T21:46:12.1856747Z > Task :expo-modules-core:bundleLibRuntimeToJarRelease
physical-device-ui-proof	Build standalone proof APK	2026-09-07T21:46:19.6866492Z > Task :react-native-worklets:bundleLibRuntimeToJarRelease
physical-device-ui-proof	Build standalone proof APK	2026-09-07T21:46:19.7853166Z > Task :react-native-masked-view_masked-view:bundleLibRuntimeToJarRelease
physical-device-ui-proof	Build standalone proof APK	2026-09-07T21:46:19.7912425Z > Task :react-native-svg:bundleLibRuntimeToJarRelease
physical-device-ui-proof	Build standalone proof APK	2026-09-07T21:46:21.5872864Z > Task :expo-log-box:bundleLibRuntimeToJarRelease
physical-device-ui-proof	Build standalone proof APK	2026-09-07T21:46:21.7840456Z > Task :expo-constants:bundleLibRuntimeToJarRelease
physical-device-ui-proof	Build standalone proof APK	2026-09-07T21:46:21.8877444Z > Task :expo:mergeReleaseShaders
physical-device-ui-proof	Build standalone proof APK	2026-09-07T21:46:21.8932466Z > Task :expo:compileReleaseShaders NO-SOURCE
physical-device-ui-proof	Build standalone proof APK	2026-09-07T21:46:21.8972491Z > Task :expo:generateReleaseAssets UP-TO-DATE
physical-device-ui-proof	Build standalone proof APK	2026-09-07T21:46:21.9019510Z > Task :expo:mergeReleaseAssets
physical-device-ui-proof	Build standalone proof APK	2026-09-07T21:46:21.9109004Z > Task :expo-constants:mergeReleaseShaders
physical-device-ui-proof	Build standalone proof APK	2026-09-07T21:46:21.9162448Z > Task :expo-constants:compileReleaseShaders NO-SOURCE
physical-device-ui-proof	Build standalone proof APK	2026-09-07T21:46:21.9209865Z > Task :expo-constants:generateReleaseAssets UP-TO-DATE
physical-device-ui-proof	Build standalone proof APK	2026-09-07T21:46:21.9312148Z > Task :expo-constants:mergeReleaseAssets
physical-device-ui-proof	Build standalone proof APK	2026-09-07T21:46:21.9352395Z > Task :expo-log-box:mergeReleaseShaders
physical-device-ui-proof	Build standalone proof APK	2026-09-07T21:46:21.9402119Z > Task :expo-log-box:compileReleaseShaders NO-SOURCE
physical-device-ui-proof	Build standalone proof APK	2026-09-07T21:46:21.9432146Z > Task :expo-log-box:generateReleaseAssets UP-TO-DATE
physical-device-ui-proof	Build standalone proof APK	2026-09-07T21:46:21.9450314Z > Task :expo-log-box:mergeReleaseAssets
physical-device-ui-proof	Build standalone proof APK	2026-09-07T21:46:21.9509622Z > Task :expo-modules-core:mergeReleaseShaders
physical-device-ui-proof	Build standalone proof APK	2026-09-07T21:46:21.9542189Z > Task :expo-modules-core:compileReleaseShaders NO-SOURCE
physical-device-ui-proof	Build standalone proof APK	2026-09-07T21:46:21.9592319Z > Task :expo-modules-core:generateReleaseAssets UP-TO-DATE
physical-device-ui-proof	Build standalone proof APK	2026-09-07T21:46:21.9593673Z > Task :expo-modules-core:mergeReleaseAssets
physical-device-ui-proof	Build standalone proof APK	2026-09-07T21:46:21.9594615Z > Task :react-native-async-storage_async-storage:mergeReleaseShaders
physical-device-ui-proof	Build standalone proof APK	2026-09-07T21:46:21.9595794Z > Task :react-native-async-storage_async-storage:compileReleaseShaders NO-SOURCE
physical-device-ui-proof	Build standalone proof APK	2026-09-07T21:46:21.9597015Z > Task :react-native-async-storage_async-storage:generateReleaseAssets UP-TO-DATE
physical-device-ui-proof	Build standalone proof APK	2026-09-07T21:46:21.9598146Z > Task :react-native-async-storage_async-storage:mergeReleaseAssets
physical-device-ui-proof	Build standalone proof APK	2026-09-07T21:46:21.9599093Z > Task :react-native-gesture-handler:mergeReleaseShaders
physical-device-ui-proof	Build standalone proof APK	2026-09-07T21:46:21.9600080Z > Task :react-native-gesture-handler:compileReleaseShaders NO-SOURCE
physical-device-ui-proof	Build standalone proof APK	2026-09-07T21:46:21.9601141Z > Task :react-native-gesture-handler:generateReleaseAssets UP-TO-DATE
physical-device-ui-proof	Build standalone proof APK	2026-09-07T21:46:21.9612479Z > Task :react-native-gesture-handler:mergeReleaseAssets
physical-device-ui-proof	Build standalone proof APK	2026-09-07T21:46:21.9613405Z > Task :react-native-masked-view_masked-view:mergeReleaseShaders
physical-device-ui-proof	Build standalone proof APK	2026-09-07T21:46:21.9614466Z > Task :react-native-masked-view_masked-view:compileReleaseShaders NO-SOURCE
physical-device-ui-proof	Build standalone proof APK	2026-09-07T21:46:21.9615661Z > Task :react-native-masked-view_masked-view:generateReleaseAssets UP-TO-DATE
physical-device-ui-proof	Build standalone proof APK	2026-09-07T21:46:21.9616720Z > Task :react-native-masked-view_masked-view:mergeReleaseAssets
physical-device-ui-proof	Build standalone proof APK	2026-09-07T21:46:21.9617581Z > Task :react-native-reanimated:mergeReleaseShaders
physical-device-ui-proof	Build standalone proof APK	2026-09-07T21:46:21.9618440Z > Task :react-native-reanimated:compileReleaseShaders NO-SOURCE
physical-device-ui-proof	Build standalone proof APK	2026-09-07T21:46:21.9619380Z > Task :react-native-reanimated:generateReleaseAssets UP-TO-DATE
physical-device-ui-proof	Build standalone proof APK	2026-09-07T21:46:21.9620240Z > Task :react-native-reanimated:mergeReleaseAssets
physical-device-ui-proof	Build standalone proof APK	2026-09-07T21:46:21.9641805Z > Task :react-native-safe-area-context:mergeReleaseShaders
physical-device-ui-proof	Build standalone proof APK	2026-09-07T21:46:21.9642932Z > Task :react-native-safe-area-context:compileReleaseShaders NO-SOURCE
physical-device-ui-proof	Build standalone proof APK	2026-09-07T21:46:21.9644076Z > Task :react-native-safe-area-context:generateReleaseAssets UP-TO-DATE
physical-device-ui-proof	Build standalone proof APK	2026-09-07T21:46:21.9645136Z > Task :react-native-safe-area-context:mergeReleaseAssets
physical-device-ui-proof	Build standalone proof APK	2026-09-07T21:46:21.9645948Z > Task :react-native-screens:mergeReleaseShaders
physical-device-ui-proof	Build standalone proof APK	2026-09-07T21:46:21.9646822Z > Task :react-native-screens:compileReleaseShaders NO-SOURCE
physical-device-ui-proof	Build standalone proof APK	2026-09-07T21:46:21.9842564Z > Task :react-native-screens:generateReleaseAssets UP-TO-DATE
physical-device-ui-proof	Build standalone proof APK	2026-09-07T21:46:21.9852160Z > Task :react-native-screens:mergeReleaseAssets
physical-device-ui-proof	Build standalone proof APK	2026-09-07T21:46:21.9862542Z > Task :react-native-svg:mergeReleaseShaders
physical-device-ui-proof	Build standalone proof APK	2026-09-07T21:46:21.9863731Z > Task :react-native-svg:compileReleaseShaders NO-SOURCE
physical-device-ui-proof	Build standalone proof APK	2026-09-07T21:46:21.9864796Z > Task :react-native-svg:generateReleaseAssets UP-TO-DATE
physical-device-ui-proof	Build standalone proof APK	2026-09-07T21:46:21.9865810Z > Task :react-native-svg:mergeReleaseAssets
physical-device-ui-proof	Build standalone proof APK	2026-09-07T21:46:21.9866708Z > Task :react-native-worklets:mergeReleaseShaders
physical-device-ui-proof	Build standalone proof APK	2026-09-07T21:46:21.9867648Z > Task :react-native-worklets:compileReleaseShaders NO-SOURCE
physical-device-ui-proof	Build standalone proof APK	2026-09-07T21:46:21.9868664Z > Task :react-native-worklets:generateReleaseAssets UP-TO-DATE
physical-device-ui-proof	Build standalone proof APK	2026-09-07T21:46:21.9869592Z > Task :react-native-worklets:mergeReleaseAssets
physical-device-ui-proof	Build standalone proof APK	2026-09-07T21:46:21.9870379Z > Task :expo:processReleaseJavaRes
physical-device-ui-proof	Build standalone proof APK	2026-09-07T21:46:21.9871100Z > Task :expo:createFullJarRelease
physical-device-ui-proof	Build standalone proof APK	2026-09-07T21:46:22.0872653Z > Task :expo:extractProguardFiles
physical-device-ui-proof	Build standalone proof APK	2026-09-07T21:46:22.0902101Z > Task :expo-constants:processReleaseJavaRes
physical-device-ui-proof	Build standalone proof APK	2026-09-07T21:46:22.0903095Z > Task :expo-constants:createFullJarRelease
physical-device-ui-proof	Build standalone proof APK	2026-09-07T21:46:22.0932073Z > Task :expo-constants:extractProguardFiles
physical-device-ui-proof	Build standalone proof APK	2026-09-07T21:46:22.1862468Z > Task :expo-modules-core:processReleaseJavaRes
physical-device-ui-proof	Build standalone proof APK	2026-09-07T21:46:22.1922188Z > Task :expo-modules-core:createFullJarRelease
physical-device-ui-proof	Build standalone proof APK	2026-09-07T21:46:22.1963618Z > Task :expo-modules-core:extractProguardFiles
physical-device-ui-proof	Build standalone proof APK	2026-09-07T21:46:22.2062445Z > Task :react-native-worklets:processReleaseJavaRes
physical-device-ui-proof	Build standalone proof APK	2026-09-07T21:46:22.2122155Z > Task :react-native-worklets:createFullJarRelease
physical-device-ui-proof	Build standalone proof APK	2026-09-07T21:46:22.2152145Z > Task :react-native-worklets:extractProguardFiles
physical-device-ui-proof	Build standalone proof APK	2026-09-07T21:46:30.0862705Z > Task :react-native-worklets:generateReleaseLintModel
physical-device-ui-proof	Build standalone proof APK	2026-09-07T21:46:30.0890394Z > Task :react-native-worklets:prepareLintJarForPublish
physical-device-ui-proof	Build standalone proof APK	2026-09-07T21:46:31.8840771Z > Task :expo-modules-core:generateReleaseLintModel
physical-device-ui-proof	Build standalone proof APK	2026-09-07T21:46:31.8862425Z > Task :expo-modules-core:prepareLintJarForPublish
physical-device-ui-proof	Build standalone proof APK	2026-09-07T21:46:31.9838649Z > Task :expo-constants:generateReleaseLintModel
physical-device-ui-proof	Build standalone proof APK	2026-09-07T21:46:31.9848923Z > Task :expo-constants:prepareLintJarForPublish
physical-device-ui-proof	Build standalone proof APK	2026-09-07T21:46:31.9849962Z > Task :expo-log-box:processReleaseJavaRes
physical-device-ui-proof	Build standalone proof APK	2026-09-07T21:46:31.9850794Z > Task :expo-log-box:createFullJarRelease
physical-device-ui-proof	Build standalone proof APK	2026-09-07T21:46:31.9866397Z > Task :expo-log-box:extractProguardFiles
physical-device-ui-proof	Build standalone proof APK	2026-09-07T21:46:32.5838380Z > Task :expo-log-box:generateReleaseLintModel
physical-device-ui-proof	Build standalone proof APK	2026-09-07T21:46:32.5853972Z > Task :expo-log-box:prepareLintJarForPublish
physical-device-ui-proof	Build standalone proof APK	2026-09-07T21:46:34.1838241Z > Task :expo:generateReleaseLintModel
physical-device-ui-proof	Build standalone proof APK	2026-09-07T21:46:34.1892295Z > Task :expo:prepareLintJarForPublish
physical-device-ui-proof	Build standalone proof APK	2026-09-07T21:46:34.1920527Z > Task :react-native-async-storage_async-storage:processReleaseJavaRes
physical-device-ui-proof	Build standalone proof APK	2026-09-07T21:46:34.1943233Z > Task :react-native-async-storage_async-storage:createFullJarRelease
physical-device-ui-proof	Build standalone proof APK	2026-09-07T21:46:34.1952338Z > Task :react-native-async-storage_async-storage:extractProguardFiles
physical-device-ui-proof	Build standalone proof APK	2026-09-07T21:46:34.4852920Z > Task :react-native-async-storage_async-storage:generateReleaseLintModel
physical-device-ui-proof	Build standalone proof APK	2026-09-07T21:46:34.4878114Z > Task :react-native-async-storage_async-storage:prepareLintJarForPublish
physical-device-ui-proof	Build standalone proof APK	2026-09-07T21:46:34.4879405Z > Task :react-native-gesture-handler:processReleaseJavaRes
physical-device-ui-proof	Build standalone proof APK	2026-09-07T21:46:34.4880513Z > Task :react-native-gesture-handler:createFullJarRelease
physical-device-ui-proof	Build standalone proof APK	2026-09-07T21:46:34.4896795Z > Task :react-native-gesture-handler:extractProguardFiles
physical-device-ui-proof	Build standalone proof APK	2026-09-07T21:46:34.4922256Z > Task :react-native-reanimated:processReleaseJavaRes
physical-device-ui-proof	Build standalone proof APK	2026-09-07T21:46:34.4949819Z > Task :react-native-reanimated:createFullJarRelease
physical-device-ui-proof	Build standalone proof APK	2026-09-07T21:46:34.4950870Z > Task :react-native-reanimated:extractProguardFiles
physical-device-ui-proof	Build standalone proof APK	2026-09-07T21:46:34.5838424Z > Task :react-native-reanimated:generateReleaseLintModel
physical-device-ui-proof	Build standalone proof APK	2026-09-07T21:46:34.5844974Z > Task :react-native-reanimated:prepareLintJarForPublish
physical-device-ui-proof	Build standalone proof APK	2026-09-07T21:46:34.5882130Z > Task :react-native-svg:processReleaseJavaRes NO-SOURCE
physical-device-ui-proof	Build standalone proof APK	2026-09-07T21:46:34.5923176Z > Task :react-native-svg:createFullJarRelease
physical-device-ui-proof	Build standalone proof APK	2026-09-07T21:46:34.5924380Z > Task :react-native-svg:extractProguardFiles
physical-device-ui-proof	Build standalone proof APK	2026-09-07T21:46:34.5952154Z > Task :react-native-svg:generateReleaseLintModel
physical-device-ui-proof	Build standalone proof APK	2026-09-07T21:46:34.5974156Z > Task :react-native-svg:prepareLintJarForPublish
physical-device-ui-proof	Build standalone proof APK	2026-09-07T21:46:34.6839647Z > Task :react-native-gesture-handler:generateReleaseLintModel
physical-device-ui-proof	Build standalone proof APK	2026-09-07T21:46:34.6866614Z > Task :react-native-gesture-handler:prepareLintJarForPublish
physical-device-ui-proof	Build standalone proof APK	2026-09-07T21:46:34.6920326Z > Task :react-native-masked-view_masked-view:processReleaseJavaRes NO-SOURCE
physical-device-ui-proof	Build standalone proof APK	2026-09-07T21:46:34.6983197Z > Task :react-native-masked-view_masked-view:createFullJarRelease
physical-device-ui-proof	Build standalone proof APK	2026-09-07T21:46:34.7032138Z > Task :react-native-masked-view_masked-view:extractProguardFiles
physical-device-ui-proof	Build standalone proof APK	2026-09-07T21:46:34.7033532Z > Task :react-native-masked-view_masked-view:generateReleaseLintModel
physical-device-ui-proof	Build standalone proof APK	2026-09-07T21:46:34.7081220Z > Task :react-native-masked-view_masked-view:prepareLintJarForPublish
physical-device-ui-proof	Build standalone proof APK	2026-09-07T21:46:34.7092321Z > Task :react-native-safe-area-context:processReleaseJavaRes
physical-device-ui-proof	Build standalone proof APK	2026-09-07T21:46:34.7122734Z > Task :react-native-safe-area-context:createFullJarRelease
physical-device-ui-proof	Build standalone proof APK	2026-09-07T21:46:34.7140739Z > Task :react-native-safe-area-context:extractProguardFiles
physical-device-ui-proof	Build standalone proof APK	2026-09-07T21:46:34.7842950Z > Task :react-native-safe-area-context:generateReleaseLintModel
physical-device-ui-proof	Build standalone proof APK	2026-09-07T21:46:34.7859794Z > Task :react-native-safe-area-context:prepareLintJarForPublish
physical-device-ui-proof	Build standalone proof APK	2026-09-07T21:46:34.7872133Z > Task :react-native-screens:processReleaseJavaRes
physical-device-ui-proof	Build standalone proof APK	2026-09-07T21:46:34.8839290Z > Task :react-native-screens:createFullJarRelease
physical-device-ui-proof	Build standalone proof APK	2026-09-07T21:46:34.8862446Z > Task :react-native-screens:extractProguardFiles
physical-device-ui-proof	Build standalone proof APK	2026-09-07T21:46:34.8900707Z > Task :react-native-screens:generateReleaseLintModel
physical-device-ui-proof	Build standalone proof APK	2026-09-07T21:46:34.8912305Z > Task :react-native-screens:prepareLintJarForPublish
physical-device-ui-proof	Build standalone proof APK	2026-09-07T21:46:34.9837936Z > Task :expo:generateReleaseLintVitalModel
physical-device-ui-proof	Build standalone proof APK	2026-09-07T21:46:34.9839143Z > Task :expo-constants:generateReleaseLintVitalModel
physical-device-ui-proof	Build standalone proof APK	2026-09-07T21:46:35.0847676Z > Task :expo-log-box:generateReleaseLintVitalModel
physical-device-ui-proof	Build standalone proof APK	2026-09-07T21:46:35.0850063Z > Task :expo-modules-core:generateReleaseLintVitalModel
physical-device-ui-proof	Build standalone proof APK	2026-09-07T21:46:35.1862180Z > Task :react-native-async-storage_async-storage:generateReleaseLintVitalModel
physical-device-ui-proof	Build standalone proof APK	2026-09-07T21:46:35.1902814Z > Task :react-native-gesture-handler:generateReleaseLintVitalModel
physical-device-ui-proof	Build standalone proof APK	2026-09-07T21:46:35.1956523Z > Task :react-native-masked-view_masked-view:generateReleaseLintVitalModel
physical-device-ui-proof	Build standalone proof APK	2026-09-07T21:46:35.2847590Z > Task :react-native-reanimated:generateReleaseLintVitalModel
physical-device-ui-proof	Build standalone proof APK	2026-09-07T21:46:35.2848824Z > Task :react-native-safe-area-context:generateReleaseLintVitalModel
physical-device-ui-proof	Build standalone proof APK	2026-09-07T21:46:35.2883812Z > Task :react-native-screens:generateReleaseLintVitalModel
physical-device-ui-proof	Build standalone proof APK	2026-09-07T21:46:35.2915029Z > Task :react-native-svg:generateReleaseLintVitalModel
physical-device-ui-proof	Build standalone proof APK	2026-09-07T21:46:35.2939899Z > Task :react-native-worklets:generateReleaseLintVitalModel
physical-device-ui-proof	Build standalone proof APK	2026-09-07T21:46:35.2962383Z > Task :expo:stripReleaseDebugSymbols NO-SOURCE
physical-device-ui-proof	Build standalone proof APK	2026-09-07T21:46:35.2975808Z > Task :expo:copyReleaseJniLibsProjectAndLocalJars
physical-device-ui-proof	Build standalone proof APK	2026-09-07T21:46:35.2982334Z > Task :expo:extractDeepLinksForAarRelease
physical-device-ui-proof	Build standalone proof APK	2026-09-07T21:46:41.8846942Z > Task :expo:extractReleaseAnnotations
physical-device-ui-proof	Build standalone proof APK	2026-09-07T21:46:41.8880043Z > Task :expo:mergeReleaseGeneratedProguardFiles
physical-device-ui-proof	Build standalone proof APK	2026-09-07T21:46:41.8912007Z > Task :expo:mergeReleaseConsumerProguardFiles
physical-device-ui-proof	Build standalone proof APK	2026-09-07T21:46:42.0852923Z > Task :expo:mergeReleaseJavaResource
physical-device-ui-proof	Build standalone proof APK	2026-09-07T21:46:42.0867690Z > Task :expo:syncReleaseLibJars
physical-device-ui-proof	Build standalone proof APK	2026-09-07T21:46:42.0869606Z > Task :expo:bundleReleaseAar
physical-device-ui-proof	Build standalone proof APK	2026-09-07T21:46:42.4872592Z > Task :expo:mapReleaseSourceSetPaths
physical-device-ui-proof	Build standalone proof APK	2026-09-07T21:46:45.8837334Z
physical-device-ui-proof	Build standalone proof APK	2026-09-07T21:46:45.8838946Z > Task :app:createBundleReleaseJsAndAssets
physical-device-ui-proof	Build standalone proof APK	2026-09-07T21:46:45.8840203Z Android Bundled 42172ms node_modules/expo-router/entry.js (4910 modules)
physical-device-ui-proof	Build standalone proof APK	2026-09-07T21:46:45.8842269Z Writing bundle output to: /home/runner/work/USKOCI-CLEAN/USKOCI-CLEAN/android/app/build/generated/assets/react/release/index.android.bundle
physical-device-ui-proof	Build standalone proof APK	2026-09-07T21:46:45.9854448Z Writing sourcemap output to: /home/runner/work/USKOCI-CLEAN/USKOCI-CLEAN/android/app/build/intermediates/sourcemaps/react/release/index.android.bundle.packager.map
physical-device-ui-proof	Build standalone proof APK	2026-09-07T21:46:46.1843808Z Copying 31 asset files
physical-device-ui-proof	Build standalone proof APK	2026-09-07T21:46:46.1846858Z Done writing bundle output
physical-device-ui-proof	Build standalone proof APK	2026-09-07T21:46:46.2861626Z Done writing sourcemap output
physical-device-ui-proof	Build standalone proof APK	2026-09-07T21:46:46.2867418Z
physical-device-ui-proof	Build standalone proof APK	2026-09-07T21:46:46.2922098Z > Task :expo:mergeReleaseResources
physical-device-ui-proof	Build standalone proof APK	2026-09-07T21:46:50.3838212Z > Task :expo:verifyReleaseResources
physical-device-ui-proof	Build standalone proof APK	2026-09-07T21:46:50.3842013Z > Task :expo:assembleRelease
physical-device-ui-proof	Build standalone proof APK	2026-09-07T21:46:50.3843273Z > Task :expo-constants:stripReleaseDebugSymbols NO-SOURCE
physical-device-ui-proof	Build standalone proof APK	2026-09-07T21:46:50.3845168Z > Task :expo-constants:copyReleaseJniLibsProjectAndLocalJars
physical-device-ui-proof	Build standalone proof APK	2026-09-07T21:46:50.3846369Z > Task :expo-constants:extractDeepLinksForAarRelease
physical-device-ui-proof	Build standalone proof APK	2026-09-07T21:46:50.3847324Z > Task :expo-constants:extractReleaseAnnotations
physical-device-ui-proof	Build standalone proof APK	2026-09-07T21:46:50.4838055Z > Task :expo-constants:mergeReleaseGeneratedProguardFiles
physical-device-ui-proof	Build standalone proof APK	2026-09-07T21:46:50.4839428Z > Task :expo-constants:mergeReleaseConsumerProguardFiles
physical-device-ui-proof	Build standalone proof APK	2026-09-07T21:46:50.4840377Z > Task :expo-constants:mergeReleaseJavaResource
physical-device-ui-proof	Build standalone proof APK	2026-09-07T21:46:50.4841687Z > Task :expo-constants:syncReleaseLibJars
physical-device-ui-proof	Build standalone proof APK	2026-09-07T21:46:50.4842408Z > Task :expo-constants:bundleReleaseAar
physical-device-ui-proof	Build standalone proof APK	2026-09-07T21:46:50.4843102Z > Task :expo-constants:mapReleaseSourceSetPaths
physical-device-ui-proof	Build standalone proof APK	2026-09-07T21:46:50.4843824Z > Task :expo-constants:mergeReleaseResources
physical-device-ui-proof	Build standalone proof APK	2026-09-07T21:46:50.5852448Z > Task :expo-constants:verifyReleaseResources
physical-device-ui-proof	Build standalone proof APK	2026-09-07T21:46:50.5874725Z > Task :expo-constants:assembleRelease
physical-device-ui-proof	Build standalone proof APK	2026-09-07T21:46:50.5922368Z > Task :expo-log-box:stripReleaseDebugSymbols NO-SOURCE
physical-device-ui-proof	Build standalone proof APK	2026-09-07T21:46:50.5952296Z > Task :expo-log-box:copyReleaseJniLibsProjectAndLocalJars
physical-device-ui-proof	Build standalone proof APK	2026-09-07T21:46:50.5953174Z > Task :expo-log-box:extractDeepLinksForAarRelease
physical-device-ui-proof	Build standalone proof APK	2026-09-07T21:46:50.5982030Z > Task :expo-log-box:extractReleaseAnnotations
physical-device-ui-proof	Build standalone proof APK	2026-09-07T21:46:50.6012152Z > Task :expo-log-box:mergeReleaseGeneratedProguardFiles
physical-device-ui-proof	Build standalone proof APK	2026-09-07T21:46:50.6042105Z > Task :expo-log-box:mergeReleaseConsumerProguardFiles
physical-device-ui-proof	Build standalone proof APK	2026-09-07T21:46:50.6052163Z > Task :expo-log-box:mergeReleaseJavaResource
physical-device-ui-proof	Build standalone proof APK	2026-09-07T21:46:50.6072106Z > Task :expo-log-box:syncReleaseLibJars
physical-device-ui-proof	Build standalone proof APK	2026-09-07T21:46:50.6102093Z > Task :expo-log-box:bundleReleaseAar
physical-device-ui-proof	Build standalone proof APK	2026-09-07T21:46:50.6117838Z > Task :expo-log-box:mapReleaseSourceSetPaths
physical-device-ui-proof	Build standalone proof APK	2026-09-07T21:46:51.7838065Z > Task :expo-log-box:mergeReleaseResources
physical-device-ui-proof	Build standalone proof APK	2026-09-07T21:46:53.8842747Z > Task :expo-log-box:verifyReleaseResources
physical-device-ui-proof	Build standalone proof APK	2026-09-07T21:46:53.8852377Z > Task :expo-log-box:assembleRelease
physical-device-ui-proof	Build standalone proof APK	2026-09-07T21:46:53.9839223Z > Task :expo-modules-core:stripReleaseDebugSymbols
physical-device-ui-proof	Build standalone proof APK	2026-09-07T21:46:53.9840846Z > Task :expo-modules-core:copyReleaseJniLibsProjectAndLocalJars
physical-device-ui-proof	Build standalone proof APK	2026-09-07T21:46:53.9843145Z > Task :expo-modules-core:extractDeepLinksForAarRelease
physical-device-ui-proof	Build standalone proof APK	2026-09-07T21:46:53.9844512Z > Task :expo-modules-core:extractReleaseAnnotations
physical-device-ui-proof	Build standalone proof APK	2026-09-07T21:46:53.9845615Z > Task :expo-modules-core:mergeReleaseGeneratedProguardFiles
physical-device-ui-proof	Build standalone proof APK	2026-09-07T21:46:53.9846763Z > Task :expo-modules-core:mergeReleaseConsumerProguardFiles
physical-device-ui-proof	Build standalone proof APK	2026-09-07T21:46:53.9847829Z > Task :expo-modules-core:mergeReleaseJavaResource
physical-device-ui-proof	Build standalone proof APK	2026-09-07T21:46:54.2837886Z > Task :expo-modules-core:syncReleaseLibJars
physical-device-ui-proof	Build standalone proof APK	2026-09-07T21:46:54.4842701Z > Task :expo-modules-core:bundleReleaseAar
physical-device-ui-proof	Build standalone proof APK	2026-09-07T21:46:54.4858365Z > Task :expo-modules-core:mapReleaseSourceSetPaths
physical-device-ui-proof	Build standalone proof APK	2026-09-07T21:46:55.2853933Z > Task :expo-modules-core:mergeReleaseResources
physical-device-ui-proof	Build standalone proof APK	2026-09-07T21:46:56.1838440Z > Task :expo-modules-core:verifyReleaseResources
physical-device-ui-proof	Build standalone proof APK	2026-09-07T21:46:56.1839242Z > Task :expo-modules-core:assembleRelease
physical-device-ui-proof	Build standalone proof APK	2026-09-07T21:46:56.1840129Z > Task :react-native-async-storage_async-storage:stripReleaseDebugSymbols NO-SOURCE
physical-device-ui-proof	Build standalone proof APK	2026-09-07T21:46:56.1841817Z > Task :react-native-async-storage_async-storage:copyReleaseJniLibsProjectAndLocalJars
physical-device-ui-proof	Build standalone proof APK	2026-09-07T21:46:56.1842915Z > Task :react-native-async-storage_async-storage:extractDeepLinksForAarRelease
physical-device-ui-proof	Build standalone proof APK	2026-09-07T21:46:56.1843888Z > Task :react-native-async-storage_async-storage:extractReleaseAnnotations
physical-device-ui-proof	Build standalone proof APK	2026-09-07T21:46:56.1844923Z > Task :react-native-async-storage_async-storage:mergeReleaseGeneratedProguardFiles
physical-device-ui-proof	Build standalone proof APK	2026-09-07T21:46:56.1846035Z > Task :react-native-async-storage_async-storage:mergeReleaseConsumerProguardFiles
physical-device-ui-proof	Build standalone proof APK	2026-09-07T21:46:56.1847038Z > Task :react-native-async-storage_async-storage:mergeReleaseJavaResource
physical-device-ui-proof	Build standalone proof APK	2026-09-07T21:46:56.2852356Z > Task :react-native-async-storage_async-storage:syncReleaseLibJars
physical-device-ui-proof	Build standalone proof APK	2026-09-07T21:46:56.2882109Z > Task :react-native-async-storage_async-storage:bundleReleaseAar
physical-device-ui-proof	Build standalone proof APK	2026-09-07T21:46:56.2929340Z > Task :react-native-async-storage_async-storage:mapReleaseSourceSetPaths
physical-device-ui-proof	Build standalone proof APK	2026-09-07T21:46:56.6837767Z > Task :react-native-async-storage_async-storage:mergeReleaseResources
physical-device-ui-proof	Build standalone proof APK	2026-09-07T21:46:57.3838352Z > Task :react-native-async-storage_async-storage:verifyReleaseResources
physical-device-ui-proof	Build standalone proof APK	2026-09-07T21:46:57.3840509Z > Task :react-native-async-storage_async-storage:assembleRelease
physical-device-ui-proof	Build standalone proof APK	2026-09-07T21:46:57.3841759Z > Task :react-native-gesture-handler:stripReleaseDebugSymbols
physical-device-ui-proof	Build standalone proof APK	2026-09-07T21:46:57.3842844Z > Task :react-native-gesture-handler:copyReleaseJniLibsProjectAndLocalJars
physical-device-ui-proof	Build standalone proof APK	2026-09-07T21:46:57.3844158Z > Task :react-native-gesture-handler:extractDeepLinksForAarRelease
physical-device-ui-proof	Build standalone proof APK	2026-09-07T21:46:57.3845656Z > Task :react-native-gesture-handler:extractReleaseAnnotations
physical-device-ui-proof	Build standalone proof APK	2026-09-07T21:46:57.3847119Z > Task :react-native-gesture-handler:mergeReleaseGeneratedProguardFiles
physical-device-ui-proof	Build standalone proof APK	2026-09-07T21:46:57.3848188Z > Task :react-native-gesture-handler:mergeReleaseConsumerProguardFiles
physical-device-ui-proof	Build standalone proof APK	2026-09-07T21:46:57.3849181Z > Task :react-native-gesture-handler:mergeReleaseJavaResource
physical-device-ui-proof	Build standalone proof APK	2026-09-07T21:46:57.4838296Z > Task :react-native-gesture-handler:syncReleaseLibJars
physical-device-ui-proof	Build standalone proof APK	2026-09-07T21:46:57.4862113Z > Task :react-native-gesture-handler:bundleReleaseAar
physical-device-ui-proof	Build standalone proof APK	2026-09-07T21:46:57.4892222Z > Task :react-native-gesture-handler:mapReleaseSourceSetPaths
physical-device-ui-proof	Build standalone proof APK	2026-09-07T21:46:57.8850733Z > Task :react-native-gesture-handler:mergeReleaseResources
physical-device-ui-proof	Build standalone proof APK	2026-09-07T21:46:58.5847355Z > Task :react-native-gesture-handler:verifyReleaseResources
physical-device-ui-proof	Build standalone proof APK	2026-09-07T21:46:58.5849362Z > Task :react-native-gesture-handler:assembleRelease
physical-device-ui-proof	Build standalone proof APK	2026-09-07T21:46:58.5882864Z > Task :react-native-masked-view_masked-view:stripReleaseDebugSymbols NO-SOURCE
physical-device-ui-proof	Build standalone proof APK	2026-09-07T21:46:58.5907803Z > Task :react-native-masked-view_masked-view:copyReleaseJniLibsProjectAndLocalJars
physical-device-ui-proof	Build standalone proof APK	2026-09-07T21:46:58.5932430Z > Task :react-native-masked-view_masked-view:extractDeepLinksForAarRelease
physical-device-ui-proof	Build standalone proof APK	2026-09-07T21:46:58.5956893Z > Task :react-native-masked-view_masked-view:extractReleaseAnnotations
physical-device-ui-proof	Build standalone proof APK	2026-09-07T21:46:58.5983096Z > Task :react-native-masked-view_masked-view:mergeReleaseGeneratedProguardFiles
physical-device-ui-proof	Build standalone proof APK	2026-09-07T21:46:58.6002477Z > Task :react-native-masked-view_masked-view:mergeReleaseConsumerProguardFiles
physical-device-ui-proof	Build standalone proof APK	2026-09-07T21:46:58.6003657Z > Task :react-native-masked-view_masked-view:mergeReleaseJavaResource
physical-device-ui-proof	Build standalone proof APK	2026-09-07T21:46:58.6004963Z > Task :react-native-masked-view_masked-view:syncReleaseLibJars
physical-device-ui-proof	Build standalone proof APK	2026-09-07T21:46:58.6005903Z > Task :react-native-masked-view_masked-view:bundleReleaseAar
physical-device-ui-proof	Build standalone proof APK	2026-09-07T21:46:58.6006879Z > Task :react-native-masked-view_masked-view:mapReleaseSourceSetPaths
physical-device-ui-proof	Build standalone proof APK	2026-09-07T21:46:58.9853803Z > Task :react-native-masked-view_masked-view:mergeReleaseResources
physical-device-ui-proof	Build standalone proof APK	2026-09-07T21:46:59.5843926Z > Task :react-native-masked-view_masked-view:verifyReleaseResources
physical-device-ui-proof	Build standalone proof APK	2026-09-07T21:46:59.5863865Z > Task :react-native-masked-view_masked-view:assembleRelease
physical-device-ui-proof	Build standalone proof APK	2026-09-07T21:46:59.5892267Z > Task :react-native-reanimated:stripReleaseDebugSymbols
physical-device-ui-proof	Build standalone proof APK	2026-09-07T21:46:59.5915954Z > Task :react-native-reanimated:copyReleaseJniLibsProjectAndLocalJars
physical-device-ui-proof	Build standalone proof APK	2026-09-07T21:46:59.5917335Z > Task :react-native-reanimated:extractDeepLinksForAarRelease
physical-device-ui-proof	Build standalone proof APK	2026-09-07T21:46:59.5918625Z > Task :react-native-reanimated:extractReleaseAnnotations
physical-device-ui-proof	Build standalone proof APK	2026-09-07T21:46:59.5920321Z > Task :react-native-reanimated:mergeReleaseGeneratedProguardFiles
physical-device-ui-proof	Build standalone proof APK	2026-09-07T21:46:59.5921944Z > Task :react-native-reanimated:mergeReleaseConsumerProguardFiles
physical-device-ui-proof	Build standalone proof APK	2026-09-07T21:46:59.6838397Z > Task :react-native-reanimated:mergeReleaseJavaResource
physical-device-ui-proof	Build standalone proof APK	2026-09-07T21:46:59.6839795Z > Task :react-native-reanimated:syncReleaseLibJars
physical-device-ui-proof	Build standalone proof APK	2026-09-07T21:47:00.9838776Z > Task :react-native-reanimated:bundleReleaseAar
physical-device-ui-proof	Build standalone proof APK	2026-09-07T21:47:00.9840328Z > Task :react-native-reanimated:mapReleaseSourceSetPaths
physical-device-ui-proof	Build standalone proof APK	2026-09-07T21:47:01.3842779Z > Task :react-native-reanimated:mergeReleaseResources
physical-device-ui-proof	Build standalone proof APK	2026-09-07T21:47:01.9838983Z > Task :react-native-reanimated:verifyReleaseResources
physical-device-ui-proof	Build standalone proof APK	2026-09-07T21:47:01.9840309Z > Task :react-native-reanimated:assembleRelease
physical-device-ui-proof	Build standalone proof APK	2026-09-07T21:47:01.9842123Z > Task :react-native-safe-area-context:stripReleaseDebugSymbols NO-SOURCE
physical-device-ui-proof	Build standalone proof APK	2026-09-07T21:47:01.9843617Z > Task :react-native-safe-area-context:copyReleaseJniLibsProjectAndLocalJars
physical-device-ui-proof	Build standalone proof APK	2026-09-07T21:47:01.9845331Z > Task :react-native-safe-area-context:extractDeepLinksForAarRelease
physical-device-ui-proof	Build standalone proof APK	2026-09-07T21:47:01.9846592Z > Task :react-native-safe-area-context:extractReleaseAnnotations
physical-device-ui-proof	Build standalone proof APK	2026-09-07T21:47:01.9847888Z > Task :react-native-safe-area-context:mergeReleaseGeneratedProguardFiles
physical-device-ui-proof	Build standalone proof APK	2026-09-07T21:47:01.9849259Z > Task :react-native-safe-area-context:mergeReleaseConsumerProguardFiles
physical-device-ui-proof	Build standalone proof APK	2026-09-07T21:47:01.9850531Z > Task :react-native-safe-area-context:mergeReleaseJavaResource
physical-device-ui-proof	Build standalone proof APK	2026-09-07T21:47:01.9851903Z > Task :react-native-safe-area-context:syncReleaseLibJars
physical-device-ui-proof	Build standalone proof APK	2026-09-07T21:47:01.9852961Z > Task :react-native-safe-area-context:bundleReleaseAar
physical-device-ui-proof	Build standalone proof APK	2026-09-07T21:47:01.9854054Z > Task :react-native-safe-area-context:mapReleaseSourceSetPaths
physical-device-ui-proof	Build standalone proof APK	2026-09-07T21:47:02.3852813Z > Task :react-native-safe-area-context:mergeReleaseResources
physical-device-ui-proof	Build standalone proof APK	2026-09-07T21:47:03.0838060Z > Task :react-native-safe-area-context:verifyReleaseResources
physical-device-ui-proof	Build standalone proof APK	2026-09-07T21:47:03.0838930Z > Task :react-native-safe-area-context:assembleRelease
physical-device-ui-proof	Build standalone proof APK	2026-09-07T21:47:03.0839672Z > Task :react-native-screens:stripReleaseDebugSymbols
physical-device-ui-proof	Build standalone proof APK	2026-09-07T21:47:03.0840497Z > Task :react-native-screens:copyReleaseJniLibsProjectAndLocalJars
physical-device-ui-proof	Build standalone proof APK	2026-09-07T21:47:03.0841535Z > Task :react-native-screens:extractDeepLinksForAarRelease
physical-device-ui-proof	Build standalone proof APK	2026-09-07T21:47:03.1838405Z > Task :react-native-screens:extractReleaseAnnotations
physical-device-ui-proof	Build standalone proof APK	2026-09-07T21:47:03.1839348Z > Task :react-native-screens:mergeReleaseGeneratedProguardFiles
physical-device-ui-proof	Build standalone proof APK	2026-09-07T21:47:03.1840193Z > Task :react-native-screens:mergeReleaseConsumerProguardFiles
physical-device-ui-proof	Build standalone proof APK	2026-09-07T21:47:03.1841518Z > Task :react-native-screens:mergeReleaseJavaResource
physical-device-ui-proof	Build standalone proof APK	2026-09-07T21:47:03.2838012Z > Task :react-native-screens:syncReleaseLibJars
physical-device-ui-proof	Build standalone proof APK	2026-09-07T21:47:03.2839589Z > Task :react-native-screens:bundleReleaseAar
physical-device-ui-proof	Build standalone proof APK	2026-09-07T21:47:03.2840651Z > Task :react-native-screens:mapReleaseSourceSetPaths
physical-device-ui-proof	Build standalone proof APK	2026-09-07T21:47:04.0838120Z > Task :react-native-screens:mergeReleaseResources
physical-device-ui-proof	Build standalone proof APK	2026-09-07T21:47:05.2838638Z > Task :react-native-screens:verifyReleaseResources
physical-device-ui-proof	Build standalone proof APK	2026-09-07T21:47:05.2839609Z > Task :react-native-screens:assembleRelease
physical-device-ui-proof	Build standalone proof APK	2026-09-07T21:47:05.2841013Z > Task :react-native-svg:stripReleaseDebugSymbols NO-SOURCE
physical-device-ui-proof	Build standalone proof APK	2026-09-07T21:47:05.2842437Z > Task :react-native-svg:copyReleaseJniLibsProjectAndLocalJars
physical-device-ui-proof	Build standalone proof APK	2026-09-07T21:47:05.2843670Z > Task :react-native-svg:extractDeepLinksForAarRelease
physical-device-ui-proof	Build standalone proof APK	2026-09-07T21:47:05.2844724Z > Task :react-native-svg:extractReleaseAnnotations
physical-device-ui-proof	Build standalone proof APK	2026-09-07T21:47:05.2845874Z > Task :react-native-svg:mergeReleaseGeneratedProguardFiles
physical-device-ui-proof	Build standalone proof APK	2026-09-07T21:47:05.2846998Z > Task :react-native-svg:mergeReleaseConsumerProguardFiles
physical-device-ui-proof	Build standalone proof APK	2026-09-07T21:47:05.2848060Z > Task :react-native-svg:mergeReleaseJavaResource
physical-device-ui-proof	Build standalone proof APK	2026-09-07T21:47:05.3852637Z > Task :react-native-svg:syncReleaseLibJars
physical-device-ui-proof	Build standalone proof APK	2026-09-07T21:47:05.3882346Z > Task :react-native-svg:bundleReleaseAar
physical-device-ui-proof	Build standalone proof APK	2026-09-07T21:47:05.3902365Z > Task :react-native-svg:mapReleaseSourceSetPaths
physical-device-ui-proof	Build standalone proof APK	2026-09-07T21:47:05.6872633Z > Task :react-native-svg:mergeReleaseResources
physical-device-ui-proof	Build standalone proof APK	2026-09-07T21:47:06.2838023Z > Task :react-native-svg:verifyReleaseResources
physical-device-ui-proof	Build standalone proof APK	2026-09-07T21:47:06.2839500Z > Task :react-native-svg:assembleRelease
physical-device-ui-proof	Build standalone proof APK	2026-09-07T21:47:06.2840790Z > Task :react-native-worklets:stripReleaseDebugSymbols
physical-device-ui-proof	Build standalone proof APK	2026-09-07T21:47:06.2842289Z > Task :react-native-worklets:copyReleaseJniLibsProjectAndLocalJars
physical-device-ui-proof	Build standalone proof APK	2026-09-07T21:47:06.2843652Z > Task :react-native-worklets:extractDeepLinksForAarRelease
physical-device-ui-proof	Build standalone proof APK	2026-09-07T21:47:06.2844751Z > Task :react-native-worklets:extractReleaseAnnotations
physical-device-ui-proof	Build standalone proof APK	2026-09-07T21:47:06.2845882Z > Task :react-native-worklets:mergeReleaseGeneratedProguardFiles
physical-device-ui-proof	Build standalone proof APK	2026-09-07T21:47:06.2847106Z > Task :react-native-worklets:mergeReleaseConsumerProguardFiles
physical-device-ui-proof	Build standalone proof APK	2026-09-07T21:47:06.2848201Z > Task :react-native-worklets:mergeReleaseJavaResource
physical-device-ui-proof	Build standalone proof APK	2026-09-07T21:47:06.2849174Z > Task :react-native-worklets:syncReleaseLibJars
physical-device-ui-proof	Build standalone proof APK	2026-09-07T21:47:06.7844383Z > Task :react-native-worklets:bundleReleaseAar
physical-device-ui-proof	Build standalone proof APK	2026-09-07T21:47:06.7872847Z > Task :react-native-worklets:mapReleaseSourceSetPaths
physical-device-ui-proof	Build standalone proof APK	2026-09-07T21:47:07.0843883Z > Task :react-native-worklets:mergeReleaseResources
physical-device-ui-proof	Build standalone proof APK	2026-09-07T21:47:07.7837989Z > Task :react-native-worklets:verifyReleaseResources
physical-device-ui-proof	Build standalone proof APK	2026-09-07T21:47:07.7838701Z > Task :react-native-worklets:assembleRelease
physical-device-ui-proof	Build standalone proof APK	2026-09-07T21:47:09.2838131Z > Task :app:generateReleaseResValues
physical-device-ui-proof	Build standalone proof APK	2026-09-07T21:47:09.3837978Z > Task :app:mapReleaseSourceSetPaths
physical-device-ui-proof	Build standalone proof APK	2026-09-07T21:47:09.3838544Z > Task :app:generateReleaseResources
physical-device-ui-proof	Build standalone proof APK	2026-09-07T21:47:09.8862651Z > Task :app:packageReleaseResources
physical-device-ui-proof	Build standalone proof APK	2026-09-07T21:47:10.0839330Z > Task :app:parseReleaseLocalResources
physical-device-ui-proof	Build standalone proof APK	2026-09-07T21:47:10.1838317Z > Task :app:createReleaseCompatibleScreenManifests
physical-device-ui-proof	Build standalone proof APK	2026-09-07T21:47:10.1840231Z > Task :app:extractDeepLinksRelease
physical-device-ui-proof	Build standalone proof APK	2026-09-07T21:47:10.4847607Z > Task :app:mergeReleaseResources
physical-device-ui-proof	Build standalone proof APK	2026-09-07T21:47:10.6837279Z
physical-device-ui-proof	Build standalone proof APK	2026-09-07T21:47:10.6858474Z > Task :app:processReleaseMainManifest
physical-device-ui-proof	Build standalone proof APK	2026-09-07T21:47:10.6868209Z /home/runner/work/USKOCI-CLEAN/USKOCI-CLEAN/android/app/src/main/AndroidManifest.xml Warning:
physical-device-ui-proof	Build standalone proof APK	2026-09-07T21:47:10.6876396Z 	provider#expo.modules.filesystem.FileSystemFileProvider@android:authorities was tagged at AndroidManifest.xml:0 to replace other declarations but no other declaration present
physical-device-ui-proof	Build standalone proof APK	2026-09-07T21:47:10.6877884Z
physical-device-ui-proof	Build standalone proof APK	2026-09-07T21:47:10.6878361Z > Task :app:expoReleaseOverrideMaxSdkConflicts
physical-device-ui-proof	Build standalone proof APK	2026-09-07T21:47:10.6879568Z ^[[33m---------- Expo Max Sdk Override Plugin ----------^[[0m
physical-device-ui-proof	Build standalone proof APK	2026-09-07T21:47:10.6880680Z ^[[32m>>> No 'android:maxSdkVersion' conflicts found^[[0m
physical-device-ui-proof	Build standalone proof APK	2026-09-07T21:47:10.6894196Z ^[[33m--------------------------------------------------^[[0m
physical-device-ui-proof	Build standalone proof APK	2026-09-07T21:47:10.6894806Z
physical-device-ui-proof	Build standalone proof APK	2026-09-07T21:47:10.6895585Z > Task :app:processReleaseManifest
physical-device-ui-proof	Build standalone proof APK	2026-09-07T21:47:10.7838076Z > Task :app:javaPreCompileRelease
physical-device-ui-proof	Build standalone proof APK	2026-09-07T21:47:10.7839208Z > Task :app:desugarReleaseFileDependencies
physical-device-ui-proof	Build standalone proof APK	2026-09-07T21:47:10.7852528Z > Task :app:mergeReleaseStartupProfile
physical-device-ui-proof	Build standalone proof APK	2026-09-07T21:47:10.7853461Z > Task :app:processReleaseManifestForPackage
physical-device-ui-proof	Build standalone proof APK	2026-09-07T21:47:12.3852498Z > Task :app:processReleaseResources
physical-device-ui-proof	Build standalone proof APK	2026-09-07T21:47:41.0842600Z > Task :app:mergeExtDexRelease
physical-device-ui-proof	Build standalone proof APK	2026-09-07T21:48:09.4838172Z > Task :app:mergeReleaseArtProfile
physical-device-ui-proof	Build standalone proof APK	2026-09-07T21:48:09.4863609Z > Task :app:mergeReleaseShaders
physical-device-ui-proof	Build standalone proof APK	2026-09-07T21:48:09.4918678Z > Task :app:compileReleaseShaders NO-SOURCE
physical-device-ui-proof	Build standalone proof APK	2026-09-07T21:48:09.4944801Z > Task :app:generateReleaseAssets UP-TO-DATE
physical-device-ui-proof	Build standalone proof APK	2026-09-07T21:48:09.7838156Z > Task :app:mergeReleaseAssets
physical-device-ui-proof	Build standalone proof APK	2026-09-07T21:48:09.8838248Z > Task :app:compressReleaseAssets
physical-device-ui-proof	Build standalone proof APK	2026-09-07T21:48:09.8839790Z > Task :app:compileReleaseKotlin
physical-device-ui-proof	Build standalone proof APK	2026-09-07T21:48:09.9838110Z > Task :app:extractReleaseVersionControlInfo
physical-device-ui-proof	Build standalone proof APK	2026-09-07T21:48:10.4862498Z > Task :app:compileReleaseJavaWithJavac
physical-device-ui-proof	Build standalone proof APK	2026-09-07T21:48:10.7853811Z > Task :app:dexBuilderRelease
physical-device-ui-proof	Build standalone proof APK	2026-09-07T21:48:17.2838314Z > Task :app:mergeReleaseGlobalSynthetics
physical-device-ui-proof	Build standalone proof APK	2026-09-07T21:48:17.2839087Z > Task :app:extractProguardFiles
physical-device-ui-proof	Build standalone proof APK	2026-09-07T21:48:17.3844060Z > Task :app:mergeDexRelease
physical-device-ui-proof	Build standalone proof APK	2026-09-07T21:48:17.3864050Z > Task :app:generateReleaseLintVitalReportModel
physical-device-ui-proof	Build standalone proof APK	2026-09-07T21:48:18.6838206Z > Task :app:compileReleaseArtProfile
physical-device-ui-proof	Build standalone proof APK	2026-09-07T21:48:18.7840060Z > Task :app:processReleaseJavaRes
physical-device-ui-proof	Build standalone proof APK	2026-09-07T21:48:19.9838115Z > Task :app:lintVitalReportRelease
physical-device-ui-proof	Build standalone proof APK	2026-09-07T21:48:20.0838031Z > Task :app:lintVitalRelease
physical-device-ui-proof	Build standalone proof APK	2026-09-07T21:48:20.5862517Z > Task :app:optimizeReleaseResources
physical-device-ui-proof	Build standalone proof APK	2026-09-07T21:48:21.1856092Z > Task :app:collectReleaseDependencies
physical-device-ui-proof	Build standalone proof APK	2026-09-07T21:48:21.2838272Z > Task :app:sdkReleaseDependencyData
physical-device-ui-proof	Build standalone proof APK	2026-09-07T21:48:21.2842627Z > Task :app:validateSigningRelease
physical-device-ui-proof	Build standalone proof APK	2026-09-07T21:48:21.2843888Z > Task :app:writeReleaseAppMetadata
physical-device-ui-proof	Build standalone proof APK	2026-09-07T21:48:21.2844956Z > Task :app:writeReleaseSigningConfigVersions
physical-device-ui-proof	Build standalone proof APK	2026-09-07T21:48:21.3838808Z > Task :app:mergeReleaseJavaResource
physical-device-ui-proof	Build standalone proof APK	2026-09-07T21:48:22.8838070Z > Task :app:packageRelease
physical-device-ui-proof	Build standalone proof APK	2026-09-07T21:48:22.8839057Z > Task :app:createReleaseApkListingFileRedirect
physical-device-ui-proof	Build standalone proof APK	2026-09-07T21:48:22.8839794Z > Task :app:assembleRelease
physical-device-ui-proof	Build standalone proof APK	2026-09-07T21:48:22.8840183Z
physical-device-ui-proof	Build standalone proof APK	2026-09-07T21:48:22.8842143Z [Incubating] Problems report is available at: file:///home/runner/work/USKOCI-CLEAN/USKOCI-CLEAN/android/build/reports/problems/problems-report.html
physical-device-ui-proof	Build standalone proof APK	2026-09-07T21:48:22.8843326Z
physical-device-ui-proof	Build standalone proof APK	2026-09-07T21:48:22.8844278Z Deprecated Gradle features were used in this build, making it incompatible with Gradle 10.
physical-device-ui-proof	Build standalone proof APK	2026-09-07T21:48:22.8844980Z
physical-device-ui-proof	Build standalone proof APK	2026-09-07T21:48:22.8846025Z You can use '--warning-mode all' to show the individual deprecation warnings and determine if they come from your own scripts or plugins.
physical-device-ui-proof	Build standalone proof APK	2026-09-07T21:48:22.8847058Z
physical-device-ui-proof	Build standalone proof APK	2026-09-07T21:48:22.8848432Z For more on this, please refer to https://docs.gradle.org/9.3.1/userguide/command_line_interface.html#sec:command_line_warnings in the Gradle documentation.
physical-device-ui-proof	Build standalone proof APK	2026-09-07T21:48:22.8849500Z
physical-device-ui-proof	Build standalone proof APK	2026-09-07T21:48:22.8849799Z BUILD SUCCESSFUL in 12m 24s
physical-device-ui-proof	Build standalone proof APK	2026-09-07T21:48:22.8850411Z 585 actionable tasks: 585 executed
physical-device-ui-proof	Verify bundled Supabase endpoint is disposable local	﻿2026-09-07T21:48:23.2821055Z ##[group]Run bundle="$(find android/app/build/generated/assets -type f -name 'index.android.bundle' | head -n 1)"
physical-device-ui-proof	Verify bundled Supabase endpoint is disposable local	2026-09-07T21:48:23.2822162Z ^[[36;1mbundle="$(find android/app/build/generated/assets -type f -name 'index.android.bundle' | head -n 1)"^[[0m
physical-device-ui-proof	Verify bundled Supabase endpoint is disposable local	2026-09-07T21:48:23.2822712Z ^[[36;1mtest -n "$bundle"^[[0m
physical-device-ui-proof	Verify bundled Supabase endpoint is disposable local	2026-09-07T21:48:23.2823053Z ^[[36;1mgrep -aF 'http://10.0.2.2:54321' "$bundle" >/dev/null^[[0m
physical-device-ui-proof	Verify bundled Supabase endpoint is disposable local	2026-09-07T21:48:23.2823566Z ^[[36;1mif grep -aF 'leqcwgzvjsxugfgzdmth.supabase.co' "$bundle" >/dev/null; then^[[0m
physical-device-ui-proof	Verify bundled Supabase endpoint is disposable local	2026-09-07T21:48:23.2824112Z ^[[36;1m  echo "Production Supabase hostname found in bundled proof APK."^[[0m
physical-device-ui-proof	Verify bundled Supabase endpoint is disposable local	2026-09-07T21:48:23.2824500Z ^[[36;1m  exit 1^[[0m
physical-device-ui-proof	Verify bundled Supabase endpoint is disposable local	2026-09-07T21:48:23.2824709Z ^[[36;1mfi^[[0m
physical-device-ui-proof	Verify bundled Supabase endpoint is disposable local	2026-09-07T21:48:23.2825075Z ^[[36;1mecho "PASS RU5_DEVICE_APK_ENDPOINT disposable_local_only http://10.0.2.2:54321"^[[0m
physical-device-ui-proof	Verify bundled Supabase endpoint is disposable local	2026-09-07T21:48:23.3503387Z shell: /usr/bin/bash -e {0}
physical-device-ui-proof	Verify bundled Supabase endpoint is disposable local	2026-09-07T21:48:23.3503830Z env:
physical-device-ui-proof	Verify bundled Supabase endpoint is disposable local	2026-09-07T21:48:23.3504151Z   CI: 1
physical-device-ui-proof	Verify bundled Supabase endpoint is disposable local	2026-09-07T21:48:23.3504487Z   SUPABASE_TELEMETRY_DISABLED: 1
physical-device-ui-proof	Verify bundled Supabase endpoint is disposable local	2026-09-07T21:48:23.3504964Z   DO_NOT_TRACK: 1
physical-device-ui-proof	Verify bundled Supabase endpoint is disposable local	2026-09-07T21:48:23.3505353Z   RU5_DEVICE_PACKAGE: rs.uskoci.n04proof
physical-device-ui-proof	Verify bundled Supabase endpoint is disposable local	2026-09-07T21:48:23.3505903Z   RU5_DEVICE_ARTIFACT_DIR: artifacts/intent-shell-device
physical-device-ui-proof	Verify bundled Supabase endpoint is disposable local	2026-09-07T21:48:23.3506453Z   RU5_ENTRY_PROOF: 1
physical-device-ui-proof	Verify bundled Supabase endpoint is disposable local	2026-09-07T21:48:23.3506877Z   SUPABASE_INTERNAL_IMAGE_REGISTRY: ghcr.io
physical-device-ui-proof	Verify bundled Supabase endpoint is disposable local	2026-09-07T21:48:23.3507552Z   JAVA_HOME: /opt/hostedtoolcache/Java_Temurin-Hotspot_jdk/17.0.20-1/x64
physical-device-ui-proof	Verify bundled Supabase endpoint is disposable local	2026-09-07T21:48:23.3508408Z   JAVA_HOME_17_X64: /opt/hostedtoolcache/Java_Temurin-Hotspot_jdk/17.0.20-1/x64
physical-device-ui-proof	Verify bundled Supabase endpoint is disposable local	2026-09-07T21:48:23.3509074Z   MAVEN_ARGS: -ntp
physical-device-ui-proof	Verify bundled Supabase endpoint is disposable local	2026-09-07T21:48:23.3509498Z   RU5_DEVICE_PROOF_DIR: /tmp/uskoci-ru5-device-ui
physical-device-ui-proof	Verify bundled Supabase endpoint is disposable local	2026-09-07T21:48:23.3510335Z   RU5_DEVICE_DB_URL: ***127.0.0.1:54322/postgres
physical-device-ui-proof	Verify bundled Supabase endpoint is disposable local	2026-09-07T21:48:23.3510890Z   RU5_DEVICE_SUPABASE_URL: http://127.0.0.1:54321
physical-device-ui-proof	Verify bundled Supabase endpoint is disposable local	2026-09-07T21:48:23.3512908Z   RU5_DEVICE_ANON_KEY: ***
physical-device-ui-proof	Verify bundled Supabase endpoint is disposable local	2026-09-07T21:48:23.3514826Z   RU5_DEVICE_SERVICE_ROLE_KEY: ***
physical-device-ui-proof	Verify bundled Supabase endpoint is disposable local	2026-09-07T21:48:23.3515727Z   RU5_DEVICE_REQUESTER_EMAIL: ru5-device-requester-9eb953a1-b2bb-44fc-b0ec-01410619fc5e@proof.invalid
physical-device-ui-proof	Verify bundled Supabase endpoint is disposable local	2026-09-07T21:48:23.3516985Z   RU5_DEVICE_WORKER_EMAIL: ru5-device-worker-9eb953a1-b2bb-44fc-b0ec-01410619fc5e@proof.invalid
physical-device-ui-proof	Verify bundled Supabase endpoint is disposable local	2026-09-07T21:48:23.3517999Z   RU5_DEVICE_PASSWORD: ***
physical-device-ui-proof	Verify bundled Supabase endpoint is disposable local	2026-09-07T21:48:23.3518509Z   RU5_DEVICE_NEED_ID: f15b1dbd-e043-4b43-8909-e1060e3a4c9c
physical-device-ui-proof	Verify bundled Supabase endpoint is disposable local	2026-09-07T21:48:23.3519136Z   RU5_DEVICE_NEED_TITLE: RU5 device journey 9eb953a1
physical-device-ui-proof	Verify bundled Supabase endpoint is disposable local	2026-09-07T21:48:23.3520013Z   RU5_DEVICE_REQUESTER_USER_ID: 006a4e7e-3b59-4109-a38c-e3d3faaa8df6
physical-device-ui-proof	Verify bundled Supabase endpoint is disposable local	2026-09-07T21:48:23.3520776Z   RU5_DEVICE_WORKER_USER_ID: ffb7436c-aa44-4c91-9624-66b012cfe072
physical-device-ui-proof	Verify bundled Supabase endpoint is disposable local	2026-09-07T21:48:23.3521656Z   N04_AGREEMENT_ID: dc7403b1-d1e8-45dc-937a-6cb8ce11d100
physical-device-ui-proof	Verify bundled Supabase endpoint is disposable local	2026-09-07T21:48:23.3522297Z   EXPO_PUBLIC_SUPABASE_URL: http://10.0.2.2:54321
physical-device-ui-proof	Verify bundled Supabase endpoint is disposable local	2026-09-07T21:48:23.3524228Z   EXPO_PUBLIC_SUPABASE_ANON_KEY: ***
physical-device-ui-proof	Verify bundled Supabase endpoint is disposable local	2026-09-07T21:48:23.3524715Z   EXPO_PUBLIC_USE_FAKE_SOURCE: 0
physical-device-ui-proof	Verify bundled Supabase endpoint is disposable local	2026-09-07T21:48:23.3525150Z ##[endgroup]
physical-device-ui-proof	Verify bundled Supabase endpoint is disposable local	2026-09-07T21:48:23.3738215Z PASS RU5_DEVICE_APK_ENDPOINT disposable_local_only http://10.0.2.2:54321
physical-device-ui-proof	Enable KVM for Android emulator when available	﻿2026-09-07T21:48:23.3776242Z ##[group]Run if [[ -e /dev/kvm ]]; then
physical-device-ui-proof	Enable KVM for Android emulator when available	2026-09-07T21:48:23.3776787Z ^[[36;1mif [[ -e /dev/kvm ]]; then^[[0m
physical-device-ui-proof	Enable KVM for Android emulator when available	2026-09-07T21:48:23.3777228Z ^[[36;1m  sudo chmod 666 /dev/kvm^[[0m
physical-device-ui-proof	Enable KVM for Android emulator when available	2026-09-07T21:48:23.3777662Z ^[[36;1m  echo "KVM_AVAILABLE=1"^[[0m
physical-device-ui-proof	Enable KVM for Android emulator when available	2026-09-07T21:48:23.3778100Z ^[[36;1m  ls -l /dev/kvm^[[0m
physical-device-ui-proof	Enable KVM for Android emulator when available	2026-09-07T21:48:23.3778488Z ^[[36;1melse^[[0m
physical-device-ui-proof	Enable KVM for Android emulator when available	2026-09-07T21:48:23.3778874Z ^[[36;1m  echo "KVM_AVAILABLE=0"^[[0m
physical-device-ui-proof	Enable KVM for Android emulator when available	2026-09-07T21:48:23.3779307Z ^[[36;1mfi^[[0m
physical-device-ui-proof	Enable KVM for Android emulator when available	2026-09-07T21:48:23.3824810Z shell: /usr/bin/bash -e {0}
physical-device-ui-proof	Enable KVM for Android emulator when available	2026-09-07T21:48:23.3825230Z env:
physical-device-ui-proof	Enable KVM for Android emulator when available	2026-09-07T21:48:23.3825549Z   CI: 1
physical-device-ui-proof	Enable KVM for Android emulator when available	2026-09-07T21:48:23.3825893Z   SUPABASE_TELEMETRY_DISABLED: 1
physical-device-ui-proof	Enable KVM for Android emulator when available	2026-09-07T21:48:23.3826321Z   DO_NOT_TRACK: 1
physical-device-ui-proof	Enable KVM for Android emulator when available	2026-09-07T21:48:23.3826712Z   RU5_DEVICE_PACKAGE: rs.uskoci.n04proof
physical-device-ui-proof	Enable KVM for Android emulator when available	2026-09-07T21:48:23.3827271Z   RU5_DEVICE_ARTIFACT_DIR: artifacts/intent-shell-device
physical-device-ui-proof	Enable KVM for Android emulator when available	2026-09-07T21:48:23.3827813Z   RU5_ENTRY_PROOF: 1
physical-device-ui-proof	Enable KVM for Android emulator when available	2026-09-07T21:48:23.3828221Z   SUPABASE_INTERNAL_IMAGE_REGISTRY: ghcr.io
physical-device-ui-proof	Enable KVM for Android emulator when available	2026-09-07T21:48:23.3828878Z   JAVA_HOME: /opt/hostedtoolcache/Java_Temurin-Hotspot_jdk/17.0.20-1/x64
physical-device-ui-proof	Enable KVM for Android emulator when available	2026-09-07T21:48:23.3829730Z   JAVA_HOME_17_X64: /opt/hostedtoolcache/Java_Temurin-Hotspot_jdk/17.0.20-1/x64
physical-device-ui-proof	Enable KVM for Android emulator when available	2026-09-07T21:48:23.3830382Z   MAVEN_ARGS: -ntp
physical-device-ui-proof	Enable KVM for Android emulator when available	2026-09-07T21:48:23.3830807Z   RU5_DEVICE_PROOF_DIR: /tmp/uskoci-ru5-device-ui
physical-device-ui-proof	Enable KVM for Android emulator when available	2026-09-07T21:48:23.3831811Z   RU5_DEVICE_DB_URL: ***127.0.0.1:54322/postgres
physical-device-ui-proof	Enable KVM for Android emulator when available	2026-09-07T21:48:23.3832384Z   RU5_DEVICE_SUPABASE_URL: http://127.0.0.1:54321
physical-device-ui-proof	Enable KVM for Android emulator when available	2026-09-07T21:48:23.3834126Z   RU5_DEVICE_ANON_KEY: ***
physical-device-ui-proof	Enable KVM for Android emulator when available	2026-09-07T21:48:23.3835940Z   RU5_DEVICE_SERVICE_ROLE_KEY: ***
physical-device-ui-proof	Enable KVM for Android emulator when available	2026-09-07T21:48:23.3836754Z   RU5_DEVICE_REQUESTER_EMAIL: ru5-device-requester-9eb953a1-b2bb-44fc-b0ec-01410619fc5e@proof.invalid
physical-device-ui-proof	Enable KVM for Android emulator when available	2026-09-07T21:48:23.3837925Z   RU5_DEVICE_WORKER_EMAIL: ru5-device-worker-9eb953a1-b2bb-44fc-b0ec-01410619fc5e@proof.invalid
physical-device-ui-proof	Enable KVM for Android emulator when available	2026-09-07T21:48:23.3838875Z   RU5_DEVICE_PASSWORD: ***
physical-device-ui-proof	Enable KVM for Android emulator when available	2026-09-07T21:48:23.3839352Z   RU5_DEVICE_NEED_ID: f15b1dbd-e043-4b43-8909-e1060e3a4c9c
physical-device-ui-proof	Enable KVM for Android emulator when available	2026-09-07T21:48:23.3839950Z   RU5_DEVICE_NEED_TITLE: RU5 device journey 9eb953a1
physical-device-ui-proof	Enable KVM for Android emulator when available	2026-09-07T21:48:23.3840663Z   RU5_DEVICE_REQUESTER_USER_ID: 006a4e7e-3b59-4109-a38c-e3d3faaa8df6
physical-device-ui-proof	Enable KVM for Android emulator when available	2026-09-07T21:48:23.3841549Z   RU5_DEVICE_WORKER_USER_ID: ffb7436c-aa44-4c91-9624-66b012cfe072
physical-device-ui-proof	Enable KVM for Android emulator when available	2026-09-07T21:48:23.3842207Z   N04_AGREEMENT_ID: dc7403b1-d1e8-45dc-937a-6cb8ce11d100
physical-device-ui-proof	Enable KVM for Android emulator when available	2026-09-07T21:48:23.3842813Z   EXPO_PUBLIC_SUPABASE_URL: http://10.0.2.2:54321
physical-device-ui-proof	Enable KVM for Android emulator when available	2026-09-07T21:48:23.3844830Z   EXPO_PUBLIC_SUPABASE_ANON_KEY: ***
physical-device-ui-proof	Enable KVM for Android emulator when available	2026-09-07T21:48:23.3845325Z   EXPO_PUBLIC_USE_FAKE_SOURCE: 0
physical-device-ui-proof	Enable KVM for Android emulator when available	2026-09-07T21:48:23.3845752Z ##[endgroup]
physical-device-ui-proof	Enable KVM for Android emulator when available	2026-09-07T21:48:23.4014788Z KVM_AVAILABLE=1
physical-device-ui-proof	Enable KVM for Android emulator when available	2026-09-07T21:48:23.4032694Z crw-rw-rw- 1 root kvm 10, 232 Sep  7 21:31 /dev/kvm
physical-device-ui-proof	Run physical Android emulator journey	﻿2026-09-07T21:48:23.4165246Z ##[group]Run ReactiveCircus/android-emulator-runner@a421e43855164a8197daf9d8d40fe71c6996bb0d
physical-device-ui-proof	Run physical Android emulator journey	2026-09-07T21:48:23.4166092Z with:
physical-device-ui-proof	Run physical Android emulator journey	2026-09-07T21:48:23.4166426Z   api-level: 35
physical-device-ui-proof	Run physical Android emulator journey	2026-09-07T21:48:23.4166787Z   arch: x86_64
physical-device-ui-proof	Run physical Android emulator journey	2026-09-07T21:48:23.4167150Z   profile: pixel_6
physical-device-ui-proof	Run physical Android emulator journey	2026-09-07T21:48:23.4167549Z   disable-animations: false
physical-device-ui-proof	Run physical Android emulator journey	2026-09-07T21:48:23.4168429Z   emulator-options: -no-window -gpu swiftshader_indirect -noaudio -no-boot-anim -camera-back none -no-snapshot
physical-device-ui-proof	Run physical Android emulator journey	2026-09-07T21:48:23.4170514Z   script: mkdir -p artifacts/intent-shell-device
physical-device-ui-proof	Run physical Android emulator journey	adb install -r android/app/build/outputs/apk/release/app-release.apk
physical-device-ui-proof	Run physical Android emulator journey	adb shell settings put system pointer_location 0 || true
physical-device-ui-proof	Run physical Android emulator journey	bash scripts/intent_shell_run_journey.sh
physical-device-ui-proof	Run physical Android emulator journey
physical-device-ui-proof	Run physical Android emulator journey	2026-09-07T21:48:23.4172708Z   target: default
physical-device-ui-proof	Run physical Android emulator journey	2026-09-07T21:48:23.4173107Z   cores: 2
physical-device-ui-proof	Run physical Android emulator journey	2026-09-07T21:48:23.4173469Z   avd-name: test
physical-device-ui-proof	Run physical Android emulator journey	2026-09-07T21:48:23.4173874Z   force-avd-creation: true
physical-device-ui-proof	Run physical Android emulator journey	2026-09-07T21:48:23.4174350Z   emulator-boot-timeout: 600
physical-device-ui-proof	Run physical Android emulator journey	2026-09-07T21:48:23.4174825Z   emulator-port: 5554
physical-device-ui-proof	Run physical Android emulator journey	2026-09-07T21:48:23.4175305Z   disable-spellchecker: false
physical-device-ui-proof	Run physical Android emulator journey	2026-09-07T21:48:23.4175795Z   disable-linux-hw-accel: auto
physical-device-ui-proof	Run physical Android emulator journey	2026-09-07T21:48:23.4176283Z   enable-hw-keyboard: false
physical-device-ui-proof	Run physical Android emulator journey	2026-09-07T21:48:23.4176722Z   channel: stable
physical-device-ui-proof	Run physical Android emulator journey	2026-09-07T21:48:23.4177097Z env:
physical-device-ui-proof	Run physical Android emulator journey	2026-09-07T21:48:23.4177428Z   CI: 1
physical-device-ui-proof	Run physical Android emulator journey	2026-09-07T21:48:23.4177804Z   SUPABASE_TELEMETRY_DISABLED: 1
physical-device-ui-proof	Run physical Android emulator journey	2026-09-07T21:48:23.4178276Z   DO_NOT_TRACK: 1
physical-device-ui-proof	Run physical Android emulator journey	2026-09-07T21:48:23.4178702Z   RU5_DEVICE_PACKAGE: rs.uskoci.n04proof
physical-device-ui-proof	Run physical Android emulator journey	2026-09-07T21:48:23.4179343Z   RU5_DEVICE_ARTIFACT_DIR: artifacts/intent-shell-device
physical-device-ui-proof	Run physical Android emulator journey	2026-09-07T21:48:23.4179944Z   RU5_ENTRY_PROOF: 1
physical-device-ui-proof	Run physical Android emulator journey	2026-09-07T21:48:23.4180378Z   SUPABASE_INTERNAL_IMAGE_REGISTRY: ghcr.io
physical-device-ui-proof	Run physical Android emulator journey	2026-09-07T21:48:23.4181123Z   JAVA_HOME: /opt/hostedtoolcache/Java_Temurin-Hotspot_jdk/17.0.20-1/x64
physical-device-ui-proof	Run physical Android emulator journey	2026-09-07T21:48:23.4182266Z   JAVA_HOME_17_X64: /opt/hostedtoolcache/Java_Temurin-Hotspot_jdk/17.0.20-1/x64
physical-device-ui-proof	Run physical Android emulator journey	2026-09-07T21:48:23.4183008Z   MAVEN_ARGS: -ntp
physical-device-ui-proof	Run physical Android emulator journey	2026-09-07T21:48:23.4183481Z   RU5_DEVICE_PROOF_DIR: /tmp/uskoci-ru5-device-ui
physical-device-ui-proof	Run physical Android emulator journey	2026-09-07T21:48:23.4184382Z   RU5_DEVICE_DB_URL: ***127.0.0.1:54322/postgres
physical-device-ui-proof	Run physical Android emulator journey	2026-09-07T21:48:23.4185052Z   RU5_DEVICE_SUPABASE_URL: http://127.0.0.1:54321
physical-device-ui-proof	Run physical Android emulator journey	2026-09-07T21:48:23.4186973Z   RU5_DEVICE_ANON_KEY: ***
physical-device-ui-proof	Run physical Android emulator journey	2026-09-07T21:48:23.4188949Z   RU5_DEVICE_SERVICE_ROLE_KEY: ***
physical-device-ui-proof	Run physical Android emulator journey	2026-09-07T21:48:23.4190027Z   RU5_DEVICE_REQUESTER_EMAIL: ru5-device-requester-9eb953a1-b2bb-44fc-b0ec-01410619fc5e@proof.invalid
physical-device-ui-proof	Run physical Android emulator journey	2026-09-07T21:48:23.4191539Z   RU5_DEVICE_WORKER_EMAIL: ru5-device-worker-9eb953a1-b2bb-44fc-b0ec-01410619fc5e@proof.invalid
physical-device-ui-proof	Run physical Android emulator journey	2026-09-07T21:48:23.4207376Z   RU5_DEVICE_PASSWORD: ***
physical-device-ui-proof	Run physical Android emulator journey	2026-09-07T21:48:23.4208169Z   RU5_DEVICE_NEED_ID: f15b1dbd-e043-4b43-8909-e1060e3a4c9c
physical-device-ui-proof	Run physical Android emulator journey	2026-09-07T21:48:23.4208801Z   RU5_DEVICE_NEED_TITLE: RU5 device journey 9eb953a1
physical-device-ui-proof	Run physical Android emulator journey	2026-09-07T21:48:23.4209814Z   RU5_DEVICE_REQUESTER_USER_ID: 006a4e7e-3b59-4109-a38c-e3d3faaa8df6
physical-device-ui-proof	Run physical Android emulator journey	2026-09-07T21:48:23.4210938Z   RU5_DEVICE_WORKER_USER_ID: ffb7436c-aa44-4c91-9624-66b012cfe072
physical-device-ui-proof	Run physical Android emulator journey	2026-09-07T21:48:23.4212133Z   N04_AGREEMENT_ID: dc7403b1-d1e8-45dc-937a-6cb8ce11d100
physical-device-ui-proof	Run physical Android emulator journey	2026-09-07T21:48:23.4212804Z   EXPO_PUBLIC_SUPABASE_URL: http://10.0.2.2:54321
physical-device-ui-proof	Run physical Android emulator journey	2026-09-07T21:48:23.4215194Z   EXPO_PUBLIC_SUPABASE_ANON_KEY: ***
physical-device-ui-proof	Run physical Android emulator journey	2026-09-07T21:48:23.4216012Z   EXPO_PUBLIC_USE_FAKE_SOURCE: 0
physical-device-ui-proof	Run physical Android emulator journey	2026-09-07T21:48:23.4216450Z ##[endgroup]
physical-device-ui-proof	Run physical Android emulator journey	2026-09-07T21:48:23.6440335Z ##[group]Configure emulator
physical-device-ui-proof	Run physical Android emulator journey	2026-09-07T21:48:23.6443699Z API level: 35
physical-device-ui-proof	Run physical Android emulator journey	2026-09-07T21:48:23.6444322Z System image API level: 35
physical-device-ui-proof	Run physical Android emulator journey	2026-09-07T21:48:23.6444881Z target: default
physical-device-ui-proof	Run physical Android emulator journey	2026-09-07T21:48:23.6445531Z CPU architecture: x86_64
physical-device-ui-proof	Run physical Android emulator journey	2026-09-07T21:48:23.6446141Z Hardware profile: pixel_6
physical-device-ui-proof	Run physical Android emulator journey	2026-09-07T21:48:23.6448028Z Cores: 2
physical-device-ui-proof	Run physical Android emulator journey	2026-09-07T21:48:23.6448485Z RAM size:
physical-device-ui-proof	Run physical Android emulator journey	2026-09-07T21:48:23.6448931Z Heap size:
physical-device-ui-proof	Run physical Android emulator journey	2026-09-07T21:48:23.6449502Z SD card path or size:
physical-device-ui-proof	Run physical Android emulator journey	2026-09-07T21:48:23.6450476Z Disk size:
physical-device-ui-proof	Run physical Android emulator journey	2026-09-07T21:48:23.6450900Z AVD name: test
physical-device-ui-proof	Run physical Android emulator journey	2026-09-07T21:48:23.6451609Z force avd creation: true
physical-device-ui-proof	Run physical Android emulator journey	2026-09-07T21:48:23.6452190Z Emulator boot timeout: 600
physical-device-ui-proof	Run physical Android emulator journey	2026-09-07T21:48:23.6452906Z emulator port: 5554
physical-device-ui-proof	Run physical Android emulator journey	2026-09-07T21:48:23.6454214Z emulator options: -no-window -gpu swiftshader_indirect -noaudio -no-boot-anim -camera-back none -no-snapshot
physical-device-ui-proof	Run physical Android emulator journey	2026-09-07T21:48:23.6456104Z disable animations: false
physical-device-ui-proof	Run physical Android emulator journey	2026-09-07T21:48:23.6456840Z disable spellchecker: false
physical-device-ui-proof	Run physical Android emulator journey	2026-09-07T21:48:23.6457578Z disable Linux hardware acceleration: false
physical-device-ui-proof	Run physical Android emulator journey	2026-09-07T21:48:23.6458359Z enable hardware keyboard: false
physical-device-ui-proof	Run physical Android emulator journey	2026-09-07T21:48:23.6458961Z Channel: 0 (stable)
physical-device-ui-proof	Run physical Android emulator journey	2026-09-07T21:48:23.6459540Z Script:
physical-device-ui-proof	Run physical Android emulator journey	2026-09-07T21:48:23.6460214Z mkdir -p artifacts/intent-shell-device
physical-device-ui-proof	Run physical Android emulator journey	2026-09-07T21:48:23.6462125Z adb install -r android/app/build/outputs/apk/release/app-release.apk
physical-device-ui-proof	Run physical Android emulator journey	2026-09-07T21:48:23.6463239Z adb shell settings put system pointer_location 0 || true
physical-device-ui-proof	Run physical Android emulator journey	2026-09-07T21:48:23.6464530Z bash scripts/intent_shell_run_journey.sh
physical-device-ui-proof	Run physical Android emulator journey	2026-09-07T21:48:23.6465267Z Pre emulator launch script:
physical-device-ui-proof	Run physical Android emulator journey	2026-09-07T21:48:23.6466100Z ##[endgroup]
physical-device-ui-proof	Run physical Android emulator journey	2026-09-07T21:48:23.6473426Z ##[group]Install Android SDK
physical-device-ui-proof	Run physical Android emulator journey	2026-09-07T21:48:23.6528852Z [command]/usr/bin/sh -c \yes | sdkmanager --licenses > /dev/null
physical-device-ui-proof	Run physical Android emulator journey	2026-09-07T21:48:26.1224170Z Warning: This version only understands SDK XML versions up to 3 but an SDK XML file of version 4 was encountered. This can happen if you use versions of Android Studio and the command-line tools that were released at different times.
physical-device-ui-proof	Run physical Android emulator journey	2026-09-07T21:48:28.2283220Z Installing latest build tools, platform tools, and platform.
physical-device-ui-proof	Run physical Android emulator journey	2026-09-07T21:48:28.2302315Z [command]/usr/bin/sh -c \sdkmanager --install 'build-tools;37.0.0' platform-tools 'platforms;android-35'> /dev/null
physical-device-ui-proof	Run physical Android emulator journey	2026-09-07T21:48:28.7834192Z Warning: This version only understands SDK XML versions up to 3 but an SDK XML file of version 4 was encountered. This can happen if you use versions of Android Studio and the command-line tools that were released at different times.
physical-device-ui-proof	Run physical Android emulator journey	2026-09-07T21:48:29.8367366Z Installing latest emulator.
physical-device-ui-proof	Run physical Android emulator journey	2026-09-07T21:48:29.8385232Z [command]/usr/bin/sh -c \sdkmanager --install emulator --channel=0 > /dev/null
physical-device-ui-proof	Run physical Android emulator journey	2026-09-07T21:48:30.4074245Z Warning: This version only understands SDK XML versions up to 3 but an SDK XML file of version 4 was encountered. This can happen if you use versions of Android Studio and the command-line tools that were released at different times.
physical-device-ui-proof	Run physical Android emulator journey	2026-09-07T21:48:38.4114897Z Installing system images.
physical-device-ui-proof	Run physical Android emulator journey	2026-09-07T21:48:38.4132019Z [command]/usr/bin/sh -c \sdkmanager --install 'system-images;android-35;default;x86_64' --channel=0 > /dev/null
physical-device-ui-proof	Run physical Android emulator journey	2026-09-07T21:48:38.9877508Z Warning: This version only understands SDK XML versions up to 3 but an SDK XML file of version 4 was encountered. This can happen if you use versions of Android Studio and the command-line tools that were released at different times.
physical-device-ui-proof	Run physical Android emulator journey	2026-09-07T21:48:52.7386222Z ##[endgroup]
physical-device-ui-proof	Run physical Android emulator journey	2026-09-07T21:48:52.7388073Z ##[group]Create AVD
physical-device-ui-proof	Run physical Android emulator journey	2026-09-07T21:48:52.7388710Z Creating AVD.
physical-device-ui-proof	Run physical Android emulator journey	2026-09-07T21:48:52.7409710Z [command]/usr/bin/sh -c \echo no | avdmanager create avd --force -n test --package 'system-images;android-35;default;x86_64' --device 'pixel_6'
physical-device-ui-proof	Run physical Android emulator journey	2026-09-07T21:48:53.3295438Z Loading local repository...
physical-device-ui-proof	Run physical Android emulator journey	2026-09-07T21:48:53.3353586Z Warning: This version only understands SDK XML versions up to 3 but an SDK XML file of version 4 was encountered. This can happen if you use versions of Android Studio and the command-line tools that were released at different times.
physical-device-ui-proof	Run physical Android emulator journey	2026-09-07T21:48:53.5532338Z [=========                              ] 25% Loading local repository...
physical-device-ui-proof	Run physical Android emulator journey	2026-09-07T21:48:53.5542479Z [=========                              ] 25% Fetch remote repository...
physical-device-ui-proof	Run physical Android emulator journey	2026-09-07T21:48:53.5543713Z [=======================================] 100% Fetch remote repository...
physical-device-ui-proof	Run physical Android emulator journey	2026-09-07T21:48:53.6159231Z Auto-selecting single ABI x86_64
physical-device-ui-proof	Run physical Android emulator journey	2026-09-07T21:48:54.0867824Z [command]/usr/bin/sh -c \printf 'hw.cpu.ncore=2\n' >> /home/runner/.android/avd/test.avd/config.ini
physical-device-ui-proof	Run physical Android emulator journey	2026-09-07T21:48:54.0891644Z ##[endgroup]
physical-device-ui-proof	Run physical Android emulator journey	2026-09-07T21:48:54.0894016Z ##[group]Launch Emulator
physical-device-ui-proof	Run physical Android emulator journey	2026-09-07T21:48:54.0894603Z Starting emulator.
physical-device-ui-proof	Run physical Android emulator journey	2026-09-07T21:48:54.0913605Z [command]/usr/bin/sh -c \/usr/local/lib/android/sdk/emulator/emulator -port 5554 -avd test -no-window -gpu swiftshader_indirect -noaudio -no-boot-anim -camera-back none -no-snapshot &
physical-device-ui-proof	Run physical Android emulator journey	2026-09-07T21:48:54.1051253Z INFO         | Android emulator version 37.1.11.0 (build_id 15917651) (CL:N/A)
physical-device-ui-proof	Run physical Android emulator journey	2026-09-07T21:48:54.1052515Z INFO         | Graphics backend: gfxstream
physical-device-ui-proof	Run physical Android emulator journey	2026-09-07T21:48:54.1053692Z INFO         | Found systemPath /usr/local/lib/android/sdk/system-images/android-35/default/x86_64/
physical-device-ui-proof	Run physical Android emulator journey	2026-09-07T21:48:54.1512020Z INFO         | Saving last run QEMU version for the AVD to 2
physical-device-ui-proof	Run physical Android emulator journey	2026-09-07T21:48:54.1512581Z INFO         | Increasing RAM size to 2560MB
physical-device-ui-proof	Run physical Android emulator journey	2026-09-07T21:48:54.1513021Z INFO         | Guest GLES Driver: Auto (ext controls)
physical-device-ui-proof	Run physical Android emulator journey	2026-09-07T21:48:54.1513930Z INFO         | emuglConfig_init: vulkan_mode_selected:swiftshader gles_mode_selected:swiftshader
physical-device-ui-proof	Run physical Android emulator journey	2026-09-07T21:48:54.1514517Z INFO         | Checking system compatibility:
physical-device-ui-proof	Run physical Android emulator journey	2026-09-07T21:48:54.1515311Z INFO         |   Checking: hasSufficientDiskSpace
physical-device-ui-proof	Run physical Android emulator journey	2026-09-07T21:48:54.1516142Z INFO         |      Ok: Disk space requirements to run avd: `test` are met
physical-device-ui-proof	Run physical Android emulator journey	2026-09-07T21:48:54.1516881Z INFO         |   Checking: hasSufficientHwGpu
physical-device-ui-proof	Run physical Android emulator journey	2026-09-07T21:48:54.1517654Z INFO         |      Ok: Hardware GPU compatibility checks are not required
physical-device-ui-proof	Run physical Android emulator journey	2026-09-07T21:48:54.1518366Z INFO         |   Checking: hasSufficientSystem
physical-device-ui-proof	Run physical Android emulator journey	2026-09-07T21:48:54.1519112Z INFO         |      Ok: System requirements to run avd: `test` are met
physical-device-ui-proof	Run physical Android emulator journey	2026-09-07T21:48:54.1520496Z WARNING      | Feature QuickbootFileBacked is disabled due to stability issues, if you really want that, the environment variable ANDROID_EMU_FORCE_QUICKBOOT_FILE_BACKED need to set to 1
physical-device-ui-proof	Run physical Android emulator journey	2026-09-07T21:48:54.7089986Z ERROR        | Unable to connect to adb daemon on port: 5037
physical-device-ui-proof	Run physical Android emulator journey	2026-09-07T21:48:54.7103868Z INFO         | Storing crashdata in: /tmp/android-runner/emu-crash-37.1.11.db, detection is enabled for process: 31144
physical-device-ui-proof	Run physical Android emulator journey	2026-09-07T21:48:54.7105344Z INFO         | Initializing gfxstream backend
physical-device-ui-proof	Run physical Android emulator journey	2026-09-07T21:48:54.7114143Z INFO         | startOpenglesRendererImpl: gpu info
physical-device-ui-proof	Run physical Android emulator journey	2026-09-07T21:48:54.7114787Z INFO         |
physical-device-ui-proof	Run physical Android emulator journey	2026-09-07T21:48:54.7117548Z INFO         | initIcdPaths: ICD set to 'swiftshader', using Swiftshader ICD
physical-device-ui-proof	Run physical Android emulator journey	2026-09-07T21:48:54.7119271Z INFO         | Setting ICD filenames for the loader = /usr/local/lib/android/sdk/emulator/lib64/vulkan/vk_swiftshader_icd.json
physical-device-ui-proof	Run physical Android emulator journey	2026-09-07T21:48:54.7121211Z INFO         | SharedLibrary::open for [/usr/local/lib/android/sdk/emulator/qemu/linux-x86_64/lib64/vulkan/libvulkan.so]
physical-device-ui-proof	Run physical Android emulator journey	2026-09-07T21:48:54.7123301Z INFO         | SharedLibrary::open for [/usr/local/lib/android/sdk/emulator/qemu/linux-x86_64/lib64/vulkan/libvulkan.so.1]
physical-device-ui-proof	Run physical Android emulator journey	2026-09-07T21:48:54.7124918Z INFO         | SharedLibrary::open for [/usr/local/lib/android/sdk/emulator/lib64/vulkan/libvulkan.so]
physical-device-ui-proof	Run physical Android emulator journey	2026-09-07T21:48:54.7126016Z INFO         | Added library: /usr/local/lib/android/sdk/emulator/lib64/vulkan/libvulkan.so
physical-device-ui-proof	Run physical Android emulator journey	2026-09-07T21:48:54.7179029Z INFO         | Selecting Vulkan device: SwiftShader Device (Subzero), Version: 1.3.0
physical-device-ui-proof	Run physical Android emulator journey	2026-09-07T21:48:54.7180194Z INFO         | Using Vulkan externalMemoryMode: OpaqueFd for VkEmulation
physical-device-ui-proof	Run physical Android emulator journey	2026-09-07T21:48:54.7354940Z INFO         | SharedLibrary::open for [libX11]
physical-device-ui-proof	Run physical Android emulator journey	2026-09-07T21:48:54.7356379Z WARNING      | Could not open libX11.so, try libX11.so.6
physical-device-ui-proof	Run physical Android emulator journey	2026-09-07T21:48:54.7357142Z INFO         | SharedLibrary::open for [libX11.so.6]
physical-device-ui-proof	Run physical Android emulator journey	2026-09-07T21:48:54.7357806Z INFO         | SharedLibrary::open for [libX11-xcb]
physical-device-ui-proof	Run physical Android emulator journey	2026-09-07T21:48:54.7358740Z WARNING      | Could not open libX11-xcb.so, try libX11-xcb.so.1
physical-device-ui-proof	Run physical Android emulator journey	2026-09-07T21:48:54.7359446Z INFO         | SharedLibrary::open for [libX11-xcb.so.1]
physical-device-ui-proof	Run physical Android emulator journey	2026-09-07T21:48:54.7409468Z INFO         | Initializing VkEmulation features:
physical-device-ui-proof	Run physical Android emulator journey	2026-09-07T21:48:54.7410250Z INFO         |     glInteropSupported: false
physical-device-ui-proof	Run physical Android emulator journey	2026-09-07T21:48:54.7410910Z INFO         |     useDeferredCommands: true
physical-device-ui-proof	Run physical Android emulator journey	2026-09-07T21:48:54.7411966Z INFO         |     createResourceWithRequirements: true
physical-device-ui-proof	Run physical Android emulator journey	2026-09-07T21:48:54.7412773Z INFO         |     useVulkanComposition: false
physical-device-ui-proof	Run physical Android emulator journey	2026-09-07T21:48:54.7413462Z INFO         |     useVulkanNativeSwapchain: false
physical-device-ui-proof	Run physical Android emulator journey	2026-09-07T21:48:54.7414118Z INFO         |     enable guestRenderDoc: false
physical-device-ui-proof	Run physical Android emulator journey	2026-09-07T21:48:54.7415265Z INFO         |     ASTC LDR emulation mode: Gpu
physical-device-ui-proof	Run physical Android emulator journey	2026-09-07T21:48:54.7415967Z INFO         |     enable ETC2 emulation: true
physical-device-ui-proof	Run physical Android emulator journey	2026-09-07T21:48:54.7416624Z INFO         |     enable Ycbcr emulation: false
physical-device-ui-proof	Run physical Android emulator journey	2026-09-07T21:48:54.7417279Z INFO         |     guestVulkanOnly: false
physical-device-ui-proof	Run physical Android emulator journey	2026-09-07T21:48:54.7417921Z INFO         |     useDedicatedAllocations: false
physical-device-ui-proof	Run physical Android emulator journey	2026-09-07T21:48:54.7418642Z INFO         |     guestVulkanMaxApiVersion: 1.3.0
physical-device-ui-proof	Run physical Android emulator journey	2026-09-07T21:48:54.7419474Z INFO         |     enableProtectedMemoryEmulation: false
physical-device-ui-proof	Run physical Android emulator journey	2026-09-07T21:48:54.7420354Z INFO         | Graphics Adapter Vendor Google (Google Inc.)
physical-device-ui-proof	Run physical Android emulator journey	2026-09-07T21:48:54.7432883Z INFO         | Graphics Adapter Android Emulator OpenGL ES Translator (Google SwiftShader)
physical-device-ui-proof	Run physical Android emulator journey	2026-09-07T21:48:54.7434115Z INFO         | Graphics API Version OpenGL ES 3.0 (OpenGL ES 3.0 SwiftShader 4.0.0.1)
physical-device-ui-proof	Run physical Android emulator journey	2026-09-07T21:48:54.7439209Z INFO         | Graphics API Extensions GL_OES_EGL_sync GL_OES_EGL_image GL_OES_EGL_image_external GL_OES_depth24 GL_OES_depth32 GL_OES_element_index_uint GL_OES_texture_float GL_OES_texture_float_linear GL_OES_compressed_paletted_texture GL_OES_compressed_ETC1_RGB8_texture GL_OES_depth_texture GL_OES_texture_half_float GL_OES_texture_half_float_linear GL_OES_packed_depth_stencil GL_OES_vertex_half_float GL_OES_standard_derivatives GL_OES_texture_npot GL_OES_rgb8_rgba8 GL_EXT_color_buffer_float GL_EXT_color_buffer_half_float GL_EXT_texture_format_BGRA8888 GL_APPLE_texture_format_BGRA8888
physical-device-ui-proof	Run physical Android emulator journey	2026-09-07T21:48:54.7443473Z INFO         | Graphics Device Extensions N/A
physical-device-ui-proof	Run physical Android emulator journey	2026-09-07T21:48:54.7444227Z INFO         | Disabling sparse binding feature support
physical-device-ui-proof	Run physical Android emulator journey	2026-09-07T21:48:54.7513669Z INFO         | Sending adb public key [QAAAALOVI4KF3oYk3BWjiKuMgPjHeB5BmeJsbKWmZuaqrqN9xxSE28/y+MNzcn+NNciiPwORbr+9cIK1aEovY2G+NtHVhSroS8QaiXAH0o+gpqUw6zFYovsHMP4K9lE8eC5+Gg6lERvo63cOGffibvABJXpt1oZ3ehfcnw2I5xBM9S60ym6k6mEBGrK/yBjt5moeOrxb7+YRkUsmfYWmfRByXI8rc+pisJ1urqeN97JQonrlWCz0YNfppoYhI3v2l+Ixacg2EJiUsQTmMaQs/i88aEMrWP942F+aYvTUM/zSIXsfDhFSOEHY/7x784IaccP1bmUz7fz/nJ3GGBapmdEEc3HYe8G3rzDxd90HiEmOXvsoB7VxK6sL+AvSKImF78YLQjFygGwOX/dUGvyRY6kICm/EkbKFGa2S8jpcIfyrwjfzbmWh9EI3Biw/XeujFAzQi4zHMHi/klx99SXSOB2iAcoZz6n2ZQVkxPwtKWdbXbF6fNnhnXmVXIAAAkqD4yWtm+lpKQrK5Kku6C+CbpTjpD4Ho64yYRIC36ngn6Yi9mZMO0zT2n6arUZIwcGxz4zv1r2Yrgg4rhONCBy98hyKs7/LTB/oSNK/qrXdIVuXgr0WQ+Uw+CNSpjRKy6LmyFeQYpZ8VTLJu90pTEsVzfEgFJ/3w5tGIksuuoZm5uy8JI2Okz6mSQEAAQA= runner@unknown]
physical-device-ui-proof	Run physical Android emulator journey	2026-09-07T21:48:54.7520746Z INFO         | Userspace boot properties:
physical-device-ui-proof	Run physical Android emulator journey	2026-09-07T21:48:54.7522325Z INFO         |   androidboot.boot_devices=pci0000:00/0000:00:03.0 pci0000:00/0000:00:06.0
physical-device-ui-proof	Run physical Android emulator journey	2026-09-07T21:48:54.7523588Z INFO         |   androidboot.dalvik.vm.heapsize=576m
physical-device-ui-proof	Run physical Android emulator journey	2026-09-07T21:48:54.7524686Z INFO         |   androidboot.debug.hwui.renderer=skiagl
physical-device-ui-proof	Run physical Android emulator journey	2026-09-07T21:48:54.7525433Z INFO         |   androidboot.debug.sf.nobootanimation=1
physical-device-ui-proof	Run physical Android emulator journey	2026-09-07T21:48:54.7526022Z INFO         |   androidboot.hardware=ranchu
physical-device-ui-proof	Run physical Android emulator journey	2026-09-07T21:48:54.7526605Z INFO         |   androidboot.hardware.gltransport=pipe
physical-device-ui-proof	Run physical Android emulator journey	2026-09-07T21:48:54.7527201Z INFO         |   androidboot.hardware.vulkan=ranchu
physical-device-ui-proof	Run physical Android emulator journey	2026-09-07T21:48:54.7527767Z INFO         |   androidboot.logcat=*:V
physical-device-ui-proof	Run physical Android emulator journey	2026-09-07T21:48:54.7528309Z INFO         |   androidboot.opengles.version=196608
physical-device-ui-proof	Run physical Android emulator journey	2026-09-07T21:48:54.7528828Z INFO         |   androidboot.qemu=1
physical-device-ui-proof	Run physical Android emulator journey	2026-09-07T21:48:54.7535025Z INFO         |   androidboot.qemu.adb.pubkey=QAAAALOVI4KF3oYk3BWjiKuMgPjHeB5BmeJsbKWmZuaqrqN9xxSE28/y+MNzcn+NNciiPwORbr+9cIK1aEovY2G+NtHVhSroS8QaiXAH0o+gpqUw6zFYovsHMP4K9lE8eC5+Gg6lERvo63cOGffibvABJXpt1oZ3ehfcnw2I5xBM9S60ym6k6mEBGrK/yBjt5moeOrxb7+YRkUsmfYWmfRByXI8rc+pisJ1urqeN97JQonrlWCz0YNfppoYhI3v2l+Ixacg2EJiUsQTmMaQs/i88aEMrWP942F+aYvTUM/zSIXsfDhFSOEHY/7x784IaccP1bmUz7fz/nJ3GGBapmdEEc3HYe8G3rzDxd90HiEmOXvsoB7VxK6sL+AvSKImF78YLQjFygGwOX/dUGvyRY6kICm/EkbKFGa2S8jpcIfyrwjfzbmWh9EI3Biw/XeujFAzQi4zHMHi/klx99SXSOB2iAcoZz6n2ZQVkxPwtKWdbXbF6fNnhnXmVXIAAAkqD4yWtm+lpKQrK5Kku6C+CbpTjpD4Ho64yYRIC36ngn6Yi9mZMO0zT2n6arUZIwcGxz4zv1r2Yrgg4rhONCBy98hyKs7/LTB/oSNK/qrXdIVuXgr0WQ+Uw+CNSpjRKy6LmyFeQYpZ8VTLJu90pTEsVzfEgFJ/3w5tGIksuuoZm5uy8JI2Okz6mSQEAAQA= runner@unknown
physical-device-ui-proof	Run physical Android emulator journey	2026-09-07T21:48:54.7539230Z INFO         |   androidboot.qemu.avd_name=test
physical-device-ui-proof	Run physical Android emulator journey	2026-09-07T21:48:54.7540501Z INFO         |   androidboot.qemu.camera_hq_edge_processing=0
physical-device-ui-proof	Run physical Android emulator journey	2026-09-07T21:48:54.7541599Z INFO         |   androidboot.qemu.camera_protocol_ver=1
physical-device-ui-proof	Run physical Android emulator journey	2026-09-07T21:48:54.7542149Z INFO         |   androidboot.qemu.cpuvulkan.version=4206592
physical-device-ui-proof	Run physical Android emulator journey	2026-09-07T21:48:54.7542672Z INFO         |   androidboot.qemu.gltransport.drawFlushInterval=800
physical-device-ui-proof	Run physical Android emulator journey	2026-09-07T21:48:54.7543167Z INFO         |   androidboot.qemu.gltransport.name=pipe
physical-device-ui-proof	Run physical Android emulator journey	2026-09-07T21:48:54.7543593Z INFO         |   androidboot.qemu.hwcodec.avcdec=2
physical-device-ui-proof	Run physical Android emulator journey	2026-09-07T21:48:54.7544211Z INFO         |   androidboot.qemu.hwcodec.hevcdec=2
physical-device-ui-proof	Run physical Android emulator journey	2026-09-07T21:48:54.7544645Z INFO         |   androidboot.qemu.hwcodec.vpxdec=2
physical-device-ui-proof	Run physical Android emulator journey	2026-09-07T21:48:54.7545185Z INFO         |   androidboot.qemu.settings.system.screen_off_timeout=2147483647
physical-device-ui-proof	Run physical Android emulator journey	2026-09-07T21:48:54.7545685Z INFO         |   androidboot.qemu.skin=1080x2400
physical-device-ui-proof	Run physical Android emulator journey	2026-09-07T21:48:54.7546083Z INFO         |   androidboot.qemu.virtiowifi=1
physical-device-ui-proof	Run physical Android emulator journey	2026-09-07T21:48:54.7546462Z INFO         |   androidboot.qemu.vsync=60
physical-device-ui-proof	Run physical Android emulator journey	2026-09-07T21:48:54.7546861Z INFO         |   androidboot.serialno=EMULATOR37X1X11X0
physical-device-ui-proof	Run physical Android emulator journey	2026-09-07T21:48:54.7547504Z INFO         |   androidboot.vbmeta.digest=602b0c809848f3be570a96601071931225108ec3b3739d99a1dc41db38efe83c
physical-device-ui-proof	Run physical Android emulator journey	2026-09-07T21:48:54.7548099Z INFO         |   androidboot.vbmeta.hash_alg=sha256
physical-device-ui-proof	Run physical Android emulator journey	2026-09-07T21:48:54.7548487Z INFO         |   androidboot.vbmeta.size=6720
physical-device-ui-proof	Run physical Android emulator journey	2026-09-07T21:48:54.7548877Z INFO         |   androidboot.veritymode=enforcing
physical-device-ui-proof	Run physical Android emulator journey	2026-09-07T21:48:54.7717839Z WARNING: cannnot unmap ptr 0x7fd426801000 as it is in the protected range from 0x7fd386800000 to 0x7fd426a00000
physical-device-ui-proof	Run physical Android emulator journey	2026-09-07T21:48:54.7958278Z INFO         | Monitoring duration of emulator setup.
physical-device-ui-proof	Run physical Android emulator journey	2026-09-07T21:48:57.7938603Z INFO         | Activated packet streamer for bluetooth emulation
physical-device-ui-proof	Run physical Android emulator journey	2026-09-07T21:48:57.7939847Z INFO         | Successfully initialized netsim WiFi
physical-device-ui-proof	Run physical Android emulator journey	2026-09-07T21:48:57.7999698Z INFO         | Setting display: 0 configuration to: 1080x2400, dpi: 420x420
physical-device-ui-proof	Run physical Android emulator journey	2026-09-07T21:48:57.8000675Z INFO         | setDisplayActiveConfig: id:0, 1080x2400
physical-device-ui-proof	Run physical Android emulator journey	2026-09-07T21:48:57.8001937Z INFO         | emulatorSetupEnvironment: Environment scene is not required
physical-device-ui-proof	Run physical Android emulator journey	2026-09-07T21:48:57.8077844Z USER_INFO    | Emulator is performing a full startup. This may take upto two minutes, or more.
physical-device-ui-proof	Run physical Android emulator journey	2026-09-07T21:48:57.8087376Z WARNING      | Failed to process .ini file /home/runner/.android/emu-update-last-check.ini for reading.
physical-device-ui-proof	Run physical Android emulator journey	2026-09-07T21:48:58.0372752Z WARNING      | Failed to process .ini file /home/runner/.android/emu-update-last-check.ini for reading.
physical-device-ui-proof	Run physical Android emulator journey	2026-09-07T21:49:04.0983392Z [command]/usr/local/lib/android/sdk/platform-tools/adb -s emulator-5554 shell getprop sys.boot_completed
physical-device-ui-proof	Run physical Android emulator journey	2026-09-07T21:49:04.1027174Z * daemon not running; starting now at tcp:5037
physical-device-ui-proof	Run physical Android emulator journey	2026-09-07T21:49:04.2458788Z * daemon started successfully
physical-device-ui-proof	Run physical Android emulator journey	2026-09-07T21:49:04.2466740Z adb: device offline
physical-device-ui-proof	Run physical Android emulator journey	2026-09-07T21:49:04.2473109Z The process '/usr/local/lib/android/sdk/platform-tools/adb' failed with exit code 1
physical-device-ui-proof	Run physical Android emulator journey	2026-09-07T21:49:06.2608028Z [command]/usr/local/lib/android/sdk/platform-tools/adb -s emulator-5554 shell getprop sys.boot_completed
physical-device-ui-proof	Run physical Android emulator journey	2026-09-07T21:49:06.2675933Z adb: device offline
physical-device-ui-proof	Run physical Android emulator journey	2026-09-07T21:49:06.2690594Z The process '/usr/local/lib/android/sdk/platform-tools/adb' failed with exit code 1
physical-device-ui-proof	Run physical Android emulator journey	2026-09-07T21:49:08.2723309Z [command]/usr/local/lib/android/sdk/platform-tools/adb -s emulator-5554 shell getprop sys.boot_completed
physical-device-ui-proof	Run physical Android emulator journey	2026-09-07T21:49:08.2753225Z adb: device offline
physical-device-ui-proof	Run physical Android emulator journey	2026-09-07T21:49:08.2759217Z The process '/usr/local/lib/android/sdk/platform-tools/adb' failed with exit code 1
physical-device-ui-proof	Run physical Android emulator journey	2026-09-07T21:49:10.2813200Z [command]/usr/local/lib/android/sdk/platform-tools/adb -s emulator-5554 shell getprop sys.boot_completed
physical-device-ui-proof	Run physical Android emulator journey	2026-09-07T21:49:10.3309554Z
physical-device-ui-proof	Run physical Android emulator journey	2026-09-07T21:49:12.3384720Z [command]/usr/local/lib/android/sdk/platform-tools/adb -s emulator-5554 shell getprop sys.boot_completed
physical-device-ui-proof	Run physical Android emulator journey	2026-09-07T21:49:12.3611149Z
physical-device-ui-proof	Run physical Android emulator journey	2026-09-07T21:49:14.3678114Z [command]/usr/local/lib/android/sdk/platform-tools/adb -s emulator-5554 shell getprop sys.boot_completed
physical-device-ui-proof	Run physical Android emulator journey	2026-09-07T21:49:14.3980883Z
physical-device-ui-proof	Run physical Android emulator journey	2026-09-07T21:49:16.4037823Z [command]/usr/local/lib/android/sdk/platform-tools/adb -s emulator-5554 shell getprop sys.boot_completed
physical-device-ui-proof	Run physical Android emulator journey	2026-09-07T21:49:16.4398714Z
physical-device-ui-proof	Run physical Android emulator journey	2026-09-07T21:49:18.4444590Z [command]/usr/local/lib/android/sdk/platform-tools/adb -s emulator-5554 shell getprop sys.boot_completed
physical-device-ui-proof	Run physical Android emulator journey	2026-09-07T21:49:18.4610907Z
physical-device-ui-proof	Run physical Android emulator journey	2026-09-07T21:49:20.4666235Z [command]/usr/local/lib/android/sdk/platform-tools/adb -s emulator-5554 shell getprop sys.boot_completed
physical-device-ui-proof	Run physical Android emulator journey	2026-09-07T21:49:20.4911113Z
physical-device-ui-proof	Run physical Android emulator journey	2026-09-07T21:49:22.4990695Z [command]/usr/local/lib/android/sdk/platform-tools/adb -s emulator-5554 shell getprop sys.boot_completed
physical-device-ui-proof	Run physical Android emulator journey	2026-09-07T21:49:22.5247774Z
physical-device-ui-proof	Run physical Android emulator journey	2026-09-07T21:49:24.5294395Z [command]/usr/local/lib/android/sdk/platform-tools/adb -s emulator-5554 shell getprop sys.boot_completed
physical-device-ui-proof	Run physical Android emulator journey	2026-09-07T21:49:24.5809618Z
physical-device-ui-proof	Run physical Android emulator journey	2026-09-07T21:49:26.5881829Z [command]/usr/local/lib/android/sdk/platform-tools/adb -s emulator-5554 shell getprop sys.boot_completed
physical-device-ui-proof	Run physical Android emulator journey	2026-09-07T21:49:26.6106963Z
physical-device-ui-proof	Run physical Android emulator journey	2026-09-07T21:49:27.6609999Z INFO         | Boot completed in 33528 ms
physical-device-ui-proof	Run physical Android emulator journey	2026-09-07T21:49:27.6611704Z INFO         | Increasing screen off timeout, logcat buffer size to 2M.
physical-device-ui-proof	Run physical Android emulator journey	2026-09-07T21:49:28.6155565Z [command]/usr/local/lib/android/sdk/platform-tools/adb -s emulator-5554 shell getprop sys.boot_completed
physical-device-ui-proof	Run physical Android emulator journey	2026-09-07T21:49:28.6298665Z 1
physical-device-ui-proof	Run physical Android emulator journey	2026-09-07T21:49:28.6314891Z Emulator booted.
physical-device-ui-proof	Run physical Android emulator journey	2026-09-07T21:49:28.6352917Z [command]/usr/local/lib/android/sdk/platform-tools/adb -s emulator-5554 shell input keyevent 82
physical-device-ui-proof	Run physical Android emulator journey	2026-09-07T21:49:35.6640798Z ##[endgroup]
physical-device-ui-proof	Run physical Android emulator journey	2026-09-07T21:49:35.6711617Z [command]/usr/bin/sh -c mkdir -p artifacts/intent-shell-device
physical-device-ui-proof	Run physical Android emulator journey	2026-09-07T21:49:35.6887110Z [command]/usr/bin/sh -c adb install -r android/app/build/outputs/apk/release/app-release.apk
physical-device-ui-proof	Run physical Android emulator journey	2026-09-07T21:49:40.3237529Z Performing Streamed Install
physical-device-ui-proof	Run physical Android emulator journey	2026-09-07T21:49:40.3238551Z Success
physical-device-ui-proof	Run physical Android emulator journey	2026-09-07T21:49:40.3291887Z [command]/usr/bin/sh -c adb shell settings put system pointer_location 0 || true
physical-device-ui-proof	Run physical Android emulator journey	2026-09-07T21:49:40.3919065Z [command]/usr/bin/sh -c bash scripts/intent_shell_run_journey.sh
physical-device-ui-proof	Run physical Android emulator journey	2026-09-07T21:50:53.9852169Z ERROR        | Failed to find ColorBuffer: 134
physical-device-ui-proof	Run physical Android emulator journey	2026-09-07T21:52:33.1620872Z ERROR        | Failed to find ColorBuffer: 158
physical-device-ui-proof	Run physical Android emulator journey	2026-09-07T21:56:29.5895081Z ERROR        | Failed to find ColorBuffer: 244
physical-device-ui-proof	Run physical Android emulator journey	2026-09-07T21:59:04.6945766Z ERROR        | Failed to find ColorBuffer: 258
physical-device-ui-proof	Run physical Android emulator journey	2026-09-07T22:00:10.0788083Z RECOVERED known_system_anr via Wait
physical-device-ui-proof	Run physical Android emulator journey	2026-09-07T22:00:10.0789251Z APP_START returncode=0 stdout=Starting: Intent { cmp=rs.uskoci.n04proof/.MainActivity }
physical-device-ui-proof	Run physical Android emulator journey	2026-09-07T22:00:10.0790106Z Status: ok
physical-device-ui-proof	Run physical Android emulator journey	2026-09-07T22:00:10.0790527Z LaunchState: COLD
physical-device-ui-proof	Run physical Android emulator journey	2026-09-07T22:00:10.0791073Z Activity: rs.uskoci.n04proof/.MainActivity
physical-device-ui-proof	Run physical Android emulator journey	2026-09-07T22:00:10.0791827Z TotalTime: 1737
physical-device-ui-proof	Run physical Android emulator journey	2026-09-07T22:00:10.0792211Z WaitTime: 1759
physical-device-ui-proof	Run physical Android emulator journey	2026-09-07T22:00:10.0792594Z Complete
physical-device-ui-proof	Run physical Android emulator journey	2026-09-07T22:00:10.0793232Z  stderr=
physical-device-ui-proof	Run physical Android emulator journey	2026-09-07T22:00:10.0793766Z CHECKPOINT SIGNED_OUT_AUTH_NO_PRIVATE_TABS
physical-device-ui-proof	Run physical Android emulator journey	2026-09-07T22:00:10.0794657Z CHECKPOINT AUTH_SHEET_OPEN attempt=1
physical-device-ui-proof	Run physical Android emulator journey	2026-09-07T22:00:10.0795304Z CHECKPOINT UI_TEXT_ENTERED field=0 attempt=1
physical-device-ui-proof	Run physical Android emulator journey	2026-09-07T22:00:10.0795952Z CHECKPOINT UI_TEXT_ENTERED field=1 attempt=1
physical-device-ui-proof	Run physical Android emulator journey	2026-09-07T22:00:10.0796559Z EVIDENCE INBOX_requester_one_event
physical-device-ui-proof	Run physical Android emulator journey	2026-09-07T22:00:10.0797105Z EVIDENCE INBOX_role_empty
physical-device-ui-proof	Run physical Android emulator journey	2026-09-07T22:00:10.0797624Z EVIDENCE INBOX_requester_read_all
physical-device-ui-proof	Run physical Android emulator journey	2026-09-07T22:00:10.0798127Z EVIDENCE INBOX_bell_zero
physical-device-ui-proof	Run physical Android emulator journey	2026-09-07T22:00:10.0799033Z APP_START returncode=0 stdout=Starting: Intent { cmp=rs.uskoci.n04proof/.MainActivity }
physical-device-ui-proof	Run physical Android emulator journey	2026-09-07T22:00:10.0799852Z Status: ok
physical-device-ui-proof	Run physical Android emulator journey	2026-09-07T22:00:10.0800289Z LaunchState: COLD
physical-device-ui-proof	Run physical Android emulator journey	2026-09-07T22:00:10.0800873Z Activity: rs.uskoci.n04proof/.MainActivity
physical-device-ui-proof	Run physical Android emulator journey	2026-09-07T22:00:10.0801675Z TotalTime: 1936
physical-device-ui-proof	Run physical Android emulator journey	2026-09-07T22:00:10.0802112Z WaitTime: 1938
physical-device-ui-proof	Run physical Android emulator journey	2026-09-07T22:00:10.0802517Z Complete
physical-device-ui-proof	Run physical Android emulator journey	2026-09-07T22:00:10.0802880Z  stderr=
physical-device-ui-proof	Run physical Android emulator journey	2026-09-07T22:00:10.0803408Z CHECKPOINT SIGNED_OUT_AUTH_NO_PRIVATE_TABS
physical-device-ui-proof	Run physical Android emulator journey	2026-09-07T22:00:10.0804126Z CHECKPOINT AUTH_SHEET_OPEN attempt=1
physical-device-ui-proof	Run physical Android emulator journey	2026-09-07T22:00:10.0805239Z CHECKPOINT UI_TEXT_ENTERED field=0 attempt=1
physical-device-ui-proof	Run physical Android emulator journey	2026-09-07T22:00:10.0806003Z CHECKPOINT UI_TEXT_ENTERED field=1 attempt=1
physical-device-ui-proof	Run physical Android emulator journey	2026-09-07T22:00:10.0806715Z EVIDENCE INBOX_worker_selection_unread
physical-device-ui-proof	Run physical Android emulator journey	2026-09-07T22:00:10.0807435Z EVIDENCE INBOX_selection_opens_real_agreement
physical-device-ui-proof	Run physical Android emulator journey	2026-09-07T22:00:10.0808161Z EVIDENCE INBOX_selection_read_confirmed
physical-device-ui-proof	Run physical Android emulator journey	2026-09-07T22:00:10.0808824Z EVIDENCE INBOX_next_page_available
physical-device-ui-proof	Run physical Android emulator journey	2026-09-07T22:00:10.0809464Z EVIDENCE INBOX_second_page_loaded
physical-device-ui-proof	Run physical Android emulator journey	2026-09-07T22:00:10.0810096Z EVIDENCE INBOX_worker_read_all
physical-device-ui-proof	Run physical Android emulator journey	2026-09-07T22:00:10.0812945Z CHECKPOINT GATES_UNCHANGED {'publication_policy_bundles': '0', 'publication_decisions': '0', 'preselection_questions': '0', 'preselection_answers': '0', 'preselection_policy': '0', 'preselection_materiality': '0', 'preselection_commands': '0', 'fastest_needs': '0', 'autofill_selections': '0'}
physical-device-ui-proof	Run physical Android emulator journey	2026-09-07T22:00:10.0815961Z PASS N04_PHYSICAL_INBOX two_real_auth event_read role_empty pagination bell agreement_target no_push
physical-device-ui-proof	Run physical Android emulator journey	2026-09-07T22:00:10.0817381Z PASS NAV_LOCAL_FIXTURE extra_open_need original_N04_fixture_preserved production_not_touched
physical-device-ui-proof	Run physical Android emulator journey	2026-09-07T22:00:10.0818347Z START PHYSICAL_INTENT_SHELL_JOURNEY
physical-device-ui-proof	Run physical Android emulator journey	2026-09-07T22:00:10.0819320Z APP_START returncode=0 stdout=Starting: Intent { cmp=rs.uskoci.n04proof/.MainActivity }
physical-device-ui-proof	Run physical Android emulator journey	2026-09-07T22:00:10.0820115Z Status: ok
physical-device-ui-proof	Run physical Android emulator journey	2026-09-07T22:00:10.0820494Z LaunchState: COLD
physical-device-ui-proof	Run physical Android emulator journey	2026-09-07T22:00:10.0821020Z Activity: rs.uskoci.n04proof/.MainActivity
physical-device-ui-proof	Run physical Android emulator journey	2026-09-07T22:00:10.0822493Z TotalTime: 2580
physical-device-ui-proof	Run physical Android emulator journey	2026-09-07T22:00:10.0822893Z WaitTime: 2589
physical-device-ui-proof	Run physical Android emulator journey	2026-09-07T22:00:10.0823256Z Complete
physical-device-ui-proof	Run physical Android emulator journey	2026-09-07T22:00:10.0823589Z  stderr=
physical-device-ui-proof	Run physical Android emulator journey	2026-09-07T22:00:10.0824027Z CHECKPOINT SIGNED_OUT_AUTH_NO_PRIVATE_TABS
physical-device-ui-proof	Run physical Android emulator journey	2026-09-07T22:00:10.0824550Z EVIDENCE ENTRY_welcome
physical-device-ui-proof	Run physical Android emulator journey	2026-09-07T22:00:10.0825068Z CHECKPOINT AUTH_SHEET_OPEN attempt=1
physical-device-ui-proof	Run physical Android emulator journey	2026-09-07T22:00:10.0825532Z EVIDENCE ENTRY_login
physical-device-ui-proof	Run physical Android emulator journey	2026-09-07T22:00:10.0825953Z EVIDENCE ENTRY_empty_error
physical-device-ui-proof	Run physical Android emulator journey	2026-09-07T22:00:10.0826422Z EVIDENCE ENTRY_recovery_gated
physical-device-ui-proof	Run physical Android emulator journey	2026-09-07T22:00:10.0826888Z EVIDENCE ENTRY_registration
physical-device-ui-proof	Run physical Android emulator journey	2026-09-07T22:00:10.0827390Z EVIDENCE ENTRY_back_to_welcome
physical-device-ui-proof	Run physical Android emulator journey	2026-09-07T22:00:10.0828599Z APP_START returncode=0 stdout=Starting: Intent { cmp=rs.uskoci.n04proof/.MainActivity }
physical-device-ui-proof	Run physical Android emulator journey	2026-09-07T22:00:10.0829207Z Status: ok
physical-device-ui-proof	Run physical Android emulator journey	2026-09-07T22:00:10.0829451Z LaunchState: COLD
physical-device-ui-proof	Run physical Android emulator journey	2026-09-07T22:00:10.0829765Z Activity: rs.uskoci.n04proof/.MainActivity
physical-device-ui-proof	Run physical Android emulator journey	2026-09-07T22:00:10.0830148Z TotalTime: 1416
physical-device-ui-proof	Run physical Android emulator journey	2026-09-07T22:00:10.0830372Z WaitTime: 1418
physical-device-ui-proof	Run physical Android emulator journey	2026-09-07T22:00:10.0830583Z Complete
physical-device-ui-proof	Run physical Android emulator journey	2026-09-07T22:00:10.0830784Z  stderr=
physical-device-ui-proof	Run physical Android emulator journey	2026-09-07T22:00:10.0831057Z CHECKPOINT SIGNED_OUT_AUTH_NO_PRIVATE_TABS
physical-device-ui-proof	Run physical Android emulator journey	2026-09-07T22:00:10.0831716Z EVIDENCE ENTRY_reduced_motion_welcome
physical-device-ui-proof	Run physical Android emulator journey	2026-09-07T22:00:10.0832434Z PASS SPOJ_ENTRY_PHYSICAL welcome login empty_error recovery_gated registration back os_reduced_motion_welcome_reachable
physical-device-ui-proof	Run physical Android emulator journey	2026-09-07T22:00:10.0833284Z APP_START returncode=0 stdout=Starting: Intent { cmp=rs.uskoci.n04proof/.MainActivity }
physical-device-ui-proof	Run physical Android emulator journey	2026-09-07T22:00:10.0833737Z Status: ok
physical-device-ui-proof	Run physical Android emulator journey	2026-09-07T22:00:10.0834083Z LaunchState: COLD
physical-device-ui-proof	Run physical Android emulator journey	2026-09-07T22:00:10.0834396Z Activity: rs.uskoci.n04proof/.MainActivity
physical-device-ui-proof	Run physical Android emulator journey	2026-09-07T22:00:10.0834749Z TotalTime: 1737
physical-device-ui-proof	Run physical Android emulator journey	2026-09-07T22:00:10.0835127Z WaitTime: 1744
physical-device-ui-proof	Run physical Android emulator journey	2026-09-07T22:00:10.0835481Z Complete
physical-device-ui-proof	Run physical Android emulator journey	2026-09-07T22:00:10.0835835Z  stderr=
physical-device-ui-proof	Run physical Android emulator journey	2026-09-07T22:00:10.0836330Z CHECKPOINT SIGNED_OUT_AUTH_NO_PRIVATE_TABS
physical-device-ui-proof	Run physical Android emulator journey	2026-09-07T22:00:10.0836987Z CHECKPOINT AUTH_SHEET_OPEN attempt=1
physical-device-ui-proof	Run physical Android emulator journey	2026-09-07T22:00:10.0837598Z CHECKPOINT UI_TEXT_ENTERED field=0 attempt=1
physical-device-ui-proof	Run physical Android emulator journey	2026-09-07T22:00:10.0838250Z CHECKPOINT UI_TEXT_ENTERED field=1 attempt=1
physical-device-ui-proof	Run physical Android emulator journey	2026-09-07T22:00:10.0839204Z CHECKPOINT THREE_ZONES intent=requester labels=('Zadaci', 'Novi Zadatak', 'Dogovori')
physical-device-ui-proof	Run physical Android emulator journey	2026-09-07T22:00:10.0840050Z EVIDENCE NAV_requester_tasks
physical-device-ui-proof	Run physical Android emulator journey	2026-09-07T22:00:10.0841209Z CHECKPOINT LOCAL_AI_CONVERSATION_OPEN account=006a4e7e-3b59-4109-a38c-e3d3faaa8df6 before=0 after=1 no_message_no_publication
physical-device-ui-proof	Run physical Android emulator journey	2026-09-07T22:00:10.0842388Z EVIDENCE NAV_requester_new_task
physical-device-ui-proof	Run physical Android emulator journey	2026-09-07T22:00:10.0842925Z CHECKPOINT THREE_ZONES intent=requester labels=('Zadaci', 'Novi Zadatak', 'Dogovori')
physical-device-ui-proof	Run physical Android emulator journey	2026-09-07T22:00:10.0843611Z CHECKPOINT THREE_ZONES intent=requester labels=('Zadaci', 'Novi Zadatak', 'Dogovori')
physical-device-ui-proof	Run physical Android emulator journey	2026-09-07T22:00:10.0845211Z CHECKPOINT AGREEMENT_METADATA_VISIBLE intent=requester full_schedule full_amount within_card_and_screen bounds={'title': (87, 441, 790, 499), 'schedule': (142, 616, 311, 664), 'amount': (764, 616, 931, 664)}
physical-device-ui-proof	Run physical Android emulator journey	2026-09-07T22:00:10.0846095Z EVIDENCE NAV_requester_agreements
physical-device-ui-proof	Run physical Android emulator journey	2026-09-07T22:00:10.0846762Z CHECKPOINT OWN_PROFILE account=006a4e7e-3b59-4109-a38c-e3d3faaa8df6 kind=REQUESTER actual_name_city no_dummy_trust
physical-device-ui-proof	Run physical Android emulator journey	2026-09-07T22:00:10.0847656Z EVIDENCE NAV_requester_profile
physical-device-ui-proof	Run physical Android emulator journey	2026-09-07T22:00:10.0848575Z CHECKPOINT THREE_ZONES intent=requester labels=('Zadaci', 'Novi Zadatak', 'Dogovori')
physical-device-ui-proof	Run physical Android emulator journey	2026-09-07T22:00:10.0849748Z EVIDENCE NAV_profile_back
physical-device-ui-proof	Run physical Android emulator journey	2026-09-07T22:00:10.0850197Z EVIDENCE NAV_inbox
physical-device-ui-proof	Run physical Android emulator journey	2026-09-07T22:00:10.0851036Z CHECKPOINT THREE_ZONES intent=requester labels=('Zadaci', 'Novi Zadatak', 'Dogovori')
physical-device-ui-proof	Run physical Android emulator journey	2026-09-07T22:00:10.0852114Z EVIDENCE NAV_inbox_back
physical-device-ui-proof	Run physical Android emulator journey	2026-09-07T22:00:10.0852827Z CHECKPOINT THREE_ZONES intent=worker labels=('Prijave', 'Zadaci', 'Dogovori')
physical-device-ui-proof	Run physical Android emulator journey	2026-09-07T22:00:10.0853684Z EVIDENCE NAV_same_account_worker_discovery
physical-device-ui-proof	Run physical Android emulator journey	2026-09-07T22:00:10.0854966Z CHECKPOINT OWN_PROFILE account=006a4e7e-3b59-4109-a38c-e3d3faaa8df6 kind=WORKER actual_name_city no_dummy_trust
physical-device-ui-proof	Run physical Android emulator journey	2026-09-07T22:00:10.0856111Z EVIDENCE NAV_same_account_worker_profile
physical-device-ui-proof	Run physical Android emulator journey	2026-09-07T22:00:10.0856819Z CHECKPOINT SIGNED_OUT_AUTH_NO_PRIVATE_TABS
physical-device-ui-proof	Run physical Android emulator journey	2026-09-07T22:00:10.0857455Z EVIDENCE NAV_signed_out
physical-device-ui-proof	Run physical Android emulator journey	2026-09-07T22:00:10.0858065Z CHECKPOINT SIGNED_OUT_AUTH_NO_PRIVATE_TABS
physical-device-ui-proof	Run physical Android emulator journey	2026-09-07T22:00:10.0858779Z CHECKPOINT UI_TEXT_ENTERED field=0 attempt=1
physical-device-ui-proof	Run physical Android emulator journey	2026-09-07T22:00:10.0859510Z CHECKPOINT UI_TEXT_ENTERED field=1 attempt=1
physical-device-ui-proof	Run physical Android emulator journey	2026-09-07T22:00:10.0860406Z CHECKPOINT THREE_ZONES intent=requester labels=('Zadaci', 'Novi Zadatak', 'Dogovori')
physical-device-ui-proof	Run physical Android emulator journey	2026-09-07T22:00:10.0860945Z EVIDENCE NAV_second_account_requester_empty
physical-device-ui-proof	Run physical Android emulator journey	2026-09-07T22:00:10.0861977Z CHECKPOINT OWN_PROFILE account=ffb7436c-aa44-4c91-9624-66b012cfe072 kind=REQUESTER actual_name_city no_dummy_trust
physical-device-ui-proof	Run physical Android emulator journey	2026-09-07T22:00:10.0863069Z EVIDENCE NAV_second_account_profile
physical-device-ui-proof	Run physical Android emulator journey	2026-09-07T22:00:10.0863704Z CHECKPOINT THREE_ZONES intent=worker labels=('Prijave', 'Zadaci', 'Dogovori')
physical-device-ui-proof	Run physical Android emulator journey	2026-09-07T22:00:10.0864209Z EVIDENCE NAV_second_account_worker_discovery
physical-device-ui-proof	Run physical Android emulator journey	2026-09-07T22:00:10.0864543Z EVIDENCE NAV_task_detail
physical-device-ui-proof	Run physical Android emulator journey	2026-09-07T22:00:10.0865007Z CHECKPOINT THREE_ZONES intent=worker labels=('Prijave', 'Zadaci', 'Dogovori')
physical-device-ui-proof	Run physical Android emulator journey	2026-09-07T22:00:10.0865653Z EVIDENCE NAV_task_detail_back
physical-device-ui-proof	Run physical Android emulator journey	2026-09-07T22:00:10.0866148Z CHECKPOINT THREE_ZONES intent=worker labels=('Prijave', 'Zadaci', 'Dogovori')
physical-device-ui-proof	Run physical Android emulator journey	2026-09-07T22:00:10.0866615Z EVIDENCE NAV_worker_applications
physical-device-ui-proof	Run physical Android emulator journey	2026-09-07T22:00:10.0867101Z CHECKPOINT THREE_ZONES intent=worker labels=('Prijave', 'Zadaci', 'Dogovori')
physical-device-ui-proof	Run physical Android emulator journey	2026-09-07T22:00:10.0868261Z CHECKPOINT AGREEMENT_METADATA_VISIBLE intent=worker full_schedule full_amount within_card_and_screen bounds={'title': (87, 441, 790, 499), 'schedule': (142, 664, 311, 712), 'amount': (764, 664, 931, 712)}
physical-device-ui-proof	Run physical Android emulator journey	2026-09-07T22:00:10.0869104Z EVIDENCE NAV_worker_agreements
physical-device-ui-proof	Run physical Android emulator journey	2026-09-07T22:00:10.0870483Z CHECKPOINT GATES_UNCHANGED {'publication_policy_bundles': '0', 'publication_decisions': '0', 'preselection_questions': '0', 'preselection_answers': '0', 'preselection_policy': '0', 'preselection_materiality': '0', 'preselection_commands': '0', 'fastest_needs': '0', 'autofill_selections': '0'}
physical-device-ui-proof	Run physical Android emulator journey	2026-09-07T22:00:10.0873487Z PASS PHYSICAL_INTENT_SHELL two_intents three_zones real_profiles inbox_back detail_back ui_logout different_account_no_clear no_fake_map no_application_selection_mutation no_push
physical-device-ui-proof	Run physical Android emulator journey	2026-09-07T22:00:10.0875168Z ##[group]Terminate Emulator
physical-device-ui-proof	Run physical Android emulator journey	2026-09-07T22:00:10.0875897Z [command]/usr/local/lib/android/sdk/platform-tools/adb -s emulator-5554 emu kill
physical-device-ui-proof	Run physical Android emulator journey	2026-09-07T22:00:10.0876408Z OK: killing emulator, bye bye
physical-device-ui-proof	Run physical Android emulator journey	2026-09-07T22:00:10.0876681Z OK
physical-device-ui-proof	Run physical Android emulator journey	2026-09-07T22:00:10.0877698Z INFO         | Wait for emulator (pid 31144) 20 seconds to shutdown gracefully before kill;you can set environment variable ANDROID_EMULATOR_WAIT_TIME_BEFORE_KILL(in seconds) to change the default value (20 seconds)
physical-device-ui-proof	Run physical Android emulator journey	2026-09-07T22:00:10.0878679Z
physical-device-ui-proof	Run physical Android emulator journey	2026-09-07T22:00:10.0878940Z ##[endgroup]
physical-device-ui-proof	Run physical Android emulator journey	2026-09-07T22:00:10.1097333Z USER_INFO    | Snapshots have been disabled by the user, save request is ignored.
physical-device-ui-proof	Run physical Android emulator journey	2026-09-07T22:00:10.1098813Z INFO         | Saving snapshot 'default_boot' using 0 ms
physical-device-ui-proof	Run physical Android emulator journey	2026-09-07T22:00:11.0685327Z ERROR        | stop: Not implemented
physical-device-ui-proof	Run physical Android emulator journey	2026-09-07T22:00:11.0686482Z WARNING      | Emulator client has not yet been configured.. Call configure me first!
physical-device-ui-proof	Run physical Android emulator journey	2026-09-07T22:00:11.0836633Z INFO         | removeAll
physical-device-ui-proof	Run physical Android emulator journey	2026-09-07T22:00:11.1346162Z WARNING      | Netsim Wifi dns:///localhost:37551 is gone due to Stream removed (CANCELLED)
physical-device-ui-proof	Validate physical Inbox evidence chain	﻿2026-09-07T22:00:11.6629417Z ##[group]Run grep -F 'PASS N04_PHYSICAL_INBOX' artifacts/intent-shell-device/proof.log
physical-device-ui-proof	Validate physical Inbox evidence chain	2026-09-07T22:00:11.6630264Z ^[[36;1mgrep -F 'PASS N04_PHYSICAL_INBOX' artifacts/intent-shell-device/proof.log^[[0m
physical-device-ui-proof	Validate physical Inbox evidence chain	2026-09-07T22:00:11.6630848Z ^[[36;1mgrep -F 'CHECKPOINT GATES_UNCHANGED' artifacts/intent-shell-device/proof.log^[[0m
physical-device-ui-proof	Validate physical Inbox evidence chain	2026-09-07T22:00:11.6632561Z ^[[36;1mfor checkpoint in INBOX_requester_one_event INBOX_role_empty INBOX_requester_read_all INBOX_bell_zero INBOX_worker_selection_unread INBOX_selection_opens_real_agreement INBOX_selection_read_confirmed INBOX_next_page_available INBOX_second_page_loaded INBOX_worker_read_all; do^[[0m
physical-device-ui-proof	Validate physical Inbox evidence chain	2026-09-07T22:00:11.6633795Z ^[[36;1m  test -s "artifacts/intent-shell-device/${checkpoint}.png"^[[0m
physical-device-ui-proof	Validate physical Inbox evidence chain	2026-09-07T22:00:11.6634247Z ^[[36;1m  test -s "artifacts/intent-shell-device/${checkpoint}.xml"^[[0m
physical-device-ui-proof	Validate physical Inbox evidence chain	2026-09-07T22:00:11.6634608Z ^[[36;1mdone^[[0m
physical-device-ui-proof	Validate physical Inbox evidence chain	2026-09-07T22:00:11.6672066Z shell: /usr/bin/bash -e {0}
physical-device-ui-proof	Validate physical Inbox evidence chain	2026-09-07T22:00:11.6672340Z env:
physical-device-ui-proof	Validate physical Inbox evidence chain	2026-09-07T22:00:11.6672537Z   CI: 1
physical-device-ui-proof	Validate physical Inbox evidence chain	2026-09-07T22:00:11.6672795Z   SUPABASE_TELEMETRY_DISABLED: 1
physical-device-ui-proof	Validate physical Inbox evidence chain	2026-09-07T22:00:11.6673061Z   DO_NOT_TRACK: 1
physical-device-ui-proof	Validate physical Inbox evidence chain	2026-09-07T22:00:11.6673312Z   RU5_DEVICE_PACKAGE: rs.uskoci.n04proof
physical-device-ui-proof	Validate physical Inbox evidence chain	2026-09-07T22:00:11.6673670Z   RU5_DEVICE_ARTIFACT_DIR: artifacts/intent-shell-device
physical-device-ui-proof	Validate physical Inbox evidence chain	2026-09-07T22:00:11.6674013Z   RU5_ENTRY_PROOF: 1
physical-device-ui-proof	Validate physical Inbox evidence chain	2026-09-07T22:00:11.6674271Z   SUPABASE_INTERNAL_IMAGE_REGISTRY: ghcr.io
physical-device-ui-proof	Validate physical Inbox evidence chain	2026-09-07T22:00:11.6674681Z   JAVA_HOME: /opt/hostedtoolcache/Java_Temurin-Hotspot_jdk/17.0.20-1/x64
physical-device-ui-proof	Validate physical Inbox evidence chain	2026-09-07T22:00:11.6675190Z   JAVA_HOME_17_X64: /opt/hostedtoolcache/Java_Temurin-Hotspot_jdk/17.0.20-1/x64
physical-device-ui-proof	Validate physical Inbox evidence chain	2026-09-07T22:00:11.6675595Z   MAVEN_ARGS: -ntp
physical-device-ui-proof	Validate physical Inbox evidence chain	2026-09-07T22:00:11.6675852Z   RU5_DEVICE_PROOF_DIR: /tmp/uskoci-ru5-device-ui
physical-device-ui-proof	Validate physical Inbox evidence chain	2026-09-07T22:00:11.6676388Z   RU5_DEVICE_DB_URL: ***127.0.0.1:54322/postgres
physical-device-ui-proof	Validate physical Inbox evidence chain	2026-09-07T22:00:11.6676761Z   RU5_DEVICE_SUPABASE_URL: http://127.0.0.1:54321
physical-device-ui-proof	Validate physical Inbox evidence chain	2026-09-07T22:00:11.6677774Z   RU5_DEVICE_ANON_KEY: ***
physical-device-ui-proof	Validate physical Inbox evidence chain	2026-09-07T22:00:11.6678807Z   RU5_DEVICE_SERVICE_ROLE_KEY: ***
physical-device-ui-proof	Validate physical Inbox evidence chain	2026-09-07T22:00:11.6679314Z   RU5_DEVICE_REQUESTER_EMAIL: ru5-device-requester-9eb953a1-b2bb-44fc-b0ec-01410619fc5e@proof.invalid
physical-device-ui-proof	Validate physical Inbox evidence chain	2026-09-07T22:00:11.6680036Z   RU5_DEVICE_WORKER_EMAIL: ru5-device-worker-9eb953a1-b2bb-44fc-b0ec-01410619fc5e@proof.invalid
physical-device-ui-proof	Validate physical Inbox evidence chain	2026-09-07T22:00:11.6680618Z   RU5_DEVICE_PASSWORD: ***
physical-device-ui-proof	Validate physical Inbox evidence chain	2026-09-07T22:00:11.6680915Z   RU5_DEVICE_NEED_ID: f15b1dbd-e043-4b43-8909-e1060e3a4c9c
physical-device-ui-proof	Validate physical Inbox evidence chain	2026-09-07T22:00:11.6681517Z   RU5_DEVICE_NEED_TITLE: RU5 device journey 9eb953a1
physical-device-ui-proof	Validate physical Inbox evidence chain	2026-09-07T22:00:11.6681948Z   RU5_DEVICE_REQUESTER_USER_ID: 006a4e7e-3b59-4109-a38c-e3d3faaa8df6
physical-device-ui-proof	Validate physical Inbox evidence chain	2026-09-07T22:00:11.6682397Z   RU5_DEVICE_WORKER_USER_ID: ffb7436c-aa44-4c91-9624-66b012cfe072
physical-device-ui-proof	Validate physical Inbox evidence chain	2026-09-07T22:00:11.6682804Z   N04_AGREEMENT_ID: dc7403b1-d1e8-45dc-937a-6cb8ce11d100
physical-device-ui-proof	Validate physical Inbox evidence chain	2026-09-07T22:00:11.6683169Z   EXPO_PUBLIC_SUPABASE_URL: http://10.0.2.2:54321
physical-device-ui-proof	Validate physical Inbox evidence chain	2026-09-07T22:00:11.6684220Z   EXPO_PUBLIC_SUPABASE_ANON_KEY: ***
physical-device-ui-proof	Validate physical Inbox evidence chain	2026-09-07T22:00:11.6684511Z   EXPO_PUBLIC_USE_FAKE_SOURCE: 0
physical-device-ui-proof	Validate physical Inbox evidence chain	2026-09-07T22:00:11.6684800Z   ANDROID_AVD_HOME: /home/runner/.android/avd
physical-device-ui-proof	Validate physical Inbox evidence chain	2026-09-07T22:00:11.6685107Z ##[endgroup]
physical-device-ui-proof	Validate physical Inbox evidence chain	2026-09-07T22:00:11.6758706Z PASS N04_PHYSICAL_INBOX two_real_auth event_read role_empty pagination bell agreement_target no_push
physical-device-ui-proof	Validate physical Inbox evidence chain	2026-09-07T22:00:11.6772611Z CHECKPOINT GATES_UNCHANGED {'publication_policy_bundles': '0', 'publication_decisions': '0', 'preselection_questions': '0', 'preselection_answers': '0', 'preselection_policy': '0', 'preselection_materiality': '0', 'preselection_commands': '0', 'fastest_needs': '0', 'autofill_selections': '0'}
physical-device-ui-proof	Validate physical Inbox evidence chain	2026-09-07T22:00:11.6777060Z CHECKPOINT GATES_UNCHANGED {'publication_policy_bundles': '0', 'publication_decisions': '0', 'preselection_questions': '0', 'preselection_answers': '0', 'preselection_policy': '0', 'preselection_materiality': '0', 'preselection_commands': '0', 'fastest_needs': '0', 'autofill_selections': '0'}
physical-device-ui-proof	Validate physical three-zone navigation evidence	﻿2026-09-07T22:00:11.6813235Z ##[group]Run grep -F 'PASS PHYSICAL_INTENT_SHELL' artifacts/intent-shell-device/proof.log
physical-device-ui-proof	Validate physical three-zone navigation evidence	2026-09-07T22:00:11.6813924Z ^[[36;1mgrep -F 'PASS PHYSICAL_INTENT_SHELL' artifacts/intent-shell-device/proof.log^[[0m
physical-device-ui-proof	Validate physical three-zone navigation evidence	2026-09-07T22:00:11.6814648Z ^[[36;1mgrep -F 'PASS NAV_LOCAL_FIXTURE' artifacts/intent-shell-device/proof.log^[[0m
physical-device-ui-proof	Validate physical three-zone navigation evidence	2026-09-07T22:00:11.6816338Z ^[[36;1mfor checkpoint in NAV_requester_tasks NAV_requester_new_task NAV_requester_agreements NAV_requester_profile NAV_profile_back NAV_inbox NAV_inbox_back NAV_same_account_worker_discovery NAV_same_account_worker_profile NAV_signed_out NAV_second_account_requester_empty NAV_second_account_profile NAV_second_account_worker_discovery NAV_task_detail NAV_task_detail_back NAV_worker_applications NAV_worker_agreements; do^[[0m
physical-device-ui-proof	Validate physical three-zone navigation evidence	2026-09-07T22:00:11.6817993Z ^[[36;1m  test -s "artifacts/intent-shell-device/${checkpoint}.png"^[[0m
physical-device-ui-proof	Validate physical three-zone navigation evidence	2026-09-07T22:00:11.6818448Z ^[[36;1m  test -s "artifacts/intent-shell-device/${checkpoint}.xml"^[[0m
physical-device-ui-proof	Validate physical three-zone navigation evidence	2026-09-07T22:00:11.6818798Z ^[[36;1mdone^[[0m
physical-device-ui-proof	Validate physical three-zone navigation evidence	2026-09-07T22:00:11.6819040Z ^[[36;1mnode <<'NODE'^[[0m
physical-device-ui-proof	Validate physical three-zone navigation evidence	2026-09-07T22:00:11.6819323Z ^[[36;1mconst assert = require('node:assert/strict');^[[0m
physical-device-ui-proof	Validate physical three-zone navigation evidence	2026-09-07T22:00:11.6819667Z ^[[36;1mconst fs = require('node:fs');^[[0m
physical-device-ui-proof	Validate physical three-zone navigation evidence	2026-09-07T22:00:11.6820229Z ^[[36;1mconst fixture = JSON.parse(fs.readFileSync('artifacts/intent-shell-device/navigation-fixture.json', 'utf8'));^[[0m
physical-device-ui-proof	Validate physical three-zone navigation evidence	2026-09-07T22:00:11.6820884Z ^[[36;1massert.equal(fixture.sourceSha, process.env.GITHUB_SHA);^[[0m
physical-device-ui-proof	Validate physical three-zone navigation evidence	2026-09-07T22:00:11.6821629Z ^[[36;1massert.equal(fixture.localOnly, true);^[[0m
physical-device-ui-proof	Validate physical three-zone navigation evidence	2026-09-07T22:00:11.6822214Z ^[[36;1massert.equal(fixture.publicationProof, false);^[[0m
physical-device-ui-proof	Validate physical three-zone navigation evidence	2026-09-07T22:00:11.6822551Z ^[[36;1mNODE^[[0m
physical-device-ui-proof	Validate physical three-zone navigation evidence	2026-09-07T22:00:11.6856799Z shell: /usr/bin/bash -e {0}
physical-device-ui-proof	Validate physical three-zone navigation evidence	2026-09-07T22:00:11.6857072Z env:
physical-device-ui-proof	Validate physical three-zone navigation evidence	2026-09-07T22:00:11.6857270Z   CI: 1
physical-device-ui-proof	Validate physical three-zone navigation evidence	2026-09-07T22:00:11.6857482Z   SUPABASE_TELEMETRY_DISABLED: 1
physical-device-ui-proof	Validate physical three-zone navigation evidence	2026-09-07T22:00:11.6857744Z   DO_NOT_TRACK: 1
physical-device-ui-proof	Validate physical three-zone navigation evidence	2026-09-07T22:00:11.6857990Z   RU5_DEVICE_PACKAGE: rs.uskoci.n04proof
physical-device-ui-proof	Validate physical three-zone navigation evidence	2026-09-07T22:00:11.6858341Z   RU5_DEVICE_ARTIFACT_DIR: artifacts/intent-shell-device
physical-device-ui-proof	Validate physical three-zone navigation evidence	2026-09-07T22:00:11.6858678Z   RU5_ENTRY_PROOF: 1
physical-device-ui-proof	Validate physical three-zone navigation evidence	2026-09-07T22:00:11.6858933Z   SUPABASE_INTERNAL_IMAGE_REGISTRY: ghcr.io
physical-device-ui-proof	Validate physical three-zone navigation evidence	2026-09-07T22:00:11.6859346Z   JAVA_HOME: /opt/hostedtoolcache/Java_Temurin-Hotspot_jdk/17.0.20-1/x64
physical-device-ui-proof	Validate physical three-zone navigation evidence	2026-09-07T22:00:11.6859870Z   JAVA_HOME_17_X64: /opt/hostedtoolcache/Java_Temurin-Hotspot_jdk/17.0.20-1/x64
physical-device-ui-proof	Validate physical three-zone navigation evidence	2026-09-07T22:00:11.6860273Z   MAVEN_ARGS: -ntp
physical-device-ui-proof	Validate physical three-zone navigation evidence	2026-09-07T22:00:11.6860533Z   RU5_DEVICE_PROOF_DIR: /tmp/uskoci-ru5-device-ui
physical-device-ui-proof	Validate physical three-zone navigation evidence	2026-09-07T22:00:11.6861043Z   RU5_DEVICE_DB_URL: ***127.0.0.1:54322/postgres
physical-device-ui-proof	Validate physical three-zone navigation evidence	2026-09-07T22:00:11.6861733Z   RU5_DEVICE_SUPABASE_URL: http://127.0.0.1:54321
physical-device-ui-proof	Validate physical three-zone navigation evidence	2026-09-07T22:00:11.6862766Z   RU5_DEVICE_ANON_KEY: ***
physical-device-ui-proof	Validate physical three-zone navigation evidence	2026-09-07T22:00:11.6863814Z   RU5_DEVICE_SERVICE_ROLE_KEY: ***
physical-device-ui-proof	Validate physical three-zone navigation evidence	2026-09-07T22:00:11.6864319Z   RU5_DEVICE_REQUESTER_EMAIL: ru5-device-requester-9eb953a1-b2bb-44fc-b0ec-01410619fc5e@proof.invalid
physical-device-ui-proof	Validate physical three-zone navigation evidence	2026-09-07T22:00:11.6865033Z   RU5_DEVICE_WORKER_EMAIL: ru5-device-worker-9eb953a1-b2bb-44fc-b0ec-01410619fc5e@proof.invalid
physical-device-ui-proof	Validate physical three-zone navigation evidence	2026-09-07T22:00:11.6865618Z   RU5_DEVICE_PASSWORD: ***
physical-device-ui-proof	Validate physical three-zone navigation evidence	2026-09-07T22:00:11.6865918Z   RU5_DEVICE_NEED_ID: f15b1dbd-e043-4b43-8909-e1060e3a4c9c
physical-device-ui-proof	Validate physical three-zone navigation evidence	2026-09-07T22:00:11.6866282Z   RU5_DEVICE_NEED_TITLE: RU5 device journey 9eb953a1
physical-device-ui-proof	Validate physical three-zone navigation evidence	2026-09-07T22:00:11.6866682Z   RU5_DEVICE_REQUESTER_USER_ID: 006a4e7e-3b59-4109-a38c-e3d3faaa8df6
physical-device-ui-proof	Validate physical three-zone navigation evidence	2026-09-07T22:00:11.6867121Z   RU5_DEVICE_WORKER_USER_ID: ffb7436c-aa44-4c91-9624-66b012cfe072
physical-device-ui-proof	Validate physical three-zone navigation evidence	2026-09-07T22:00:11.6867514Z   N04_AGREEMENT_ID: dc7403b1-d1e8-45dc-937a-6cb8ce11d100
physical-device-ui-proof	Validate physical three-zone navigation evidence	2026-09-07T22:00:11.6867874Z   EXPO_PUBLIC_SUPABASE_URL: http://10.0.2.2:54321
physical-device-ui-proof	Validate physical three-zone navigation evidence	2026-09-07T22:00:11.6868917Z   EXPO_PUBLIC_SUPABASE_ANON_KEY: ***
physical-device-ui-proof	Validate physical three-zone navigation evidence	2026-09-07T22:00:11.6869205Z   EXPO_PUBLIC_USE_FAKE_SOURCE: 0
physical-device-ui-proof	Validate physical three-zone navigation evidence	2026-09-07T22:00:11.6869491Z   ANDROID_AVD_HOME: /home/runner/.android/avd
physical-device-ui-proof	Validate physical three-zone navigation evidence	2026-09-07T22:00:11.6869789Z ##[endgroup]
physical-device-ui-proof	Validate physical three-zone navigation evidence	2026-09-07T22:00:11.6938555Z PASS PHYSICAL_INTENT_SHELL two_intents three_zones real_profiles inbox_back detail_back ui_logout different_account_no_clear no_fake_map no_application_selection_mutation no_push
physical-device-ui-proof	Validate physical three-zone navigation evidence	2026-09-07T22:00:11.6950099Z PASS NAV_LOCAL_FIXTURE extra_open_need original_N04_fixture_preserved production_not_touched
physical-device-ui-proof	Validate SPOJ entry proof	﻿2026-09-07T22:00:11.7274879Z ##[group]Run grep -F 'PASS SPOJ_ENTRY_PHYSICAL' artifacts/intent-shell-device/proof.log
physical-device-ui-proof	Validate SPOJ entry proof	2026-09-07T22:00:11.7275701Z ^[[36;1mgrep -F 'PASS SPOJ_ENTRY_PHYSICAL' artifacts/intent-shell-device/proof.log^[[0m
physical-device-ui-proof	Validate SPOJ entry proof	2026-09-07T22:00:11.7276347Z ^[[36;1mtest -s artifacts/intent-shell-device/ENTRY_intro.mp4^[[0m
physical-device-ui-proof	Validate SPOJ entry proof	2026-09-07T22:00:11.7277314Z ^[[36;1mfor checkpoint in ENTRY_welcome ENTRY_login ENTRY_empty_error ENTRY_recovery_gated ENTRY_registration ENTRY_back_to_welcome ENTRY_reduced_motion_welcome; do^[[0m
physical-device-ui-proof	Validate SPOJ entry proof	2026-09-07T22:00:11.7278267Z ^[[36;1m  test -s "artifacts/intent-shell-device/${checkpoint}.png"^[[0m
physical-device-ui-proof	Validate SPOJ entry proof	2026-09-07T22:00:11.7278797Z ^[[36;1m  test -s "artifacts/intent-shell-device/${checkpoint}.xml"^[[0m
physical-device-ui-proof	Validate SPOJ entry proof	2026-09-07T22:00:11.7279374Z ^[[36;1mdone^[[0m
physical-device-ui-proof	Validate SPOJ entry proof	2026-09-07T22:00:11.7315689Z shell: /usr/bin/bash -e {0}
physical-device-ui-proof	Validate SPOJ entry proof	2026-09-07T22:00:11.7316089Z env:
physical-device-ui-proof	Validate SPOJ entry proof	2026-09-07T22:00:11.7316511Z   CI: 1
physical-device-ui-proof	Validate SPOJ entry proof	2026-09-07T22:00:11.7316813Z   SUPABASE_TELEMETRY_DISABLED: 1
physical-device-ui-proof	Validate SPOJ entry proof	2026-09-07T22:00:11.7317252Z   DO_NOT_TRACK: 1
physical-device-ui-proof	Validate SPOJ entry proof	2026-09-07T22:00:11.7317588Z   RU5_DEVICE_PACKAGE: rs.uskoci.n04proof
physical-device-ui-proof	Validate SPOJ entry proof	2026-09-07T22:00:11.7318223Z   RU5_DEVICE_ARTIFACT_DIR: artifacts/intent-shell-device
physical-device-ui-proof	Validate SPOJ entry proof	2026-09-07T22:00:11.7318656Z   RU5_ENTRY_PROOF: 1
physical-device-ui-proof	Validate SPOJ entry proof	2026-09-07T22:00:11.7319072Z   SUPABASE_INTERNAL_IMAGE_REGISTRY: ghcr.io
physical-device-ui-proof	Validate SPOJ entry proof	2026-09-07T22:00:11.7319598Z   JAVA_HOME: /opt/hostedtoolcache/Java_Temurin-Hotspot_jdk/17.0.20-1/x64
physical-device-ui-proof	Validate SPOJ entry proof	2026-09-07T22:00:11.7320196Z   JAVA_HOME_17_X64: /opt/hostedtoolcache/Java_Temurin-Hotspot_jdk/17.0.20-1/x64
physical-device-ui-proof	Validate SPOJ entry proof	2026-09-07T22:00:11.7320791Z   MAVEN_ARGS: -ntp
physical-device-ui-proof	Validate SPOJ entry proof	2026-09-07T22:00:11.7321142Z   RU5_DEVICE_PROOF_DIR: /tmp/uskoci-ru5-device-ui
physical-device-ui-proof	Validate SPOJ entry proof	2026-09-07T22:00:11.7322318Z   RU5_DEVICE_DB_URL: ***127.0.0.1:54322/postgres
physical-device-ui-proof	Validate SPOJ entry proof	2026-09-07T22:00:11.7322782Z   RU5_DEVICE_SUPABASE_URL: http://127.0.0.1:54321
physical-device-ui-proof	Validate SPOJ entry proof	2026-09-07T22:00:11.7323987Z   RU5_DEVICE_ANON_KEY: ***
physical-device-ui-proof	Validate SPOJ entry proof	2026-09-07T22:00:11.7325158Z   RU5_DEVICE_SERVICE_ROLE_KEY: ***
physical-device-ui-proof	Validate SPOJ entry proof	2026-09-07T22:00:11.7325781Z   RU5_DEVICE_REQUESTER_EMAIL: ru5-device-requester-9eb953a1-b2bb-44fc-b0ec-01410619fc5e@proof.invalid
physical-device-ui-proof	Validate SPOJ entry proof	2026-09-07T22:00:11.7326636Z   RU5_DEVICE_WORKER_EMAIL: ru5-device-worker-9eb953a1-b2bb-44fc-b0ec-01410619fc5e@proof.invalid
physical-device-ui-proof	Validate SPOJ entry proof	2026-09-07T22:00:11.7327394Z   RU5_DEVICE_PASSWORD: ***
physical-device-ui-proof	Validate SPOJ entry proof	2026-09-07T22:00:11.7327831Z   RU5_DEVICE_NEED_ID: f15b1dbd-e043-4b43-8909-e1060e3a4c9c
physical-device-ui-proof	Validate SPOJ entry proof	2026-09-07T22:00:11.7328303Z   RU5_DEVICE_NEED_TITLE: RU5 device journey 9eb953a1
physical-device-ui-proof	Validate SPOJ entry proof	2026-09-07T22:00:11.7328855Z   RU5_DEVICE_REQUESTER_USER_ID: 006a4e7e-3b59-4109-a38c-e3d3faaa8df6
physical-device-ui-proof	Validate SPOJ entry proof	2026-09-07T22:00:11.7329399Z   RU5_DEVICE_WORKER_USER_ID: ffb7436c-aa44-4c91-9624-66b012cfe072
physical-device-ui-proof	Validate SPOJ entry proof	2026-09-07T22:00:11.7329917Z   N04_AGREEMENT_ID: dc7403b1-d1e8-45dc-937a-6cb8ce11d100
physical-device-ui-proof	Validate SPOJ entry proof	2026-09-07T22:00:11.7330457Z   EXPO_PUBLIC_SUPABASE_URL: http://10.0.2.2:54321
physical-device-ui-proof	Validate SPOJ entry proof	2026-09-07T22:00:11.7331780Z   EXPO_PUBLIC_SUPABASE_ANON_KEY: ***
physical-device-ui-proof	Validate SPOJ entry proof	2026-09-07T22:00:11.7332210Z   EXPO_PUBLIC_USE_FAKE_SOURCE: 0
physical-device-ui-proof	Validate SPOJ entry proof	2026-09-07T22:00:11.7332645Z   ANDROID_AVD_HOME: /home/runner/.android/avd
physical-device-ui-proof	Validate SPOJ entry proof	2026-09-07T22:00:11.7333048Z ##[endgroup]
physical-device-ui-proof	Validate SPOJ entry proof	2026-09-07T22:00:11.7404956Z PASS SPOJ_ENTRY_PHYSICAL welcome login empty_error recovery_gated registration back os_reduced_motion_welcome_reachable
physical-device-ui-proof	Validate disposable business effects	﻿2026-09-07T22:00:11.7439629Z ##[group]Run test "$(psql "$RU5_DEVICE_DB_URL" -Atc "
physical-device-ui-proof	Validate disposable business effects	2026-09-07T22:00:11.7440245Z ^[[36;1mtest "$(psql "$RU5_DEVICE_DB_URL" -Atc "^[[0m
physical-device-ui-proof	Validate disposable business effects	2026-09-07T22:00:11.7440782Z ^[[36;1m  select count(*)^[[0m
physical-device-ui-proof	Validate disposable business effects	2026-09-07T22:00:11.7441191Z ^[[36;1m  from public.marketplace_responses r^[[0m
physical-device-ui-proof	Validate disposable business effects	2026-09-07T22:00:11.7442022Z ^[[36;1m  join public.app_profiles p on p.id=r.worker_profile_id^[[0m
physical-device-ui-proof	Validate disposable business effects	2026-09-07T22:00:11.7442628Z ^[[36;1m  where r.need_id='$RU5_DEVICE_NEED_ID'::uuid^[[0m
physical-device-ui-proof	Validate disposable business effects	2026-09-07T22:00:11.7443111Z ^[[36;1m    and p.account_id='$RU5_DEVICE_WORKER_USER_ID'::uuid^[[0m
physical-device-ui-proof	Validate disposable business effects	2026-09-07T22:00:11.7443618Z ^[[36;1m    and r.price_rsd=3000^[[0m
physical-device-ui-proof	Validate disposable business effects	2026-09-07T22:00:11.7444041Z ^[[36;1m    and r.covered_slots=1;^[[0m
physical-device-ui-proof	Validate disposable business effects	2026-09-07T22:00:11.7444384Z ^[[36;1m")" = "1"^[[0m
physical-device-ui-proof	Validate disposable business effects	2026-09-07T22:00:11.7444801Z ^[[36;1mtest "$(psql "$RU5_DEVICE_DB_URL" -Atc "^[[0m
physical-device-ui-proof	Validate disposable business effects	2026-09-07T22:00:11.7445280Z ^[[36;1m  select count(*)^[[0m
physical-device-ui-proof	Validate disposable business effects	2026-09-07T22:00:11.7445685Z ^[[36;1m  from public.need_selections s^[[0m
physical-device-ui-proof	Validate disposable business effects	2026-09-07T22:00:11.7446153Z ^[[36;1m  join public.marketplace_responses r on r.id=s.response_id^[[0m
physical-device-ui-proof	Validate disposable business effects	2026-09-07T22:00:11.7447001Z ^[[36;1m  join public.app_profiles p on p.id=r.worker_profile_id^[[0m
physical-device-ui-proof	Validate disposable business effects	2026-09-07T22:00:11.7447567Z ^[[36;1m  where r.need_id='$RU5_DEVICE_NEED_ID'::uuid^[[0m
physical-device-ui-proof	Validate disposable business effects	2026-09-07T22:00:11.7448066Z ^[[36;1m    and p.account_id='$RU5_DEVICE_WORKER_USER_ID'::uuid^[[0m
physical-device-ui-proof	Validate disposable business effects	2026-09-07T22:00:11.7448520Z ^[[36;1m    and s.status='SELECTED';^[[0m
physical-device-ui-proof	Validate disposable business effects	2026-09-07T22:00:11.7448899Z ^[[36;1m")" = "1"^[[0m
physical-device-ui-proof	Validate disposable business effects	2026-09-07T22:00:11.7449306Z ^[[36;1mtest "$(psql "$RU5_DEVICE_DB_URL" -Atc "^[[0m
physical-device-ui-proof	Validate disposable business effects	2026-09-07T22:00:11.7449743Z ^[[36;1m  select count(*)^[[0m
physical-device-ui-proof	Validate disposable business effects	2026-09-07T22:00:11.7450227Z ^[[36;1m  from public.agreements a^[[0m
physical-device-ui-proof	Validate disposable business effects	2026-09-07T22:00:11.7450632Z ^[[36;1m  where a.need_id='$RU5_DEVICE_NEED_ID'::uuid^[[0m
physical-device-ui-proof	Validate disposable business effects	2026-09-07T22:00:11.7451124Z ^[[36;1m    and a.requester_account_id='$RU5_DEVICE_REQUESTER_USER_ID'::uuid^[[0m
physical-device-ui-proof	Validate disposable business effects	2026-09-07T22:00:11.7452137Z ^[[36;1m    and a.worker_account_id='$RU5_DEVICE_WORKER_USER_ID'::uuid;^[[0m
physical-device-ui-proof	Validate disposable business effects	2026-09-07T22:00:11.7452594Z ^[[36;1m")" = "1"^[[0m
physical-device-ui-proof	Validate disposable business effects	2026-09-07T22:00:11.7453013Z ^[[36;1mtest "$(psql "$RU5_DEVICE_DB_URL" -Atc "^[[0m
physical-device-ui-proof	Validate disposable business effects	2026-09-07T22:00:11.7453466Z ^[[36;1m  select count(*)^[[0m
physical-device-ui-proof	Validate disposable business effects	2026-09-07T22:00:11.7453885Z ^[[36;1m  from private.connection_activations a^[[0m
physical-device-ui-proof	Validate disposable business effects	2026-09-07T22:00:11.7454394Z ^[[36;1m  join public.agreements g on g.id=a.agreement_id^[[0m
physical-device-ui-proof	Validate disposable business effects	2026-09-07T22:00:11.7454898Z ^[[36;1m  where g.need_id='$RU5_DEVICE_NEED_ID'::uuid^[[0m
physical-device-ui-proof	Validate disposable business effects	2026-09-07T22:00:11.7455472Z ^[[36;1m    and a.requester_account_id='$RU5_DEVICE_REQUESTER_USER_ID'::uuid^[[0m
physical-device-ui-proof	Validate disposable business effects	2026-09-07T22:00:11.7456057Z ^[[36;1m    and a.beneficiary_account_id='$RU5_DEVICE_REQUESTER_USER_ID'::uuid^[[0m
physical-device-ui-proof	Validate disposable business effects	2026-09-07T22:00:11.7456580Z ^[[36;1m    and a.worker_account_id='$RU5_DEVICE_WORKER_USER_ID'::uuid^[[0m
physical-device-ui-proof	Validate disposable business effects	2026-09-07T22:00:11.7456978Z ^[[36;1m    and a.activation_reason='SELECTION'^[[0m
physical-device-ui-proof	Validate disposable business effects	2026-09-07T22:00:11.7457279Z ^[[36;1m    and a.units=1^[[0m
physical-device-ui-proof	Validate disposable business effects	2026-09-07T22:00:11.7457535Z ^[[36;1m    and a.platform_cost_rsd=0^[[0m
physical-device-ui-proof	Validate disposable business effects	2026-09-07T22:00:11.7457825Z ^[[36;1m    and a.state='SATISFIED'^[[0m
physical-device-ui-proof	Validate disposable business effects	2026-09-07T22:00:11.7458135Z ^[[36;1m    and a.policy_key='REQUESTER_SELECTION_V1'^[[0m
physical-device-ui-proof	Validate disposable business effects	2026-09-07T22:00:11.7458473Z ^[[36;1m    and a.policy_version=1;^[[0m
physical-device-ui-proof	Validate disposable business effects	2026-09-07T22:00:11.7458738Z ^[[36;1m")" = "1"^[[0m
physical-device-ui-proof	Validate disposable business effects	2026-09-07T22:00:11.7459172Z ^[[36;1mecho "PASS RU5_DEVICE_POSTFLIGHT response selection agreement REQUESTER_SELECTION_V1 zero_rsd"^[[0m
physical-device-ui-proof	Validate disposable business effects	2026-09-07T22:00:11.7492793Z shell: /usr/bin/bash -e {0}
physical-device-ui-proof	Validate disposable business effects	2026-09-07T22:00:11.7493065Z env:
physical-device-ui-proof	Validate disposable business effects	2026-09-07T22:00:11.7493263Z   CI: 1
physical-device-ui-proof	Validate disposable business effects	2026-09-07T22:00:11.7493482Z   SUPABASE_TELEMETRY_DISABLED: 1
physical-device-ui-proof	Validate disposable business effects	2026-09-07T22:00:11.7493754Z   DO_NOT_TRACK: 1
physical-device-ui-proof	Validate disposable business effects	2026-09-07T22:00:11.7493997Z   RU5_DEVICE_PACKAGE: rs.uskoci.n04proof
physical-device-ui-proof	Validate disposable business effects	2026-09-07T22:00:11.7494352Z   RU5_DEVICE_ARTIFACT_DIR: artifacts/intent-shell-device
physical-device-ui-proof	Validate disposable business effects	2026-09-07T22:00:11.7494681Z   RU5_ENTRY_PROOF: 1
physical-device-ui-proof	Validate disposable business effects	2026-09-07T22:00:11.7494932Z   SUPABASE_INTERNAL_IMAGE_REGISTRY: ghcr.io
physical-device-ui-proof	Validate disposable business effects	2026-09-07T22:00:11.7495342Z   JAVA_HOME: /opt/hostedtoolcache/Java_Temurin-Hotspot_jdk/17.0.20-1/x64
physical-device-ui-proof	Validate disposable business effects	2026-09-07T22:00:11.7495842Z   JAVA_HOME_17_X64: /opt/hostedtoolcache/Java_Temurin-Hotspot_jdk/17.0.20-1/x64
physical-device-ui-proof	Validate disposable business effects	2026-09-07T22:00:11.7496246Z   MAVEN_ARGS: -ntp
physical-device-ui-proof	Validate disposable business effects	2026-09-07T22:00:11.7496706Z   RU5_DEVICE_PROOF_DIR: /tmp/uskoci-ru5-device-ui
physical-device-ui-proof	Validate disposable business effects	2026-09-07T22:00:11.7497213Z   RU5_DEVICE_DB_URL: ***127.0.0.1:54322/postgres
physical-device-ui-proof	Validate disposable business effects	2026-09-07T22:00:11.7497578Z   RU5_DEVICE_SUPABASE_URL: http://127.0.0.1:54321
physical-device-ui-proof	Validate disposable business effects	2026-09-07T22:00:11.7498598Z   RU5_DEVICE_ANON_KEY: ***
physical-device-ui-proof	Validate disposable business effects	2026-09-07T22:00:11.7499639Z   RU5_DEVICE_SERVICE_ROLE_KEY: ***
physical-device-ui-proof	Validate disposable business effects	2026-09-07T22:00:11.7500144Z   RU5_DEVICE_REQUESTER_EMAIL: ru5-device-requester-9eb953a1-b2bb-44fc-b0ec-01410619fc5e@proof.invalid
physical-device-ui-proof	Validate disposable business effects	2026-09-07T22:00:11.7500850Z   RU5_DEVICE_WORKER_EMAIL: ru5-device-worker-9eb953a1-b2bb-44fc-b0ec-01410619fc5e@proof.invalid
physical-device-ui-proof	Validate disposable business effects	2026-09-07T22:00:11.7501628Z   RU5_DEVICE_PASSWORD: ***
physical-device-ui-proof	Validate disposable business effects	2026-09-07T22:00:11.7501931Z   RU5_DEVICE_NEED_ID: f15b1dbd-e043-4b43-8909-e1060e3a4c9c
physical-device-ui-proof	Validate disposable business effects	2026-09-07T22:00:11.7502303Z   RU5_DEVICE_NEED_TITLE: RU5 device journey 9eb953a1
physical-device-ui-proof	Validate disposable business effects	2026-09-07T22:00:11.7502698Z   RU5_DEVICE_REQUESTER_USER_ID: 006a4e7e-3b59-4109-a38c-e3d3faaa8df6
physical-device-ui-proof	Validate disposable business effects	2026-09-07T22:00:11.7503136Z   RU5_DEVICE_WORKER_USER_ID: ffb7436c-aa44-4c91-9624-66b012cfe072
physical-device-ui-proof	Validate disposable business effects	2026-09-07T22:00:11.7503687Z   N04_AGREEMENT_ID: dc7403b1-d1e8-45dc-937a-6cb8ce11d100
physical-device-ui-proof	Validate disposable business effects	2026-09-07T22:00:11.7504052Z   EXPO_PUBLIC_SUPABASE_URL: http://10.0.2.2:54321
physical-device-ui-proof	Validate disposable business effects	2026-09-07T22:00:11.7505097Z   EXPO_PUBLIC_SUPABASE_ANON_KEY: ***
physical-device-ui-proof	Validate disposable business effects	2026-09-07T22:00:11.7505393Z   EXPO_PUBLIC_USE_FAKE_SOURCE: 0
physical-device-ui-proof	Validate disposable business effects	2026-09-07T22:00:11.7505683Z   ANDROID_AVD_HOME: /home/runner/.android/avd
physical-device-ui-proof	Validate disposable business effects	2026-09-07T22:00:11.7505978Z ##[endgroup]
physical-device-ui-proof	Validate disposable business effects	2026-09-07T22:00:11.9152668Z PASS RU5_DEVICE_POSTFLIGHT response selection agreement REQUESTER_SELECTION_V1 zero_rsd
physical-device-ui-proof	Disposable postflight invariants	﻿2026-09-07T22:00:11.9189181Z ##[group]Run if [[ -n "${RU5_DEVICE_DB_URL:-}" ]]; then
physical-device-ui-proof	Disposable postflight invariants	2026-09-07T22:00:11.9189623Z ^[[36;1mif [[ -n "${RU5_DEVICE_DB_URL:-}" ]]; then^[[0m
physical-device-ui-proof	Disposable postflight invariants	2026-09-07T22:00:11.9190175Z ^[[36;1m  test "$(psql "$RU5_DEVICE_DB_URL" -Atc "select count(*) from private.publication_policy_bundles;")" = "0"^[[0m
physical-device-ui-proof	Disposable postflight invariants	2026-09-07T22:00:11.9190922Z ^[[36;1m  test "$(psql "$RU5_DEVICE_DB_URL" -Atc "select count(*) from private.need_publication_decisions;")" = "0"^[[0m
physical-device-ui-proof	Disposable postflight invariants	2026-09-07T22:00:11.9192030Z ^[[36;1m  test "$(psql "$RU5_DEVICE_DB_URL" -Atc "select count(*) from private.preselection_qa_questions;")" = "0"^[[0m
physical-device-ui-proof	Disposable postflight invariants	2026-09-07T22:00:11.9192745Z ^[[36;1m  test "$(psql "$RU5_DEVICE_DB_URL" -Atc "select count(*) from private.preselection_qa_commands;")" = "0"^[[0m
physical-device-ui-proof	Disposable postflight invariants	2026-09-07T22:00:11.9193443Z ^[[36;1m  test "$(psql "$RU5_DEVICE_DB_URL" -Atc "select count(*) from public.needs where mode='FASTEST';")" = "0"^[[0m
physical-device-ui-proof	Disposable postflight invariants	2026-09-07T22:00:11.9194218Z ^[[36;1m  test "$(psql "$RU5_DEVICE_DB_URL" -Atc "select count(*) from public.need_selections where selection_mode='AUTO_FILL';")" = "0"^[[0m
physical-device-ui-proof	Disposable postflight invariants	2026-09-07T22:00:11.9194820Z ^[[36;1mfi^[[0m
physical-device-ui-proof	Disposable postflight invariants	2026-09-07T22:00:11.9233045Z shell: /usr/bin/bash -e {0}
physical-device-ui-proof	Disposable postflight invariants	2026-09-07T22:00:11.9233326Z env:
physical-device-ui-proof	Disposable postflight invariants	2026-09-07T22:00:11.9233530Z   CI: 1
physical-device-ui-proof	Disposable postflight invariants	2026-09-07T22:00:11.9233740Z   SUPABASE_TELEMETRY_DISABLED: 1
physical-device-ui-proof	Disposable postflight invariants	2026-09-07T22:00:11.9234003Z   DO_NOT_TRACK: 1
physical-device-ui-proof	Disposable postflight invariants	2026-09-07T22:00:11.9234253Z   RU5_DEVICE_PACKAGE: rs.uskoci.n04proof
physical-device-ui-proof	Disposable postflight invariants	2026-09-07T22:00:11.9234644Z   RU5_DEVICE_ARTIFACT_DIR: artifacts/intent-shell-device
physical-device-ui-proof	Disposable postflight invariants	2026-09-07T22:00:11.9234990Z   RU5_ENTRY_PROOF: 1
physical-device-ui-proof	Disposable postflight invariants	2026-09-07T22:00:11.9235250Z   SUPABASE_INTERNAL_IMAGE_REGISTRY: ghcr.io
physical-device-ui-proof	Disposable postflight invariants	2026-09-07T22:00:11.9235671Z   JAVA_HOME: /opt/hostedtoolcache/Java_Temurin-Hotspot_jdk/17.0.20-1/x64
physical-device-ui-proof	Disposable postflight invariants	2026-09-07T22:00:11.9236171Z   JAVA_HOME_17_X64: /opt/hostedtoolcache/Java_Temurin-Hotspot_jdk/17.0.20-1/x64
physical-device-ui-proof	Disposable postflight invariants	2026-09-07T22:00:11.9236571Z   MAVEN_ARGS: -ntp
physical-device-ui-proof	Disposable postflight invariants	2026-09-07T22:00:11.9236840Z   RU5_DEVICE_PROOF_DIR: /tmp/uskoci-ru5-device-ui
physical-device-ui-proof	Disposable postflight invariants	2026-09-07T22:00:11.9237375Z   RU5_DEVICE_DB_URL: ***127.0.0.1:54322/postgres
physical-device-ui-proof	Disposable postflight invariants	2026-09-07T22:00:11.9237728Z   RU5_DEVICE_SUPABASE_URL: http://127.0.0.1:54321
physical-device-ui-proof	Disposable postflight invariants	2026-09-07T22:00:11.9238745Z   RU5_DEVICE_ANON_KEY: ***
physical-device-ui-proof	Disposable postflight invariants	2026-09-07T22:00:11.9239796Z   RU5_DEVICE_SERVICE_ROLE_KEY: ***
physical-device-ui-proof	Disposable postflight invariants	2026-09-07T22:00:11.9240298Z   RU5_DEVICE_REQUESTER_EMAIL: ru5-device-requester-9eb953a1-b2bb-44fc-b0ec-01410619fc5e@proof.invalid
physical-device-ui-proof	Disposable postflight invariants	2026-09-07T22:00:11.9241009Z   RU5_DEVICE_WORKER_EMAIL: ru5-device-worker-9eb953a1-b2bb-44fc-b0ec-01410619fc5e@proof.invalid
physical-device-ui-proof	Disposable postflight invariants	2026-09-07T22:00:11.9241769Z   RU5_DEVICE_PASSWORD: ***
physical-device-ui-proof	Disposable postflight invariants	2026-09-07T22:00:11.9242068Z   RU5_DEVICE_NEED_ID: f15b1dbd-e043-4b43-8909-e1060e3a4c9c
physical-device-ui-proof	Disposable postflight invariants	2026-09-07T22:00:11.9242440Z   RU5_DEVICE_NEED_TITLE: RU5 device journey 9eb953a1
physical-device-ui-proof	Disposable postflight invariants	2026-09-07T22:00:11.9242837Z   RU5_DEVICE_REQUESTER_USER_ID: 006a4e7e-3b59-4109-a38c-e3d3faaa8df6
physical-device-ui-proof	Disposable postflight invariants	2026-09-07T22:00:11.9243272Z   RU5_DEVICE_WORKER_USER_ID: ffb7436c-aa44-4c91-9624-66b012cfe072
physical-device-ui-proof	Disposable postflight invariants	2026-09-07T22:00:11.9243669Z   N04_AGREEMENT_ID: dc7403b1-d1e8-45dc-937a-6cb8ce11d100
physical-device-ui-proof	Disposable postflight invariants	2026-09-07T22:00:11.9244050Z   EXPO_PUBLIC_SUPABASE_URL: http://10.0.2.2:54321
physical-device-ui-proof	Disposable postflight invariants	2026-09-07T22:00:11.9245110Z   EXPO_PUBLIC_SUPABASE_ANON_KEY: ***
physical-device-ui-proof	Disposable postflight invariants	2026-09-07T22:00:11.9245402Z   EXPO_PUBLIC_USE_FAKE_SOURCE: 0
physical-device-ui-proof	Disposable postflight invariants	2026-09-07T22:00:11.9245684Z   ANDROID_AVD_HOME: /home/runner/.android/avd
physical-device-ui-proof	Disposable postflight invariants	2026-09-07T22:00:11.9245979Z ##[endgroup]
physical-device-ui-proof	Upload physical UI evidence	﻿2026-09-07T22:00:12.1806150Z Node 20 is being deprecated. This workflow is running with Node 24 by default. If you need to temporarily use Node 20, you can set the ACTIONS_ALLOW_USE_UNSECURE_NODE_VERSION=true environment variable. For more information see: https://github.blog/changelog/2025-09-19-deprecation-of-node-20-on-github-actions-runners/
physical-device-ui-proof	Upload physical UI evidence	2026-09-07T22:00:12.1808431Z ##[group]Run actions/upload-artifact@v4
physical-device-ui-proof	Upload physical UI evidence	2026-09-07T22:00:12.1808736Z with:
physical-device-ui-proof	Upload physical UI evidence	2026-09-07T22:00:12.1809073Z   name: INTENT-SHELL-PHYSICAL-ANDROID-EVIDENCE
physical-device-ui-proof	Upload physical UI evidence	2026-09-07T22:00:12.1809482Z   path: artifacts/intent-shell-device/
physical-device-ui-proof	Upload physical UI evidence	2026-09-07T22:00:12.1809784Z   if-no-files-found: warn
physical-device-ui-proof	Upload physical UI evidence	2026-09-07T22:00:12.1810030Z   retention-days: 14
physical-device-ui-proof	Upload physical UI evidence	2026-09-07T22:00:12.1810257Z   compression-level: 6
physical-device-ui-proof	Upload physical UI evidence	2026-09-07T22:00:12.1810487Z   overwrite: false
physical-device-ui-proof	Upload physical UI evidence	2026-09-07T22:00:12.1810729Z   include-hidden-files: false
physical-device-ui-proof	Upload physical UI evidence	2026-09-07T22:00:12.1810973Z env:
physical-device-ui-proof	Upload physical UI evidence	2026-09-07T22:00:12.1826564Z   CI: 1
physical-device-ui-proof	Upload physical UI evidence	2026-09-07T22:00:12.1826961Z   SUPABASE_TELEMETRY_DISABLED: 1
physical-device-ui-proof	Upload physical UI evidence	2026-09-07T22:00:12.1827407Z   DO_NOT_TRACK: 1
physical-device-ui-proof	Upload physical UI evidence	2026-09-07T22:00:12.1827823Z   RU5_DEVICE_PACKAGE: rs.uskoci.n04proof
physical-device-ui-proof	Upload physical UI evidence	2026-09-07T22:00:12.1828375Z   RU5_DEVICE_ARTIFACT_DIR: artifacts/intent-shell-device
physical-device-ui-proof	Upload physical UI evidence	2026-09-07T22:00:12.1828915Z   RU5_ENTRY_PROOF: 1
physical-device-ui-proof	Upload physical UI evidence	2026-09-07T22:00:12.1829327Z   SUPABASE_INTERNAL_IMAGE_REGISTRY: ghcr.io
physical-device-ui-proof	Upload physical UI evidence	2026-09-07T22:00:12.1829976Z   JAVA_HOME: /opt/hostedtoolcache/Java_Temurin-Hotspot_jdk/17.0.20-1/x64
physical-device-ui-proof	Upload physical UI evidence	2026-09-07T22:00:12.1830824Z   JAVA_HOME_17_X64: /opt/hostedtoolcache/Java_Temurin-Hotspot_jdk/17.0.20-1/x64
physical-device-ui-proof	Upload physical UI evidence	2026-09-07T22:00:12.1831683Z   MAVEN_ARGS: -ntp
physical-device-ui-proof	Upload physical UI evidence	2026-09-07T22:00:12.1832099Z   RU5_DEVICE_PROOF_DIR: /tmp/uskoci-ru5-device-ui
physical-device-ui-proof	Upload physical UI evidence	2026-09-07T22:00:12.1832906Z   RU5_DEVICE_DB_URL: ***127.0.0.1:54322/postgres
physical-device-ui-proof	Upload physical UI evidence	2026-09-07T22:00:12.1833456Z   RU5_DEVICE_SUPABASE_URL: http://127.0.0.1:54321
physical-device-ui-proof	Upload physical UI evidence	2026-09-07T22:00:12.1835150Z   RU5_DEVICE_ANON_KEY: ***
physical-device-ui-proof	Upload physical UI evidence	2026-09-07T22:00:12.1836742Z   RU5_DEVICE_SERVICE_ROLE_KEY: ***
physical-device-ui-proof	Upload physical UI evidence	2026-09-07T22:00:12.1837282Z   RU5_DEVICE_REQUESTER_EMAIL: ru5-device-requester-9eb953a1-b2bb-44fc-b0ec-01410619fc5e@proof.invalid
physical-device-ui-proof	Upload physical UI evidence	2026-09-07T22:00:12.1838007Z   RU5_DEVICE_WORKER_EMAIL: ru5-device-worker-9eb953a1-b2bb-44fc-b0ec-01410619fc5e@proof.invalid
physical-device-ui-proof	Upload physical UI evidence	2026-09-07T22:00:12.1838593Z   RU5_DEVICE_PASSWORD: ***
physical-device-ui-proof	Upload physical UI evidence	2026-09-07T22:00:12.1838908Z   RU5_DEVICE_NEED_ID: f15b1dbd-e043-4b43-8909-e1060e3a4c9c
physical-device-ui-proof	Upload physical UI evidence	2026-09-07T22:00:12.1839278Z   RU5_DEVICE_NEED_TITLE: RU5 device journey 9eb953a1
physical-device-ui-proof	Upload physical UI evidence	2026-09-07T22:00:12.1839671Z   RU5_DEVICE_REQUESTER_USER_ID: 006a4e7e-3b59-4109-a38c-e3d3faaa8df6
physical-device-ui-proof	Upload physical UI evidence	2026-09-07T22:00:12.1840115Z   RU5_DEVICE_WORKER_USER_ID: ffb7436c-aa44-4c91-9624-66b012cfe072
physical-device-ui-proof	Upload physical UI evidence	2026-09-07T22:00:12.1840509Z   N04_AGREEMENT_ID: dc7403b1-d1e8-45dc-937a-6cb8ce11d100
physical-device-ui-proof	Upload physical UI evidence	2026-09-07T22:00:12.1840871Z   EXPO_PUBLIC_SUPABASE_URL: http://10.0.2.2:54321
physical-device-ui-proof	Upload physical UI evidence	2026-09-07T22:00:12.1842291Z   EXPO_PUBLIC_SUPABASE_ANON_KEY: ***
physical-device-ui-proof	Upload physical UI evidence	2026-09-07T22:00:12.1842591Z   EXPO_PUBLIC_USE_FAKE_SOURCE: 0
physical-device-ui-proof	Upload physical UI evidence	2026-09-07T22:00:12.1842878Z   ANDROID_AVD_HOME: /home/runner/.android/avd
physical-device-ui-proof	Upload physical UI evidence	2026-09-07T22:00:12.1843173Z ##[endgroup]
physical-device-ui-proof	Upload physical UI evidence	2026-09-07T22:00:12.3587378Z (node:48730) [DEP0040] DeprecationWarning: The `punycode` module is deprecated. Please use a userland alternative instead.
physical-device-ui-proof	Upload physical UI evidence	2026-09-07T22:00:12.3588350Z (Use `node --trace-deprecation ...` to show where the warning was created)
physical-device-ui-proof	Upload physical UI evidence	2026-09-07T22:00:12.3769978Z With the provided path, there will be 75 files uploaded
physical-device-ui-proof	Upload physical UI evidence	2026-09-07T22:00:12.3775703Z Artifact name is valid!
physical-device-ui-proof	Upload physical UI evidence	2026-09-07T22:00:12.3776256Z Root directory input is valid!
physical-device-ui-proof	Upload physical UI evidence	2026-09-07T22:00:12.7778318Z Beginning upload of artifact content to blob storage
physical-device-ui-proof	Upload physical UI evidence	2026-09-07T22:00:13.0663236Z (node:48730) [DEP0169] DeprecationWarning: `url.parse()` behavior is not standardized and prone to errors that have security implications. Use the WHATWG URL API instead. CVEs are not issued for `url.parse()` vulnerabilities.
physical-device-ui-proof	Upload physical UI evidence	2026-09-07T22:00:14.0478890Z Uploaded bytes 5847655
physical-device-ui-proof	Upload physical UI evidence	2026-09-07T22:00:14.1323225Z Finished uploading artifact content to blob storage!
physical-device-ui-proof	Upload physical UI evidence	2026-09-07T22:00:14.1324423Z SHA256 digest of uploaded artifact zip is c82d1206009dd410c303b2a3517f6abbd68e4e07fbffc975bc62be8661de3386
physical-device-ui-proof	Upload physical UI evidence	2026-09-07T22:00:14.1326248Z Finalizing artifact upload
physical-device-ui-proof	Upload physical UI evidence	2026-09-07T22:00:14.4114675Z Artifact INTENT-SHELL-PHYSICAL-ANDROID-EVIDENCE.zip successfully finalized. Artifact ID 10033887904
physical-device-ui-proof	Upload physical UI evidence	2026-09-07T22:00:14.4116638Z Artifact INTENT-SHELL-PHYSICAL-ANDROID-EVIDENCE has been successfully uploaded! Final size is 5847655 bytes. Artifact ID is 10033887904
physical-device-ui-proof	Upload physical UI evidence	2026-09-07T22:00:14.4120872Z Artifact download URL: https://github.com/Uskoci1/USKOCI-CLEAN/actions/runs/34163510260/artifacts/10033887904
physical-device-ui-proof	Stop disposable Supabase	﻿2026-09-07T22:00:14.4283967Z ##[group]Run if [[ -n "${RU5_DEVICE_PROOF_DIR:-}" && -d "$RU5_DEVICE_PROOF_DIR" ]]; then
physical-device-ui-proof	Stop disposable Supabase	2026-09-07T22:00:14.4285044Z ^[[36;1mif [[ -n "${RU5_DEVICE_PROOF_DIR:-}" && -d "$RU5_DEVICE_PROOF_DIR" ]]; then^[[0m
physical-device-ui-proof	Stop disposable Supabase	2026-09-07T22:00:14.4285792Z ^[[36;1m  cd "$RU5_DEVICE_PROOF_DIR"^[[0m
physical-device-ui-proof	Stop disposable Supabase	2026-09-07T22:00:14.4286344Z ^[[36;1m  supabase stop --no-backup || true^[[0m
physical-device-ui-proof	Stop disposable Supabase	2026-09-07T22:00:14.4286862Z ^[[36;1mfi^[[0m
physical-device-ui-proof	Stop disposable Supabase	2026-09-07T22:00:14.4340765Z shell: /usr/bin/bash -e {0}
physical-device-ui-proof	Stop disposable Supabase	2026-09-07T22:00:14.4341224Z env:
physical-device-ui-proof	Stop disposable Supabase	2026-09-07T22:00:14.4341871Z   CI: 1
physical-device-ui-proof	Stop disposable Supabase	2026-09-07T22:00:14.4342273Z   SUPABASE_TELEMETRY_DISABLED: 1
physical-device-ui-proof	Stop disposable Supabase	2026-09-07T22:00:14.4342750Z   DO_NOT_TRACK: 1
physical-device-ui-proof	Stop disposable Supabase	2026-09-07T22:00:14.4343194Z   RU5_DEVICE_PACKAGE: rs.uskoci.n04proof
physical-device-ui-proof	Stop disposable Supabase	2026-09-07T22:00:14.4343861Z   RU5_DEVICE_ARTIFACT_DIR: artifacts/intent-shell-device
physical-device-ui-proof	Stop disposable Supabase	2026-09-07T22:00:14.4344479Z   RU5_ENTRY_PROOF: 1
physical-device-ui-proof	Stop disposable Supabase	2026-09-07T22:00:14.4344941Z   SUPABASE_INTERNAL_IMAGE_REGISTRY: ghcr.io
physical-device-ui-proof	Stop disposable Supabase	2026-09-07T22:00:14.4345698Z   JAVA_HOME: /opt/hostedtoolcache/Java_Temurin-Hotspot_jdk/17.0.20-1/x64
physical-device-ui-proof	Stop disposable Supabase	2026-09-07T22:00:14.4346690Z   JAVA_HOME_17_X64: /opt/hostedtoolcache/Java_Temurin-Hotspot_jdk/17.0.20-1/x64
physical-device-ui-proof	Stop disposable Supabase	2026-09-07T22:00:14.4347443Z   MAVEN_ARGS: -ntp
physical-device-ui-proof	Stop disposable Supabase	2026-09-07T22:00:14.4347918Z   RU5_DEVICE_PROOF_DIR: /tmp/uskoci-ru5-device-ui
physical-device-ui-proof	Stop disposable Supabase	2026-09-07T22:00:14.4348849Z   RU5_DEVICE_DB_URL: ***127.0.0.1:54322/postgres
physical-device-ui-proof	Stop disposable Supabase	2026-09-07T22:00:14.4349508Z   RU5_DEVICE_SUPABASE_URL: http://127.0.0.1:54321
physical-device-ui-proof	Stop disposable Supabase	2026-09-07T22:00:14.4351752Z   RU5_DEVICE_ANON_KEY: ***
physical-device-ui-proof	Stop disposable Supabase	2026-09-07T22:00:14.4353830Z   RU5_DEVICE_SERVICE_ROLE_KEY: ***
physical-device-ui-proof	Stop disposable Supabase	2026-09-07T22:00:14.4354765Z   RU5_DEVICE_REQUESTER_EMAIL: ru5-device-requester-9eb953a1-b2bb-44fc-b0ec-01410619fc5e@proof.invalid
physical-device-ui-proof	Stop disposable Supabase	2026-09-07T22:00:14.4356104Z   RU5_DEVICE_WORKER_EMAIL: ru5-device-worker-9eb953a1-b2bb-44fc-b0ec-01410619fc5e@proof.invalid
physical-device-ui-proof	Stop disposable Supabase	2026-09-07T22:00:14.4357264Z   RU5_DEVICE_PASSWORD: ***
physical-device-ui-proof	Stop disposable Supabase	2026-09-07T22:00:14.4357832Z   RU5_DEVICE_NEED_ID: f15b1dbd-e043-4b43-8909-e1060e3a4c9c
physical-device-ui-proof	Stop disposable Supabase	2026-09-07T22:00:14.4358510Z   RU5_DEVICE_NEED_TITLE: RU5 device journey 9eb953a1
physical-device-ui-proof	Stop disposable Supabase	2026-09-07T22:00:14.4359273Z   RU5_DEVICE_REQUESTER_USER_ID: 006a4e7e-3b59-4109-a38c-e3d3faaa8df6
physical-device-ui-proof	Stop disposable Supabase	2026-09-07T22:00:14.4360126Z   RU5_DEVICE_WORKER_USER_ID: ffb7436c-aa44-4c91-9624-66b012cfe072
physical-device-ui-proof	Stop disposable Supabase	2026-09-07T22:00:14.4360876Z   N04_AGREEMENT_ID: dc7403b1-d1e8-45dc-937a-6cb8ce11d100
physical-device-ui-proof	Stop disposable Supabase	2026-09-07T22:00:14.4361825Z   EXPO_PUBLIC_SUPABASE_URL: http://10.0.2.2:54321
physical-device-ui-proof	Stop disposable Supabase	2026-09-07T22:00:14.4363904Z   EXPO_PUBLIC_SUPABASE_ANON_KEY: ***
physical-device-ui-proof	Stop disposable Supabase	2026-09-07T22:00:14.4364526Z   EXPO_PUBLIC_USE_FAKE_SOURCE: 0
physical-device-ui-proof	Stop disposable Supabase	2026-09-07T22:00:14.4365104Z   ANDROID_AVD_HOME: /home/runner/.android/avd
physical-device-ui-proof	Stop disposable Supabase	2026-09-07T22:00:14.4365663Z ##[endgroup]
physical-device-ui-proof	Stop disposable Supabase	2026-09-07T22:00:14.9291763Z Stopping containers...
physical-device-ui-proof	Stop disposable Supabase	2026-09-07T22:00:36.1404364Z Stopped supabase local development setup.
physical-device-ui-proof	Stop disposable Supabase	2026-09-07T22:00:36.1620948Z A new version of Supabase CLI is available: v2.117.0 (currently installed v2.116.0)
physical-device-ui-proof	Stop disposable Supabase	2026-09-07T22:00:36.1623069Z We recommend updating regularly for new features and bug fixes: https://supabase.com/docs/guides/cli/getting-started#updating-the-supabase-cli
physical-device-ui-proof	Post Set up Java 17	﻿2026-09-07T22:00:36.1835124Z Post job cleanup.
physical-device-ui-proof	Post Set up Node 24	﻿2026-09-07T22:00:36.3218977Z Node 20 is being deprecated. This workflow is running with Node 24 by default. If you need to temporarily use Node 20, you can set the ACTIONS_ALLOW_USE_UNSECURE_NODE_VERSION=true environment variable. For more information see: https://github.blog/changelog/2025-09-19-deprecation-of-node-20-on-github-actions-runners/
physical-device-ui-proof	Post Set up Node 24	2026-09-07T22:00:36.3220503Z Post job cleanup.
physical-device-ui-proof	Post Set up Node 24	2026-09-07T22:00:36.4549961Z (node:49635) [DEP0040] DeprecationWarning: The `punycode` module is deprecated. Please use a userland alternative instead.
physical-device-ui-proof	Post Set up Node 24	2026-09-07T22:00:36.4550927Z (Use `node --trace-deprecation ...` to show where the warning was created)
physical-device-ui-proof	Post Set up Node 24	2026-09-07T22:00:36.4554287Z Cache hit occurred on the primary key node-cache-Linux-x64-npm-8397ea54b5b80fda2980aa993dfe2420b89679f27acfefdcdfd110c26b03facb, not saving cache.
physical-device-ui-proof	Post Checkout proof branch	﻿2026-09-07T22:00:36.4704504Z Node 20 is being deprecated. This workflow is running with Node 24 by default. If you need to temporarily use Node 20, you can set the ACTIONS_ALLOW_USE_UNSECURE_NODE_VERSION=true environment variable. For more information see: https://github.blog/changelog/2025-09-19-deprecation-of-node-20-on-github-actions-runners/
physical-device-ui-proof	Post Checkout proof branch	2026-09-07T22:00:36.4706252Z Post job cleanup.
physical-device-ui-proof	Post Checkout proof branch	2026-09-07T22:00:36.5575805Z [command]/usr/bin/git version
physical-device-ui-proof	Post Checkout proof branch	2026-09-07T22:00:36.5621920Z git version 2.55.0
physical-device-ui-proof	Post Checkout proof branch	2026-09-07T22:00:36.5667803Z Temporarily overriding HOME='/home/runner/work/_temp/bb9a2d05-cf15-4bc4-b434-af921cdcd752' before making global git config changes
physical-device-ui-proof	Post Checkout proof branch	2026-09-07T22:00:36.5669648Z Adding repository directory to the temporary git global config as a safe directory
physical-device-ui-proof	Post Checkout proof branch	2026-09-07T22:00:36.5674422Z [command]/usr/bin/git config --global --add safe.directory /home/runner/work/USKOCI-CLEAN/USKOCI-CLEAN
physical-device-ui-proof	Post Checkout proof branch	2026-09-07T22:00:36.5713903Z [command]/usr/bin/git config --local --name-only --get-regexp core\.sshCommand
physical-device-ui-proof	Post Checkout proof branch	2026-09-07T22:00:36.5748098Z [command]/usr/bin/git submodule foreach --recursive sh -c "git config --local --name-only --get-regexp 'core\.sshCommand' && git config --local --unset-all 'core.sshCommand' || :"
physical-device-ui-proof	Post Checkout proof branch	2026-09-07T22:00:36.6024103Z [command]/usr/bin/git config --local --name-only --get-regexp http\.https\:\/\/github\.com\/\.extraheader
physical-device-ui-proof	Post Checkout proof branch	2026-09-07T22:00:36.6052840Z http.https://github.com/.extraheader
physical-device-ui-proof	Post Checkout proof branch	2026-09-07T22:00:36.6065133Z [command]/usr/bin/git config --local --unset-all http.https://github.com/.extraheader
physical-device-ui-proof	Post Checkout proof branch	2026-09-07T22:00:36.6109164Z [command]/usr/bin/git submodule foreach --recursive sh -c "git config --local --name-only --get-regexp 'http\.https\:\/\/github\.com\/\.extraheader' && git config --local --unset-all 'http.https://github.com/.extraheader' || :"
physical-device-ui-proof	Post Checkout proof branch	2026-09-07T22:00:36.6378188Z [command]/usr/bin/git config --local --name-only --get-regexp ^includeIf\.gitdir:
physical-device-ui-proof	Post Checkout proof branch	2026-09-07T22:00:36.6417757Z [command]/usr/bin/git submodule foreach --recursive git config --local --show-origin --name-only --get-regexp remote.origin.url
physical-device-ui-proof	Complete job	﻿2026-09-07T22:00:36.6807008Z Cleaning up orphan processes
physical-device-ui-proof	Complete job	2026-09-07T22:00:36.7281815Z Terminate orphan process: pid (31480) (adb)
physical-device-ui-proof	Complete job	2026-09-07T22:00:36.7364283Z ##[warning]Node.js 20 is deprecated. The following actions target Node.js 20 but are being forced to run on Node.js 24: actions/checkout@v4, actions/setup-node@v4, actions/upload-artifact@v4, supabase/setup-cli@ab058987d8d6c725971f6cf9d0b5c98467e30bd1. For more information see: https://github.blog/changelog/2025-09-19-deprecation-of-node-20-on-github-actions-runners/
