PUBLIC NORMALIZED LOG COPY - credential values redacted where detected.
Original raw log retained outside Git in the workspace evidence archive.
Original SHA256: 92755a9158e7d46bed5dbaa2dbd22ac04650937541eae850d2c9cfdd62c73764

﻿2026-09-07T21:32:38.3580652Z Current runner version: '2.337.0'
2026-09-07T21:32:38.3605759Z ##[group]Runner Image Provisioner
2026-09-07T21:32:38.3606725Z Hosted Compute Agent
2026-09-07T21:32:38.3607372Z Version: 20260828.587
2026-09-07T21:32:38.3608019Z Commit: abac92662cab4cc7352de4f9f9d2e2419aad9c29
2026-09-07T21:32:38.3608852Z Build Date: 2026-08-28T16:44:25Z
2026-09-07T21:32:38.3609555Z Worker ID: {c6a9867c-85df-4241-adcf-72a113e4ad3f}
2026-09-07T21:32:38.3610348Z Azure Region: westus
2026-09-07T21:32:38.3610987Z ##[endgroup]
2026-09-07T21:32:38.3612860Z ##[group]Operating System
2026-09-07T21:32:38.3613697Z Ubuntu
2026-09-07T21:32:38.3614350Z 24.04.4
2026-09-07T21:32:38.3615000Z LTS
2026-09-07T21:32:38.3615699Z ##[endgroup]
2026-09-07T21:32:38.3616313Z ##[group]Runner Image
2026-09-07T21:32:38.3617028Z Image: ubuntu-24.04
2026-09-07T21:32:38.3617655Z Version: 20260831.293.1
2026-09-07T21:32:38.3619092Z Included Software: https://github.com/actions/runner-images/blob/ubuntu24/20260831.293/images/ubuntu/Ubuntu2404-Readme.md
2026-09-07T21:32:38.3620653Z Image Release: https://github.com/actions/runner-images/releases/tag/ubuntu24%2F20260831.293
2026-09-07T21:32:38.3622122Z ##[endgroup]
2026-09-07T21:32:38.3623319Z ##[group]GITHUB_TOKEN Permissions
2026-09-07T21:32:38.3625497Z Contents: read
2026-09-07T21:32:38.3626170Z Metadata: read
2026-09-07T21:32:38.3626779Z ##[endgroup]
2026-09-07T21:32:38.3628980Z Secret source: Actions
2026-09-07T21:32:38.3630080Z Prepare workflow directory
2026-09-07T21:32:38.4029429Z Prepare all required actions
2026-09-07T21:32:38.4078772Z Getting action download info
2026-09-07T21:32:38.7769872Z Download action repository 'actions/checkout@v4' (SHA:11d5960a326750d5838078e36cf38b85af677262)
2026-09-07T21:32:38.9037518Z Download action repository 'supabase/setup-cli@ab058987d8d6c725971f6cf9d0b5c98467e30bd1' (SHA:ab058987d8d6c725971f6cf9d0b5c98467e30bd1)
2026-09-07T21:32:39.2684117Z Download action repository 'actions/setup-node@v4' (SHA:49933ea5288caeca8642d1e84afbd3f7d6820020)
2026-09-07T21:32:39.3541016Z Download action repository 'actions/setup-java@v5' (SHA:b6effb05e454b25005698d916606bdc6ffcbf961)
2026-09-07T21:32:39.8522596Z Download action repository 'ReactiveCircus/android-emulator-runner@a421e43855164a8197daf9d8d40fe71c6996bb0d' (SHA:a421e43855164a8197daf9d8d40fe71c6996bb0d)
2026-09-07T21:32:40.1885605Z Download action repository 'actions/upload-artifact@v4' (SHA:ea165f8d65b6e75b540449e92b4886f43607fa02)
2026-09-07T21:32:40.4182039Z Complete job name: physical-device-ui-proof
2026-09-07T21:32:40.5095056Z Node 20 is being deprecated. This workflow is running with Node 24 by default. If you need to temporarily use Node 20, you can set the ACTIONS_ALLOW_USE_UNSECURE_NODE_VERSION=true environment variable. For more information see: https://github.blog/changelog/2025-09-19-deprecation-of-node-20-on-github-actions-runners/
2026-09-07T21:32:40.5103063Z ##[group]Run actions/checkout@v4
2026-09-07T21:32:40.5103733Z with:
2026-09-07T21:32:40.5104138Z   repository: Uskoci1/USKOCI-CLEAN
2026-09-07T21:32:40.5107318Z   token: ***
2026-09-07T21:32:40.5107743Z   ssh-strict: true
2026-09-07T21:32:40.5108131Z   ssh-user: git
2026-09-07T21:32:40.5108529Z   persist-credentials: true
2026-09-07T21:32:40.5108948Z   clean: true
2026-09-07T21:32:40.5109346Z   sparse-checkout-cone-mode: true
2026-09-07T21:32:40.5109796Z   fetch-depth: 1
2026-09-07T21:32:40.5110182Z   fetch-tags: false
2026-09-07T21:32:40.5110574Z   show-progress: true
2026-09-07T21:32:40.5110956Z   lfs: false
2026-09-07T21:32:40.5111614Z   submodules: false
2026-09-07T21:32:40.5112023Z   set-safe-directory: true
2026-09-07T21:32:40.5112450Z   allow-unsafe-pr-checkout: false
2026-09-07T21:32:40.5113160Z env:
2026-09-07T21:32:40.5113517Z   CI: 1
2026-09-07T21:32:40.5113887Z   SUPABASE_TELEMETRY_DISABLED: 1
2026-09-07T21:32:40.5114315Z   DO_NOT_TRACK: 1
2026-09-07T21:32:40.5114712Z   RU5_DEVICE_PACKAGE: rs.uskoci.n04proof
2026-09-07T21:32:40.5115226Z   RU5_DEVICE_ARTIFACT_DIR: artifacts/intent-shell-device
2026-09-07T21:32:40.5115733Z   RU5_ENTRY_PROOF: 1
2026-09-07T21:32:40.5116369Z ##[endgroup]
2026-09-07T21:32:40.6150822Z Syncing repository: Uskoci1/USKOCI-CLEAN
2026-09-07T21:32:40.6152743Z ##[group]Getting Git version info
2026-09-07T21:32:40.6153396Z Working directory is '/home/runner/work/USKOCI-CLEAN/USKOCI-CLEAN'
2026-09-07T21:32:40.6154307Z [command]/usr/bin/git version
2026-09-07T21:32:40.6284015Z git version 2.55.0
2026-09-07T21:32:40.6312610Z ##[endgroup]
2026-09-07T21:32:40.6329066Z Temporarily overriding HOME='/home/runner/work/_temp/3fea666d-452b-4ccd-b267-4ac3df0b084f' before making global git config changes
2026-09-07T21:32:40.6331761Z Adding repository directory to the temporary git global config as a safe directory
2026-09-07T21:32:40.6335633Z [command]/usr/bin/git config --global --add safe.directory /home/runner/work/USKOCI-CLEAN/USKOCI-CLEAN
2026-09-07T21:32:40.6389841Z Deleting the contents of '/home/runner/work/USKOCI-CLEAN/USKOCI-CLEAN'
2026-09-07T21:32:40.6394985Z ##[group]Initializing the repository
2026-09-07T21:32:40.6399776Z [command]/usr/bin/git init /home/runner/work/USKOCI-CLEAN/USKOCI-CLEAN
2026-09-07T21:32:40.6510096Z hint: Using 'master' as the name for the initial branch. This default branch name
2026-09-07T21:32:40.6511789Z hint: will change to "main" in Git 3.0. To configure the initial branch name
2026-09-07T21:32:40.6512696Z hint: to use in all of your new repositories, which will suppress this warning,
2026-09-07T21:32:40.6513314Z hint: call:
2026-09-07T21:32:40.6513686Z hint:
2026-09-07T21:32:40.6514198Z hint: 	git config --global init.defaultBranch <name>
2026-09-07T21:32:40.6514705Z hint:
2026-09-07T21:32:40.6515198Z hint: Names commonly chosen instead of 'master' are 'main', 'trunk' and
2026-09-07T21:32:40.6516165Z hint: 'development'. The just-created branch can be renamed via this command:
2026-09-07T21:32:40.6516761Z hint:
2026-09-07T21:32:40.6517141Z hint: 	git branch -m <name>
2026-09-07T21:32:40.6517561Z hint:
2026-09-07T21:32:40.6518077Z hint: Disable this message with "git config set advice.defaultBranchName false"
2026-09-07T21:32:40.6523448Z Initialized empty Git repository in /home/runner/work/USKOCI-CLEAN/USKOCI-CLEAN/.git/
2026-09-07T21:32:40.6535577Z [command]/usr/bin/git remote add origin https://github.com/Uskoci1/USKOCI-CLEAN
2026-09-07T21:32:40.6586262Z ##[endgroup]
2026-09-07T21:32:40.6587528Z ##[group]Disabling automatic garbage collection
2026-09-07T21:32:40.6591201Z [command]/usr/bin/git config --local gc.auto 0
2026-09-07T21:32:40.6625699Z ##[endgroup]
2026-09-07T21:32:40.6626943Z ##[group]Setting up auth
2026-09-07T21:32:40.6633505Z [command]/usr/bin/git config --local --name-only --get-regexp core\.sshCommand
2026-09-07T21:32:40.6677321Z [command]/usr/bin/git submodule foreach --recursive sh -c "git config --local --name-only --get-regexp 'core\.sshCommand' && git config --local --unset-all 'core.sshCommand' || :"
2026-09-07T21:32:40.7067748Z [command]/usr/bin/git config --local --name-only --get-regexp http\.https\:\/\/github\.com\/\.extraheader
2026-09-07T21:32:40.7112480Z [command]/usr/bin/git submodule foreach --recursive sh -c "git config --local --name-only --get-regexp 'http\.https\:\/\/github\.com\/\.extraheader' && git config --local --unset-all 'http.https://github.com/.extraheader' || :"
2026-09-07T21:32:40.7340521Z [command]/usr/bin/git config --local --name-only --get-regexp ^includeIf\.gitdir:
2026-09-07T21:32:40.7379297Z [command]/usr/bin/git submodule foreach --recursive git config --local --show-origin --name-only --get-regexp remote.origin.url
2026-09-07T21:32:40.7605340Z [command]/usr/bin/git config --local http.https://github.com/.extraheader AUTHORIZATION: basic ***
2026-09-07T21:32:40.7644051Z ##[endgroup]
2026-09-07T21:32:40.7653651Z ##[group]Fetching the repository
2026-09-07T21:32:40.7654958Z [command]/usr/bin/git -c protocol.version=2 fetch --no-tags --prune --no-recurse-submodules --depth=1 origin +82a99fc115ff813327e9548c66fedd8413d29bff:refs/remotes/origin/feat/figma-entry-20260907
2026-09-07T21:32:43.0903863Z From https://github.com/Uskoci1/USKOCI-CLEAN
2026-09-07T21:32:43.0904623Z  * [new ref]         82a99fc115ff813327e9548c66fedd8413d29bff -> origin/feat/figma-entry-20260907
2026-09-07T21:32:43.0908106Z ##[endgroup]
2026-09-07T21:32:43.0909324Z ##[group]Determining the checkout info
2026-09-07T21:32:43.0911094Z ##[endgroup]
2026-09-07T21:32:43.0917908Z [command]/usr/bin/git sparse-checkout disable
2026-09-07T21:32:43.0976660Z [command]/usr/bin/git config --local --unset-all extensions.worktreeConfig
2026-09-07T21:32:43.1008614Z ##[group]Checking out the ref
2026-09-07T21:32:43.1012810Z [command]/usr/bin/git checkout --progress --force -B feat/figma-entry-20260907 refs/remotes/origin/feat/figma-entry-20260907
2026-09-07T21:32:43.3397760Z Switched to a new branch 'feat/figma-entry-20260907'
2026-09-07T21:32:43.3402584Z branch 'feat/figma-entry-20260907' set up to track 'origin/feat/figma-entry-20260907'.
2026-09-07T21:32:43.3422432Z ##[endgroup]
2026-09-07T21:32:43.3475081Z [command]/usr/bin/git log -1 --format=%H
2026-09-07T21:32:43.3506012Z 82a99fc115ff813327e9548c66fedd8413d29bff
2026-09-07T21:32:43.3724072Z ##[group]Run sh supabase/migrations/check_md5.sh
2026-09-07T21:32:43.3724593Z sh supabase/migrations/check_md5.sh
2026-09-07T21:32:43.3764391Z shell: /usr/bin/bash -e {0}
2026-09-07T21:32:43.3764685Z env:
2026-09-07T21:32:43.3764888Z   CI: 1
2026-09-07T21:32:43.3765104Z   SUPABASE_TELEMETRY_DISABLED: 1
2026-09-07T21:32:43.3765377Z   DO_NOT_TRACK: 1
2026-09-07T21:32:43.3765615Z   RU5_DEVICE_PACKAGE: rs.uskoci.n04proof
2026-09-07T21:32:43.3765982Z   RU5_DEVICE_ARTIFACT_DIR: artifacts/intent-shell-device
2026-09-07T21:32:43.3766342Z   RU5_ENTRY_PROOF: 1
2026-09-07T21:32:43.3766571Z ##[endgroup]
2026-09-07T21:32:43.4227308Z PASS migration_integrity files=87 live_snapshot=87 pending=0 191500=RECORDED_STATEMENT_RECONSTRUCTION exact_byte_mirror=false participant_contract=PASS
2026-09-07T21:32:43.4326336Z Node 20 is being deprecated. This workflow is running with Node 24 by default. If you need to temporarily use Node 20, you can set the ACTIONS_ALLOW_USE_UNSECURE_NODE_VERSION=true environment variable. For more information see: https://github.blog/changelog/2025-09-19-deprecation-of-node-20-on-github-actions-runners/
2026-09-07T21:32:43.4328089Z ##[group]Run supabase/setup-cli@ab058987d8d6c725971f6cf9d0b5c98467e30bd1
2026-09-07T21:32:43.4328489Z with:
2026-09-07T21:32:43.4328727Z   version: 2.116.0
2026-09-07T21:32:43.4331876Z   github-token: ***
2026-09-07T21:32:43.4332132Z env:
2026-09-07T21:32:43.4332331Z   CI: 1
2026-09-07T21:32:43.4332540Z   SUPABASE_TELEMETRY_DISABLED: 1
2026-09-07T21:32:43.4332807Z   DO_NOT_TRACK: 1
2026-09-07T21:32:43.4333050Z   RU5_DEVICE_PACKAGE: rs.uskoci.n04proof
2026-09-07T21:32:43.4333394Z   RU5_DEVICE_ARTIFACT_DIR: artifacts/intent-shell-device
2026-09-07T21:32:43.4333722Z   RU5_ENTRY_PROOF: 1
2026-09-07T21:32:43.4333941Z ##[endgroup]
2026-09-07T21:32:43.9923561Z [command]/usr/bin/tar xz --warning=no-unknown-keyword --overwrite -C /home/runner/work/_temp/b6e75494-5049-44c8-b3de-12ce52d0323a -f /home/runner/work/_temp/2038c691-04da-4ceb-8070-31c185b3a864
2026-09-07T21:32:45.4786721Z Node 20 is being deprecated. This workflow is running with Node 24 by default. If you need to temporarily use Node 20, you can set the ACTIONS_ALLOW_USE_UNSECURE_NODE_VERSION=true environment variable. For more information see: https://github.blog/changelog/2025-09-19-deprecation-of-node-20-on-github-actions-runners/
2026-09-07T21:32:45.4788083Z ##[group]Run actions/setup-node@v4
2026-09-07T21:32:45.4788363Z with:
2026-09-07T21:32:45.4788572Z   node-version: 24
2026-09-07T21:32:45.4788789Z   cache: npm
2026-09-07T21:32:45.4788991Z   always-auth: false
2026-09-07T21:32:45.4789219Z   check-latest: false
2026-09-07T21:32:45.4792115Z   token: ***
2026-09-07T21:32:45.4792331Z env:
2026-09-07T21:32:45.4792522Z   CI: 1
2026-09-07T21:32:45.4792737Z   SUPABASE_TELEMETRY_DISABLED: 1
2026-09-07T21:32:45.4793007Z   DO_NOT_TRACK: 1
2026-09-07T21:32:45.4793258Z   RU5_DEVICE_PACKAGE: rs.uskoci.n04proof
2026-09-07T21:32:45.4793613Z   RU5_DEVICE_ARTIFACT_DIR: artifacts/intent-shell-device
2026-09-07T21:32:45.4794165Z   RU5_ENTRY_PROOF: 1
2026-09-07T21:32:45.4794422Z   SUPABASE_INTERNAL_IMAGE_REGISTRY: ghcr.io
2026-09-07T21:32:45.4794724Z ##[endgroup]
2026-09-07T21:32:45.6179868Z Found in cache @ /opt/hostedtoolcache/node/24.20.0/x64
2026-09-07T21:32:45.6184381Z (node:2239) [DEP0040] DeprecationWarning: The `punycode` module is deprecated. Please use a userland alternative instead.
2026-09-07T21:32:45.6185321Z (Use `node --trace-deprecation ...` to show where the warning was created)
2026-09-07T21:32:45.6187178Z ##[group]Environment details
2026-09-07T21:32:46.0227670Z node: v24.20.0
2026-09-07T21:32:46.0228115Z npm: 11.19.0
2026-09-07T21:32:46.0228471Z yarn: 1.22.22
2026-09-07T21:32:46.0229483Z ##[endgroup]
2026-09-07T21:32:46.0248237Z [command]/opt/hostedtoolcache/node/24.20.0/x64/bin/npm config get cache
2026-09-07T21:32:46.1370301Z /home/runner/.npm
2026-09-07T21:32:46.3958189Z Cache hit for: node-cache-Linux-x64-npm-8397ea54b5b80fda2980aa993dfe2420b89679f27acfefdcdfd110c26b03facb
2026-09-07T21:32:46.4100521Z (node:2239) [DEP0169] DeprecationWarning: `url.parse()` behavior is not standardized and prone to errors that have security implications. Use the WHATWG URL API instead. CVEs are not issued for `url.parse()` vulnerabilities.
2026-09-07T21:32:47.6788012Z Received 4194304 of 195310476 (2.1%), 4.0 MBs/sec
2026-09-07T21:32:48.6794626Z Received 125829120 of 195310476 (64.4%), 60.0 MBs/sec
2026-09-07T21:32:49.2202656Z Received 195310476 of 195310476 (100.0%), 73.3 MBs/sec
2026-09-07T21:32:49.2204185Z Cache Size: ~186 MB (195310476 B)
2026-09-07T21:32:49.2242610Z [command]/usr/bin/tar -xf /home/runner/work/_temp/4493db07-546a-4084-951c-c673a48c5a44/cache.tzst -P -C /home/runner/work/USKOCI-CLEAN/USKOCI-CLEAN --use-compress-program unzstd
2026-09-07T21:32:49.6065313Z Cache restored successfully
2026-09-07T21:32:49.6155634Z Cache restored from key: node-cache-Linux-x64-npm-8397ea54b5b80fda2980aa993dfe2420b89679f27acfefdcdfd110c26b03facb
2026-09-07T21:32:49.6376199Z ##[group]Run actions/setup-java@v5
2026-09-07T21:32:49.6376535Z with:
2026-09-07T21:32:49.6376754Z   distribution: temurin
2026-09-07T21:32:49.6376995Z   java-version: 17
2026-09-07T21:32:49.6377225Z   java-package: jdk
2026-09-07T21:32:49.6377452Z   check-latest: false
2026-09-07T21:32:49.6377674Z   set-default: true
2026-09-07T21:32:49.6377896Z   verify-signature: false
2026-09-07T21:32:49.6378144Z   server-id: github
2026-09-07T21:32:49.6378383Z   server-username: GITHUB_ACTOR
2026-09-07T21:32:49.6378656Z   server-password: [REDACTED_NAMED_ASSIGNMENT]
2026-09-07T21:32:49.6378926Z   overwrite-settings: true
2026-09-07T21:32:49.6379171Z   job-status: success
2026-09-07T21:32:49.6382330Z   token: ***
2026-09-07T21:32:49.6382585Z   show-download-progress: false
2026-09-07T21:32:49.6382852Z env:
2026-09-07T21:32:49.6383047Z   CI: 1
2026-09-07T21:32:49.6383256Z   SUPABASE_TELEMETRY_DISABLED: 1
2026-09-07T21:32:49.6383517Z   DO_NOT_TRACK: 1
2026-09-07T21:32:49.6383797Z   RU5_DEVICE_PACKAGE: rs.uskoci.n04proof
2026-09-07T21:32:49.6384157Z   RU5_DEVICE_ARTIFACT_DIR: artifacts/intent-shell-device
2026-09-07T21:32:49.6384493Z   RU5_ENTRY_PROOF: 1
2026-09-07T21:32:49.6384749Z   SUPABASE_INTERNAL_IMAGE_REGISTRY: ghcr.io
2026-09-07T21:32:49.6385043Z ##[endgroup]
2026-09-07T21:32:49.7890744Z ##[group]Installed distributions
2026-09-07T21:32:49.8330729Z Resolved Java 17.0.20+1 from tool-cache
2026-09-07T21:32:49.8331769Z Setting Java 17.0.20+1 as the default
2026-09-07T21:32:49.8337697Z Creating toolchains.xml for JDK version 17 from temurin
2026-09-07T21:32:49.8415910Z Writing to /home/runner/.m2/toolchains.xml
2026-09-07T21:32:49.8416350Z
2026-09-07T21:32:49.8416627Z Java configuration:
2026-09-07T21:32:49.8417157Z   Distribution: temurin
2026-09-07T21:32:49.8417657Z   Version: 17.0.20+1
2026-09-07T21:32:49.8418411Z   Path: /opt/hostedtoolcache/Java_Temurin-Hotspot_jdk/17.0.20-1/x64
2026-09-07T21:32:49.8418973Z
2026-09-07T21:32:49.8419472Z ##[endgroup]
2026-09-07T21:32:49.8425480Z Creating settings.xml with server-id: github
2026-09-07T21:32:49.8464465Z Writing to /home/runner/.m2/settings.xml
2026-09-07T21:32:49.8467746Z Configured MAVEN_ARGS to include -ntp to suppress Maven transfer progress logs. Set 'show-download-progress: true' to keep the download progress output.
2026-09-07T21:32:49.8585256Z ##[group]Run npm ci
2026-09-07T21:32:49.8585654Z npm ci
2026-09-07T21:32:49.8632590Z shell: /usr/bin/bash -e {0}
2026-09-07T21:32:49.8632870Z env:
2026-09-07T21:32:49.8633073Z   CI: 1
2026-09-07T21:32:49.8633291Z   SUPABASE_TELEMETRY_DISABLED: 1
2026-09-07T21:32:49.8633565Z   DO_NOT_TRACK: 1
2026-09-07T21:32:49.8633828Z   RU5_DEVICE_PACKAGE: rs.uskoci.n04proof
2026-09-07T21:32:49.8634200Z   RU5_DEVICE_ARTIFACT_DIR: artifacts/intent-shell-device
2026-09-07T21:32:49.8634572Z   RU5_ENTRY_PROOF: 1
2026-09-07T21:32:49.8634846Z   SUPABASE_INTERNAL_IMAGE_REGISTRY: ghcr.io
2026-09-07T21:32:49.8635275Z   JAVA_HOME: /opt/hostedtoolcache/Java_Temurin-Hotspot_jdk/17.0.20-1/x64
2026-09-07T21:32:49.8635790Z   JAVA_HOME_17_X64: /opt/hostedtoolcache/Java_Temurin-Hotspot_jdk/17.0.20-1/x64
2026-09-07T21:32:49.8636209Z   MAVEN_ARGS: -ntp
2026-09-07T21:32:49.8636430Z ##[endgroup]
2026-09-07T21:32:54.8380238Z npm warn deprecated inflight@1.0.6: This module is not supported, and leaks memory. Do not use it. Check out lru-cache if you want a good and tested way to coalesce async requests by a key value, which is much more comprehensive and powerful.
2026-09-07T21:32:55.0259172Z npm warn deprecated abab@2.0.6: Use your platform's native atob() and btoa() methods instead
2026-09-07T21:32:55.0579812Z npm warn deprecated glob@7.2.3: Old versions of glob are not supported, and contain widely publicized security vulnerabilities, which have been fixed in the current version. Please update. Support for old versions may be purchased (at exorbitant rates) by contacting i@izs.me
2026-09-07T21:32:55.0594249Z npm warn deprecated glob@7.2.3: Old versions of glob are not supported, and contain widely publicized security vulnerabilities, which have been fixed in the current version. Please update. Support for old versions may be purchased (at exorbitant rates) by contacting i@izs.me
2026-09-07T21:32:55.0617135Z npm warn deprecated glob@7.2.3: Old versions of glob are not supported, and contain widely publicized security vulnerabilities, which have been fixed in the current version. Please update. Support for old versions may be purchased (at exorbitant rates) by contacting i@izs.me
2026-09-07T21:32:55.0647139Z npm warn deprecated glob@7.2.3: Old versions of glob are not supported, and contain widely publicized security vulnerabilities, which have been fixed in the current version. Please update. Support for old versions may be purchased (at exorbitant rates) by contacting i@izs.me
2026-09-07T21:32:55.0661150Z npm warn deprecated whatwg-encoding@2.0.0: Use @exodus/bytes instead for a more spec-conformant and faster implementation
2026-09-07T21:32:55.2935991Z npm warn deprecated domexception@4.0.0: Use your platform's native DOMException instead
2026-09-07T21:33:09.6838230Z
2026-09-07T21:33:09.6838935Z > uskoci-app@1.0.0 postinstall
2026-09-07T21:33:09.6839894Z > node ./scripts/sync-entry-reference-assets.cjs
2026-09-07T21:33:09.6840359Z
2026-09-07T21:33:09.7462354Z [entry-reference] city 64388 bytes mime=image/webp sha256=ad4c57566f3a69b269f6371f2ed516146e583e820c2ce8051c3dcaf870193f01
2026-09-07T21:33:09.7465366Z [entry-reference] font 134916 bytes header=00010000 sha256=0b82ab5fdba8e0147e38e89237ea4a430f0d7017c313d9b8e56a309acde756c0
2026-09-07T21:33:09.7466584Z [entry-reference] animation data generated from canonical HTML
2026-09-07T21:33:09.8459226Z
2026-09-07T21:33:09.8460065Z added 855 packages, and audited 857 packages in 20s
2026-09-07T21:33:09.8460601Z
2026-09-07T21:33:09.8466825Z 82 packages are looking for funding
2026-09-07T21:33:09.8467752Z   run `npm fund` for details
2026-09-07T21:33:09.8475364Z
2026-09-07T21:33:09.8475789Z found 0 vulnerabilities
2026-09-07T21:33:09.9652245Z ##[group]Run npx tsc --noEmit
2026-09-07T21:33:09.9652618Z npx tsc --noEmit
2026-09-07T21:33:09.9703796Z shell: /usr/bin/bash -e {0}
2026-09-07T21:33:09.9704256Z env:
2026-09-07T21:33:09.9704459Z   CI: 1
2026-09-07T21:33:09.9704679Z   SUPABASE_TELEMETRY_DISABLED: 1
2026-09-07T21:33:09.9704951Z   DO_NOT_TRACK: 1
2026-09-07T21:33:09.9705201Z   RU5_DEVICE_PACKAGE: rs.uskoci.n04proof
2026-09-07T21:33:09.9705558Z   RU5_DEVICE_ARTIFACT_DIR: artifacts/intent-shell-device
2026-09-07T21:33:09.9705893Z   RU5_ENTRY_PROOF: 1
2026-09-07T21:33:09.9706154Z   SUPABASE_INTERNAL_IMAGE_REGISTRY: ghcr.io
2026-09-07T21:33:09.9706576Z   JAVA_HOME: /opt/hostedtoolcache/Java_Temurin-Hotspot_jdk/17.0.20-1/x64
2026-09-07T21:33:09.9707100Z   JAVA_HOME_17_X64: /opt/hostedtoolcache/Java_Temurin-Hotspot_jdk/17.0.20-1/x64
2026-09-07T21:33:09.9707531Z   MAVEN_ARGS: -ntp
2026-09-07T21:33:09.9707763Z ##[endgroup]
2026-09-07T21:33:15.7131922Z ##[group]Run npm test -- --runInBand
2026-09-07T21:33:15.7132313Z npm test -- --runInBand
2026-09-07T21:33:15.7168557Z shell: /usr/bin/bash -e {0}
2026-09-07T21:33:15.7168839Z env:
2026-09-07T21:33:15.7169037Z   CI: 1
2026-09-07T21:33:15.7169270Z   SUPABASE_TELEMETRY_DISABLED: 1
2026-09-07T21:33:15.7169549Z   DO_NOT_TRACK: 1
2026-09-07T21:33:15.7169794Z   RU5_DEVICE_PACKAGE: rs.uskoci.n04proof
2026-09-07T21:33:15.7170151Z   RU5_DEVICE_ARTIFACT_DIR: artifacts/intent-shell-device
2026-09-07T21:33:15.7170487Z   RU5_ENTRY_PROOF: 1
2026-09-07T21:33:15.7170755Z   SUPABASE_INTERNAL_IMAGE_REGISTRY: ghcr.io
2026-09-07T21:33:15.7171170Z   JAVA_HOME: /opt/hostedtoolcache/Java_Temurin-Hotspot_jdk/17.0.20-1/x64
2026-09-07T21:33:15.7172049Z   JAVA_HOME_17_X64: /opt/hostedtoolcache/Java_Temurin-Hotspot_jdk/17.0.20-1/x64
2026-09-07T21:33:15.7172462Z   MAVEN_ARGS: -ntp
2026-09-07T21:33:15.7172694Z ##[endgroup]
2026-09-07T21:33:15.8234545Z
2026-09-07T21:33:15.8235249Z > uskoci-app@1.0.0 test
2026-09-07T21:33:15.8235875Z > jest --runInBand
2026-09-07T21:33:15.8236164Z
2026-09-07T21:33:18.7733549Z PASS src/data/__tests__/agreement-outbox.test.ts
2026-09-07T21:33:19.1651118Z PASS src/data/__tests__/task-detail-screen.test.tsx
2026-09-07T21:33:19.9784494Z PASS src/data/__tests__/auth-entry-surface.test.tsx
2026-09-07T21:33:20.1807743Z PASS src/store/__tests__/session-epoch.test.ts
2026-09-07T21:33:20.4492476Z PASS src/data/__tests__/agreement-screen-recovery.test.tsx
2026-09-07T21:33:20.5750820Z PASS src/data/__tests__/auth-entry-hooks.test.tsx
2026-09-07T21:33:27.0783716Z PASS src/store/__tests__/session-layout.test.tsx (6.486 s)
2026-09-07T21:33:27.1972417Z PASS src/data/__tests__/cdl-a09-worker-profile-equivalence.test.ts
2026-09-07T21:33:27.3847122Z PASS src/data/__tests__/profile-hub.test.tsx
2026-09-07T21:33:27.5664761Z PASS src/data/__tests__/agreement-chat-ui.test.tsx
2026-09-07T21:33:27.6834092Z PASS src/store/__tests__/return-target-ownership.test.ts
2026-09-07T21:33:27.7872602Z PASS src/data/__tests__/cdl-a03-need-read-equivalence.test.ts
2026-09-07T21:33:27.9114917Z PASS src/data/__tests__/cdl-a02-agreement-mutation-equivalence.test.ts
2026-09-07T21:33:28.0753098Z PASS scripts/__tests__/eas-preview-guard.test.ts
2026-09-07T21:33:30.9711079Z PASS src/data/__tests__/m02-atomski-izbor.test.ts
2026-09-07T21:33:31.0664805Z PASS src/data/__tests__/cdl-a01-agreement-read-equivalence.test.ts
2026-09-07T21:33:34.4771996Z PASS src/data/__tests__/r02-ai-nacrt.test.ts
2026-09-07T21:33:34.5998447Z PASS src/data/__tests__/notification-preferences-client.test.ts
2026-09-07T21:33:34.7255396Z PASS src/data/__tests__/inbox-model.test.ts
2026-09-07T21:33:34.9034657Z PASS src/data/__tests__/application-composer-read.test.tsx
2026-09-07T21:33:35.0224231Z PASS src/data/__tests__/auth-client.test.ts
2026-09-07T21:33:35.1220827Z PASS src/data/__tests__/task-detail-read.test.ts
2026-09-07T21:33:35.2158149Z PASS src/data/__tests__/ru5-p0c03-application-client.test.ts
2026-09-07T21:33:35.2943164Z PASS src/data/__tests__/cdl-a10-ai-command-shadow-equivalence.test.ts
2026-09-07T21:33:36.7684779Z PASS scripts/__tests__/firebase-config.test.ts
2026-09-07T21:33:36.9062266Z PASS src/data/__tests__/entry-intro-hook.test.tsx
2026-09-07T21:33:37.0364356Z PASS src/data/__tests__/entry-splash-ready-hook.test.tsx
2026-09-07T21:33:37.1473208Z PASS src/data/__tests__/auth-availability-client.test.ts
2026-09-07T21:33:37.2538469Z PASS src/data/__tests__/own-profile-client.test.ts
2026-09-07T21:33:37.3304587Z PASS src/data/__tests__/ru5-p0c01-public-profile.test.ts
2026-09-07T21:33:37.4146347Z PASS __tests__/notificationMessageEventContract.test.ts
2026-09-07T21:33:37.5257171Z PASS src/data/__tests__/agreement-message-client.test.ts
2026-09-07T21:33:37.6181183Z PASS src/data/__tests__/agreement-message-read.test.ts
2026-09-07T21:33:37.7020183Z PASS src/data/__tests__/cdl-a12-ai-publish-shadow-equivalence.test.ts
2026-09-07T21:33:37.8010429Z PASS __tests__/tabLayoutSafeAreaContract.test.ts
2026-09-07T21:33:40.4349951Z PASS src/data/__tests__/m07-zavrsetak.test.ts
2026-09-07T21:33:40.5202672Z PASS src/data/__tests__/cdl-a05-phone-grant-equivalence.test.ts
2026-09-07T21:33:42.8979524Z PASS src/data/__tests__/m04-privatnost-kontakt.test.ts
2026-09-07T21:33:43.1044375Z PASS __tests__/routerDecoderDependencyContract.test.ts
2026-09-07T21:33:43.1730673Z PASS __tests__/notificationSelectionEventContract.test.ts
2026-09-07T21:33:43.2578786Z PASS src/data/__tests__/cdl-a08-exact-location-equivalence.test.ts
2026-09-07T21:33:43.3309310Z PASS src/data/__tests__/cdl-a07-completion-mark-equivalence.test.ts
2026-09-07T21:33:43.4280198Z PASS src/data/__tests__/focused-resource-hook.test.tsx
2026-09-07T21:33:43.5076381Z PASS src/data/__tests__/opportunities-read.test.ts
2026-09-07T21:33:43.6012042Z PASS src/data/__tests__/ru2-ai-v2-ui.test.ts
2026-09-07T21:33:43.6723964Z PASS src/data/__tests__/cdl-a06-problem-report-equivalence.test.ts
2026-09-07T21:33:43.8982922Z PASS src/data/__tests__/entry-brand-scene-clock.test.tsx
2026-09-07T21:33:43.9740720Z PASS src/data/__tests__/cdl-a11-ai-conversation-shadow-equivalence.test.ts
2026-09-07T21:33:44.0586972Z PASS src/data/__tests__/cdl-a04-response-viewed-equivalence.test.ts
2026-09-07T21:33:44.1421691Z PASS src/store/__tests__/auth-runtime.test.ts
2026-09-07T21:33:44.2522862Z PASS src/data/__tests__/inbox-client.test.ts
2026-09-07T21:33:44.3234949Z PASS src/data/__tests__/focused-resource.test.ts
2026-09-07T21:33:44.4233095Z PASS src/data/__tests__/entry-intent-client.test.ts
2026-09-07T21:33:44.4910323Z PASS __tests__/ru5DevicePostflightSqlContract.test.ts
2026-09-07T21:33:44.5882234Z PASS src/data/__tests__/agreement-outbox-hook.test.tsx
2026-09-07T21:33:44.6558032Z PASS __tests__/notificationForwardAdmissionContract.test.ts
2026-09-07T21:33:44.7330263Z PASS __tests__/inboxBackendContract.test.ts
2026-09-07T21:33:44.7975116Z PASS src/data/__tests__/ru5-p0d01-candidate-projection-contract.test.ts
2026-09-07T21:33:44.8731043Z PASS __tests__/entrySafeAreaContract.test.ts
2026-09-07T21:33:44.9376784Z PASS __tests__/notificationPushRegistryContract.test.ts
2026-09-07T21:33:45.0052778Z PASS __tests__/notificationAgreementChangeContract.test.ts
2026-09-07T21:33:45.2977432Z PASS src/lib/__tests__/selectionIdempotency.test.ts
2026-09-07T21:33:45.4510702Z PASS __tests__/nativeBuildDependencyContract.test.ts
2026-09-07T21:33:45.5248961Z PASS src/data/__tests__/aiNeedV2Ui.test.ts
2026-09-07T21:33:45.5262227Z
2026-09-07T21:33:45.5270769Z Test Suites: 64 passed, 64 total
2026-09-07T21:33:45.5271666Z Tests:       600 passed, 600 total
2026-09-07T21:33:45.5272235Z Snapshots:   0 total
2026-09-07T21:33:45.5272713Z Time:        29.008 s
2026-09-07T21:33:45.5273183Z Ran all test suites.
2026-09-07T21:33:45.7106025Z ##[group]Run python3 -m unittest scripts/test_ru5_android_input.py scripts/test_intent_shell_android.py -v
2026-09-07T21:33:45.7106886Z python3 -m unittest scripts/test_ru5_android_input.py scripts/test_intent_shell_android.py -v
2026-09-07T21:33:45.7144134Z shell: /usr/bin/bash -e {0}
2026-09-07T21:33:45.7144417Z env:
2026-09-07T21:33:45.7144615Z   CI: 1
2026-09-07T21:33:45.7144828Z   SUPABASE_TELEMETRY_DISABLED: 1
2026-09-07T21:33:45.7145103Z   DO_NOT_TRACK: 1
2026-09-07T21:33:45.7145344Z   RU5_DEVICE_PACKAGE: rs.uskoci.n04proof
2026-09-07T21:33:45.7145876Z   RU5_DEVICE_ARTIFACT_DIR: artifacts/intent-shell-device
2026-09-07T21:33:45.7146208Z   RU5_ENTRY_PROOF: 1
2026-09-07T21:33:45.7146467Z   SUPABASE_INTERNAL_IMAGE_REGISTRY: ghcr.io
2026-09-07T21:33:45.7146886Z   JAVA_HOME: /opt/hostedtoolcache/Java_Temurin-Hotspot_jdk/17.0.20-1/x64
2026-09-07T21:33:45.7147407Z   JAVA_HOME_17_X64: /opt/hostedtoolcache/Java_Temurin-Hotspot_jdk/17.0.20-1/x64
2026-09-07T21:33:45.7147851Z   MAVEN_ARGS: -ntp
2026-09-07T21:33:45.7148076Z ##[endgroup]
2026-09-07T21:33:45.8302756Z test_command_failure_does_not_log_secret_arguments (scripts.test_ru5_android_input.AndroidInputHarnessTests.test_command_failure_does_not_log_secret_arguments) ... ok
2026-09-07T21:33:45.8334673Z test_dropped_text_is_detected_and_retried (scripts.test_ru5_android_input.AndroidInputHarnessTests.test_dropped_text_is_detected_and_retried) ... ok
2026-09-07T21:33:45.8366337Z test_failed_password_readback_logs_no_value_or_length (scripts.test_ru5_android_input.AndroidInputHarnessTests.test_failed_password_readback_logs_no_value_or_length) ... ok
2026-09-07T21:33:45.8398050Z test_keyboard_pacing_has_a_deadline_and_cannot_claim_partial_success (scripts.test_ru5_android_input.AndroidInputHarnessTests.test_keyboard_pacing_has_a_deadline_and_cannot_claim_partial_success) ... ok
2026-09-07T21:33:45.8430024Z test_long_email_with_dropped_character_retries_the_whole_value (scripts.test_ru5_android_input.AndroidInputHarnessTests.test_long_email_with_dropped_character_retries_the_whole_value) ... ok
2026-09-07T21:33:45.8461078Z test_long_fixture_email_is_sent_as_separate_paced_key_events (scripts.test_ru5_android_input.AndroidInputHarnessTests.test_long_fixture_email_is_sent_as_separate_paced_key_events) ... ok
2026-09-07T21:33:45.8492897Z test_lost_taps_do_not_type_until_focus_is_confirmed (scripts.test_ru5_android_input.AndroidInputHarnessTests.test_lost_taps_do_not_type_until_focus_is_confirmed) ... ok
2026-09-07T21:33:45.8523734Z test_native_fields_use_screen_order_not_xml_order (scripts.test_ru5_android_input.AndroidInputHarnessTests.test_native_fields_use_screen_order_not_xml_order) ... ok
2026-09-07T21:33:45.8552836Z test_partial_masked_password_is_not_accepted (scripts.test_ru5_android_input.AndroidInputHarnessTests.test_partial_masked_password_is_not_accepted) ... ok
2026-09-07T21:33:45.8583630Z test_password_stays_masked_and_is_not_printed (scripts.test_ru5_android_input.AndroidInputHarnessTests.test_password_stays_masked_and_is_not_printed) ... ok
2026-09-07T21:33:45.8615528Z test_persistent_focus_failure_stops_without_typing (scripts.test_ru5_android_input.AndroidInputHarnessTests.test_persistent_focus_failure_stops_without_typing) ... ok
2026-09-07T21:33:45.8646455Z test_persistent_readback_failure_cannot_claim_success (scripts.test_ru5_android_input.AndroidInputHarnessTests.test_persistent_readback_failure_cannot_claim_success) ... ok
2026-09-07T21:33:45.8675249Z test_plaintext_requires_exact_readback (scripts.test_ru5_android_input.AndroidInputHarnessTests.test_plaintext_requires_exact_readback) ... ok
2026-09-07T21:33:45.8677941Z test_proof_supabase_action_uses_the_proven_immutable_revision (scripts.test_ru5_android_input.AndroidInputHarnessTests.test_proof_supabase_action_uses_the_proven_immutable_revision) ... ok
2026-09-07T21:33:45.8708706Z test_retry_replaces_existing_text_instead_of_appending (scripts.test_ru5_android_input.AndroidInputHarnessTests.test_retry_replaces_existing_text_instead_of_appending) ... ok
2026-09-07T21:33:45.8945136Z test_success_and_retry_diagnostics_are_independent_of_input_contents (scripts.test_ru5_android_input.AndroidInputHarnessTests.test_success_and_retry_diagnostics_are_independent_of_input_contents) ... ok
2026-09-07T21:33:45.8974806Z test_unsupported_shell_transport_input_is_rejected_without_commands (scripts.test_ru5_android_input.AndroidInputHarnessTests.test_unsupported_shell_transport_input_is_rejected_without_commands) ... ok
2026-09-07T21:33:45.8977960Z test_disabled_card_and_offscreen_card_are_not_accepted (scripts.test_intent_shell_android.AgreementMetadataVisibility.test_disabled_card_and_offscreen_card_are_not_accepted) ... ok
2026-09-07T21:33:45.8981242Z test_metadata_overflowing_card_or_screen_bounds_fails (scripts.test_intent_shell_android.AgreementMetadataVisibility.test_metadata_overflowing_card_or_screen_bounds_fails) ... ok
2026-09-07T21:33:45.8984617Z test_observed_worker_overflow_without_schedule_or_amount_fails (scripts.test_intent_shell_android.AgreementMetadataVisibility.test_observed_worker_overflow_without_schedule_or_amount_fails) ... ok
2026-09-07T21:33:45.8987927Z test_real_native_button_hierarchy_preserves_full_schedule_and_amount (scripts.test_intent_shell_android.AgreementMetadataVisibility.test_real_native_button_hierarchy_preserves_full_schedule_and_amount) ... ok
2026-09-07T21:33:45.8991474Z test_text_from_another_card_cannot_substitute_for_missing_amount (scripts.test_intent_shell_android.AgreementMetadataVisibility.test_text_from_another_card_cannot_substitute_for_missing_amount) ... ok
2026-09-07T21:33:45.8994854Z test_truncated_amount_text_cannot_substitute_for_full_currency_amount (scripts.test_intent_shell_android.AgreementMetadataVisibility.test_truncated_amount_text_cannot_substitute_for_full_currency_amount) ... ok
2026-09-07T21:33:45.8997540Z test_disabled_expected_zone_fails (scripts.test_intent_shell_android.IntentShellSelectors.test_disabled_expected_zone_fails) ... ok
2026-09-07T21:33:45.9000084Z test_disabled_historical_profile_is_still_not_allowed (scripts.test_intent_shell_android.IntentShellSelectors.test_disabled_historical_profile_is_still_not_allowed) ... ok
2026-09-07T21:33:45.9002730Z test_five_tab_predecessor_fails (scripts.test_intent_shell_android.IntentShellSelectors.test_five_tab_predecessor_fails) ... ok
2026-09-07T21:33:45.9004809Z test_fourth_unknown_tab_fails (scripts.test_intent_shell_android.IntentShellSelectors.test_fourth_unknown_tab_fails) ... ok
2026-09-07T21:33:45.9007347Z test_header_cannot_substitute_for_missing_bottom_task_zone (scripts.test_intent_shell_android.IntentShellSelectors.test_header_cannot_substitute_for_missing_bottom_task_zone) ... ok
2026-09-07T21:33:45.9010639Z test_requester_three_zones_accept_alias_without_counting_header_or_child_twice (scripts.test_intent_shell_android.IntentShellSelectors.test_requester_three_zones_accept_alias_without_counting_header_or_child_twice) ... ok
2026-09-07T21:33:45.9014447Z test_signed_out_assertion_uses_auth_confirmed_tree_without_second_raw_snapshot (scripts.test_intent_shell_android.IntentShellSelectors.test_signed_out_assertion_uses_auth_confirmed_tree_without_second_raw_snapshot) ... ok
2026-09-07T21:33:45.9017825Z test_signed_out_auth_accepts_real_auth_controls_without_private_tabs (scripts.test_intent_shell_android.IntentShellSelectors.test_signed_out_auth_accepts_real_auth_controls_without_private_tabs) ... ok
2026-09-07T21:33:45.9021116Z test_signed_out_auth_rejects_private_tabs_even_with_auth_control_present (scripts.test_intent_shell_android.IntentShellSelectors.test_signed_out_auth_rejects_private_tabs_even_with_auth_control_present) ... ok
2026-09-07T21:33:45.9024909Z test_signed_out_direct_form_accepts_exact_email_password_fields_in_confirmed_snapshot (scripts.test_intent_shell_android.IntentShellSelectors.test_signed_out_direct_form_accepts_exact_email_password_fields_in_confirmed_snapshot) ... ok
2026-09-07T21:33:45.9026913Z CHECKPOINT SIGNED_OUT_AUTH_NO_PRIVATE_TABS
2026-09-07T21:33:45.9027625Z CHECKPOINT SIGNED_OUT_AUTH_NO_PRIVATE_TABS
2026-09-07T21:33:45.9030198Z test_signed_out_direct_form_rejects_labelled_text_that_is_not_an_editable_field (scripts.test_intent_shell_android.IntentShellSelectors.test_signed_out_direct_form_rejects_labelled_text_that_is_not_an_editable_field) ... ok
2026-09-07T21:33:45.9034057Z test_signed_out_direct_form_rejects_missing_extra_duplicate_or_mislabelled_fields (scripts.test_intent_shell_android.IntentShellSelectors.test_signed_out_direct_form_rejects_missing_extra_duplicate_or_mislabelled_fields) ... ok
2026-09-07T21:33:45.9037445Z test_signed_out_direct_form_rejects_private_tabs_despite_both_real_fields (scripts.test_intent_shell_android.IntentShellSelectors.test_signed_out_direct_form_rejects_private_tabs_despite_both_real_fields) ... ok
2026-09-07T21:33:45.9039946Z test_worker_three_zones_accept (scripts.test_intent_shell_android.IntentShellSelectors.test_worker_three_zones_accept) ... ok
2026-09-07T21:33:45.9041795Z test_wrong_order_fails (scripts.test_intent_shell_android.IntentShellSelectors.test_wrong_order_fails) ... ok
2026-09-07T21:33:45.9042549Z
2026-09-07T21:33:45.9044351Z ----------------------------------------------------------------------
2026-09-07T21:33:45.9045052Z Ran 38 tests in 0.077s
2026-09-07T21:33:45.9045252Z
2026-09-07T21:33:45.9045364Z OK
2026-09-07T21:33:45.9236335Z ##[group]Run node --test supabase/proofs/ru5_device_ui_local_guard.test.mjs
2026-09-07T21:33:45.9237305Z node --test supabase/proofs/ru5_device_ui_local_guard.test.mjs
2026-09-07T21:33:45.9290242Z shell: /usr/bin/bash -e {0}
2026-09-07T21:33:45.9290682Z env:
2026-09-07T21:33:45.9291015Z   CI: 1
2026-09-07T21:33:45.9291640Z   SUPABASE_TELEMETRY_DISABLED: 1
2026-09-07T21:33:45.9292130Z   DO_NOT_TRACK: 1
2026-09-07T21:33:45.9292631Z   RU5_DEVICE_PACKAGE: rs.uskoci.n04proof
2026-09-07T21:33:45.9293284Z   RU5_DEVICE_ARTIFACT_DIR: artifacts/intent-shell-device
2026-09-07T21:33:45.9293929Z   RU5_ENTRY_PROOF: 1
2026-09-07T21:33:45.9294370Z   SUPABASE_INTERNAL_IMAGE_REGISTRY: ghcr.io
2026-09-07T21:33:45.9295096Z   JAVA_HOME: /opt/hostedtoolcache/Java_Temurin-Hotspot_jdk/17.0.20-1/x64
2026-09-07T21:33:45.9296037Z   JAVA_HOME_17_X64: /opt/hostedtoolcache/Java_Temurin-Hotspot_jdk/17.0.20-1/x64
2026-09-07T21:33:45.9296775Z   MAVEN_ARGS: -ntp
2026-09-07T21:33:45.9297199Z ##[endgroup]
2026-09-07T21:33:46.0323647Z ✔ accepts only the existing disposable proof API/database contract (1.338717ms)
2026-09-07T21:33:46.0325579Z ✔ rejects unsafe API case https://leqcwgzvjsxugfgzdmth.supabase.co (0.813469ms)
2026-09-07T21:33:46.0327142Z ✔ rejects unsafe API case http://127.0.0.1.attacker.invalid:54321 (0.236685ms)
2026-09-07T21:33:46.0329208Z ✔ rejects unsafe API case ***attacker.invalid (0.215195ms)
2026-09-07T21:33:46.0333337Z ✔ rejects unsafe API case http://redacted@127.0.0.1:54321 (0.190808ms)
2026-09-07T21:33:46.0335072Z ✔ rejects unsafe API case https://127.0.0.1:54321 (0.225985ms)
2026-09-07T21:33:46.0336619Z ✔ rejects unsafe API case http://127.0.0.1:54322 (0.187923ms)
2026-09-07T21:33:46.0338691Z ✔ rejects unsafe API case http://127.0.0.1:54321/rest/v1 (0.208703ms)
2026-09-07T21:33:46.0343923Z ✔ rejects unsafe API case http://127.0.0.1:54321?target=remote (0.229452ms)
2026-09-07T21:33:46.0345611Z ✔ rejects unsafe API case http://127.0.0.1:54321#remote (0.338006ms)
2026-09-07T21:33:46.0346996Z ✔ rejects unsafe API case undefined (0.203243ms)
2026-09-07T21:33:46.0348389Z ✔ rejects unsafe DB target without exposing credentials (0.354075ms)
2026-09-07T21:33:46.0349960Z ✔ rejects unsafe DB target without exposing credentials (0.237366ms)
2026-09-07T21:33:46.0352473Z ✔ rejects unsafe DB target without exposing credentials (0.158898ms)
2026-09-07T21:33:46.0355859Z ✔ rejects unsafe DB target without exposing credentials (0.173887ms)
2026-09-07T21:33:46.0358082Z ✔ rejects unsafe DB target without exposing credentials (1.06388ms)
2026-09-07T21:33:46.0360297Z ✔ rejects unsafe DB target without exposing credentials (0.144202ms)
2026-09-07T21:33:46.0374523Z ✔ rejects unsafe DB target without exposing credentials (0.167635ms)
2026-09-07T21:33:46.0376341Z ✔ fixture validates both targets before client creation or fixture mutation (0.313389ms)
2026-09-07T21:33:46.0469062Z ℹ tests 19
2026-09-07T21:33:46.0469537Z ℹ suites 0
2026-09-07T21:33:46.0470597Z ℹ pass 19
2026-09-07T21:33:46.0470889Z ℹ fail 0
2026-09-07T21:33:46.0471563Z ℹ cancelled 0
2026-09-07T21:33:46.0472003Z ℹ skipped 0
2026-09-07T21:33:46.0472441Z ℹ todo 0
2026-09-07T21:33:46.0472905Z ℹ duration_ms 77.742656
2026-09-07T21:33:46.0554891Z ##[group]Run bash supabase/proofs/ru5_device_ui_live79_env.sh
2026-09-07T21:33:46.0555388Z bash supabase/proofs/ru5_device_ui_live79_env.sh
2026-09-07T21:33:46.0591910Z shell: /usr/bin/bash -e {0}
2026-09-07T21:33:46.0592186Z env:
2026-09-07T21:33:46.0592389Z   CI: 1
2026-09-07T21:33:46.0592610Z   SUPABASE_TELEMETRY_DISABLED: 1
2026-09-07T21:33:46.0592885Z   DO_NOT_TRACK: 1
2026-09-07T21:33:46.0593130Z   RU5_DEVICE_PACKAGE: rs.uskoci.n04proof
2026-09-07T21:33:46.0593490Z   RU5_DEVICE_ARTIFACT_DIR: artifacts/intent-shell-device
2026-09-07T21:33:46.0593824Z   RU5_ENTRY_PROOF: 1
2026-09-07T21:33:46.0594075Z   SUPABASE_INTERNAL_IMAGE_REGISTRY: ghcr.io
2026-09-07T21:33:46.0594485Z   JAVA_HOME: /opt/hostedtoolcache/Java_Temurin-Hotspot_jdk/17.0.20-1/x64
2026-09-07T21:33:46.0595008Z   JAVA_HOME_17_X64: /opt/hostedtoolcache/Java_Temurin-Hotspot_jdk/17.0.20-1/x64
2026-09-07T21:33:46.0595406Z   MAVEN_ARGS: -ntp
2026-09-07T21:33:46.0595626Z ##[endgroup]
2026-09-07T21:33:46.5066783Z Finished supabase init.
2026-09-07T21:33:46.5761927Z A new version of Supabase CLI is available: v2.117.0 (currently installed v2.116.0)
2026-09-07T21:33:46.5763571Z We recommend updating regularly for new features and bug fixes: https://supabase.com/docs/guides/cli/getting-started#updating-the-supabase-cli
2026-09-07T21:33:48.1103783Z 17.6.1.165: Pulling from supabase/postgres
2026-09-07T21:33:48.1104540Z v2.196.0: Pulling from supabase/gotrue
2026-09-07T21:33:48.1106110Z 1.50.4: Pulling from supabase/logflare
2026-09-07T21:33:48.1107250Z v1.70.3: Pulling from supabase/storage-api
2026-09-07T21:33:48.1168578Z 2.8.1: Pulling from supabase/kong
2026-09-07T21:33:48.1212726Z v2.129.3: Pulling from supabase/realtime
2026-09-07T21:33:48.1221477Z v1.30.2: Pulling from supabase/mailpit
2026-09-07T21:33:48.1365605Z v16.1: Pulling from supabase/postgrest
2026-09-07T21:33:48.1411002Z v1.74.3: Pulling from supabase/edge-runtime
2026-09-07T21:33:48.1425473Z v0.98.0: Pulling from supabase/postgres-meta
2026-09-07T21:33:48.1637551Z 2026.08.17-sha-0c1da8f: Pulling from supabase/studio
2026-09-07T21:33:48.2225054Z 0.53.0-alpine: Pulling from supabase/vector
2026-09-07T21:33:48.2667272Z 55afa1ecc21d: Already exists
2026-09-07T21:33:48.2668763Z e6f31ffc071e: Pulling fs layer
2026-09-07T21:33:48.2672662Z 4816f2085dc3: Pulling fs layer
2026-09-07T21:33:48.2674106Z 5dc68b1acf51: Pulling fs layer
2026-09-07T21:33:48.2675207Z 622a75c3aad4: Pulling fs layer
2026-09-07T21:33:48.2676272Z e733eb89dc5d: Pulling fs layer
2026-09-07T21:33:48.2677109Z b5c055a53a29: Pulling fs layer
2026-09-07T21:33:48.2677743Z de155361b339: Pulling fs layer
2026-09-07T21:33:48.2678343Z ba6e4ed5f64f: Pulling fs layer
2026-09-07T21:33:48.2679139Z 753ec53a43d5: Pulling fs layer
2026-09-07T21:33:48.2679746Z 23f574a925bf: Pulling fs layer
2026-09-07T21:33:48.2680316Z 782b84fd67df: Pulling fs layer
2026-09-07T21:33:48.2680889Z d59fb9edf862: Pulling fs layer
2026-09-07T21:33:48.2681719Z 6aa1b655ba9f: Pulling fs layer
2026-09-07T21:33:48.2682318Z a20c7d9fd396: Pulling fs layer
2026-09-07T21:33:48.2682874Z 5b1cd4d117f8: Pulling fs layer
2026-09-07T21:33:48.2689531Z 33a6ab621c21: Pulling fs layer
2026-09-07T21:33:48.2690230Z cb9ce6281bc1: Pulling fs layer
2026-09-07T21:33:48.2690845Z d055522c5978: Pulling fs layer
2026-09-07T21:33:48.2693286Z c6616e1dace0: Pulling fs layer
2026-09-07T21:33:48.2696001Z 2897e8a71341: Pulling fs layer
2026-09-07T21:33:48.2696625Z 34eb06d3d2a8: Pulling fs layer
2026-09-07T21:33:48.2697211Z 6a1e93e646cb: Pulling fs layer
2026-09-07T21:33:48.2697783Z 2257e3a0ac1d: Pulling fs layer
2026-09-07T21:33:48.2698323Z 8a1eeea57502: Pulling fs layer
2026-09-07T21:33:48.2698852Z 942b358a87cc: Pulling fs layer
2026-09-07T21:33:48.2699394Z c441bf744145: Pulling fs layer
2026-09-07T21:33:48.2700090Z cd4fb4ecd8d5: Pulling fs layer
2026-09-07T21:33:48.2700818Z 358c1e4decda: Pulling fs layer
2026-09-07T21:33:48.2701959Z a014880b262f: Pulling fs layer
2026-09-07T21:33:48.2702631Z b5c055a53a29: Waiting
2026-09-07T21:33:48.2703257Z de155361b339: Waiting
2026-09-07T21:33:48.2704328Z ba6e4ed5f64f: Waiting
2026-09-07T21:33:48.2705000Z 753ec53a43d5: Waiting
2026-09-07T21:33:48.2705686Z 23f574a925bf: Waiting
2026-09-07T21:33:48.2706290Z 782b84fd67df: Waiting
2026-09-07T21:33:48.2791907Z d59fb9edf862: Waiting
2026-09-07T21:33:48.2792457Z 6aa1b655ba9f: Waiting
2026-09-07T21:33:48.2792968Z a20c7d9fd396: Waiting
2026-09-07T21:33:48.2793448Z 5b1cd4d117f8: Waiting
2026-09-07T21:33:48.2793922Z 33a6ab621c21: Waiting
2026-09-07T21:33:48.2794266Z cb9ce6281bc1: Waiting
2026-09-07T21:33:48.2794755Z d055522c5978: Waiting
2026-09-07T21:33:48.2795210Z c6616e1dace0: Waiting
2026-09-07T21:33:48.2795580Z 2897e8a71341: Waiting
2026-09-07T21:33:48.2795823Z 34eb06d3d2a8: Waiting
2026-09-07T21:33:48.2796219Z 6a1e93e646cb: Waiting
2026-09-07T21:33:48.2796481Z 2257e3a0ac1d: Waiting
2026-09-07T21:33:48.2796724Z 8a1eeea57502: Waiting
2026-09-07T21:33:48.2796970Z 942b358a87cc: Waiting
2026-09-07T21:33:48.2797304Z c441bf744145: Waiting
2026-09-07T21:33:48.2797718Z cd4fb4ecd8d5: Waiting
2026-09-07T21:33:48.2798138Z 358c1e4decda: Waiting
2026-09-07T21:33:48.2798548Z a014880b262f: Waiting
2026-09-07T21:33:48.2798934Z 622a75c3aad4: Waiting
2026-09-07T21:33:48.2799346Z e733eb89dc5d: Waiting
2026-09-07T21:33:48.2799841Z 565df2d910df: Pulling fs layer
2026-09-07T21:33:48.2800451Z dc286a8aa197: Pulling fs layer
2026-09-07T21:33:48.2801080Z 518a41cba818: Pulling fs layer
2026-09-07T21:33:48.2802882Z 1278e66a267c: Pulling fs layer
2026-09-07T21:33:48.2803386Z dc286a8aa197: Waiting
2026-09-07T21:33:48.2803865Z 44c4479b4ddc: Pulling fs layer
2026-09-07T21:33:48.2804425Z 1278e66a267c: Waiting
2026-09-07T21:33:48.2804840Z 518a41cba818: Waiting
2026-09-07T21:33:48.2805257Z 565df2d910df: Waiting
2026-09-07T21:33:48.2805693Z 44c4479b4ddc: Waiting
2026-09-07T21:33:48.2806218Z e6f31ffc071e: Pulling fs layer
2026-09-07T21:33:48.2806785Z 5f05fbb94ac9: Pulling fs layer
2026-09-07T21:33:48.2807364Z dbd229483e61: Pulling fs layer
2026-09-07T21:33:48.2807934Z f4e2bfbd8bcd: Pulling fs layer
2026-09-07T21:33:48.2808502Z 521c5280947c: Pulling fs layer
2026-09-07T21:33:48.2809047Z 3f609ae12598: Pulling fs layer
2026-09-07T21:33:48.2809578Z c80645774acf: Pulling fs layer
2026-09-07T21:33:48.2810160Z 5e731b050e43: Pulling fs layer
2026-09-07T21:33:48.2810710Z 0f248d4fdffd: Pulling fs layer
2026-09-07T21:33:48.2811225Z 6db964937c43: Pulling fs layer
2026-09-07T21:33:48.2811956Z 78f6dd8aae59: Pulling fs layer
2026-09-07T21:33:48.2812301Z cecc09177dca: Pulling fs layer
2026-09-07T21:33:48.2812613Z 3adfb80f0287: Pulling fs layer
2026-09-07T21:33:48.2812915Z 868d43efe767: Pulling fs layer
2026-09-07T21:33:48.2813185Z 5f05fbb94ac9: Waiting
2026-09-07T21:33:48.2813446Z dbd229483e61: Waiting
2026-09-07T21:33:48.2813691Z f4e2bfbd8bcd: Waiting
2026-09-07T21:33:48.2813923Z 521c5280947c: Waiting
2026-09-07T21:33:48.2814156Z 3f609ae12598: Waiting
2026-09-07T21:33:48.2814386Z c80645774acf: Waiting
2026-09-07T21:33:48.2814634Z 5e731b050e43: Waiting
2026-09-07T21:33:48.2814875Z 0f248d4fdffd: Waiting
2026-09-07T21:33:48.2815103Z 6db964937c43: Waiting
2026-09-07T21:33:48.2815338Z 78f6dd8aae59: Waiting
2026-09-07T21:33:48.2815572Z cecc09177dca: Waiting
2026-09-07T21:33:48.2815812Z 3adfb80f0287: Waiting
2026-09-07T21:33:48.2816079Z 119d43eec815: Pulling fs layer
2026-09-07T21:33:48.2816380Z 5cc11540fc65: Pulling fs layer
2026-09-07T21:33:48.2816668Z 9ea61687a3a0: Pulling fs layer
2026-09-07T21:33:48.2816956Z 7e63fbbc2e50: Pulling fs layer
2026-09-07T21:33:48.2817242Z f2955455e628: Pulling fs layer
2026-09-07T21:33:48.2817531Z a7b1a0a461fc: Pulling fs layer
2026-09-07T21:33:48.2817820Z c895300000d9: Pulling fs layer
2026-09-07T21:33:48.2818101Z cf5270183f88: Pulling fs layer
2026-09-07T21:33:48.2818394Z 4f4fb700ef54: Pulling fs layer
2026-09-07T21:33:48.2818678Z f623498ee610: Pulling fs layer
2026-09-07T21:33:48.2818932Z 868d43efe767: Waiting
2026-09-07T21:33:48.2819168Z 119d43eec815: Waiting
2026-09-07T21:33:48.2819400Z a7b1a0a461fc: Waiting
2026-09-07T21:33:48.2819633Z c895300000d9: Waiting
2026-09-07T21:33:48.2819863Z cf5270183f88: Waiting
2026-09-07T21:33:48.2820330Z 4f4fb700ef54: Waiting
2026-09-07T21:33:48.2820577Z f623498ee610: Waiting
2026-09-07T21:33:48.2820814Z 5cc11540fc65: Waiting
2026-09-07T21:33:48.2821050Z 9ea61687a3a0: Waiting
2026-09-07T21:33:48.2821742Z 7e63fbbc2e50: Waiting
2026-09-07T21:33:48.2821997Z f2955455e628: Waiting
2026-09-07T21:33:48.2896209Z 213ec9aee27d: Pulling fs layer
2026-09-07T21:33:48.2896947Z a70653f7a2d5: Pulling fs layer
2026-09-07T21:33:48.2897914Z 531e3bd93090: Pulling fs layer
2026-09-07T21:33:48.2898497Z 814dd06d26c7: Pulling fs layer
2026-09-07T21:33:48.2898838Z 213ec9aee27d: Waiting
2026-09-07T21:33:48.2899108Z 531e3bd93090: Waiting
2026-09-07T21:33:48.2899352Z a70653f7a2d5: Waiting
2026-09-07T21:33:48.2899595Z 814dd06d26c7: Waiting
2026-09-07T21:33:48.2997192Z 55afa1ecc21d: Already exists
2026-09-07T21:33:48.3012112Z 95403727e7d4: Pulling fs layer
2026-09-07T21:33:48.3012596Z e326d083c2c9: Pulling fs layer
2026-09-07T21:33:48.3013097Z 95403727e7d4: Waiting
2026-09-07T21:33:48.3013779Z e326d083c2c9: Waiting
2026-09-07T21:33:48.3031173Z 062e450697fa: Pulling fs layer
2026-09-07T21:33:48.3032775Z aadc1df55248: Pulling fs layer
2026-09-07T21:33:48.3034093Z 07f6c7f37eb7: Pulling fs layer
2026-09-07T21:33:48.3035437Z 219bccc39f10: Pulling fs layer
2026-09-07T21:33:48.3036451Z 9d445f162b30: Pulling fs layer
2026-09-07T21:33:48.3037447Z f066bdfa8565: Pulling fs layer
2026-09-07T21:33:48.3038185Z 0ced55f3e717: Pulling fs layer
2026-09-07T21:33:48.3038738Z e39a20378c07: Pulling fs layer
2026-09-07T21:33:48.3039248Z 4683247db99b: Pulling fs layer
2026-09-07T21:33:48.3039757Z ac006f7e52ef: Pulling fs layer
2026-09-07T21:33:48.3040195Z 62d958520b0b: Pulling fs layer
2026-09-07T21:33:48.3040526Z 4f4fb700ef54: Pulling fs layer
2026-09-07T21:33:48.3040816Z 0ced55f3e717: Waiting
2026-09-07T21:33:48.3041068Z e39a20378c07: Waiting
2026-09-07T21:33:48.3041624Z 4683247db99b: Waiting
2026-09-07T21:33:48.3041891Z ac006f7e52ef: Waiting
2026-09-07T21:33:48.3042126Z 62d958520b0b: Waiting
2026-09-07T21:33:48.3042364Z 4f4fb700ef54: Waiting
2026-09-07T21:33:48.3042615Z 062e450697fa: Waiting
2026-09-07T21:33:48.3042858Z aadc1df55248: Waiting
2026-09-07T21:33:48.3043099Z 07f6c7f37eb7: Waiting
2026-09-07T21:33:48.3043331Z 219bccc39f10: Waiting
2026-09-07T21:33:48.3043567Z 9d445f162b30: Waiting
2026-09-07T21:33:48.3043797Z f066bdfa8565: Waiting
2026-09-07T21:33:48.3044090Z bcf274f2d0ac: Pulling fs layer
2026-09-07T21:33:48.3044362Z bcf274f2d0ac: Waiting
2026-09-07T21:33:48.3111959Z 597c6c618d36: Pulling fs layer
2026-09-07T21:33:48.3113619Z c39190ba742d: Pulling fs layer
2026-09-07T21:33:48.3115987Z 60414ed24b30: Pulling fs layer
2026-09-07T21:33:48.3118746Z 0d29c829782d: Pulling fs layer
2026-09-07T21:33:48.3119542Z 597c6c618d36: Waiting
2026-09-07T21:33:48.3120051Z 662b1f44f1ee: Pulling fs layer
2026-09-07T21:33:48.3120553Z c39190ba742d: Waiting
2026-09-07T21:33:48.3120952Z ba9e24d39072: Pulling fs layer
2026-09-07T21:33:48.3121235Z 60414ed24b30: Waiting
2026-09-07T21:33:48.3121905Z 0d29c829782d: Waiting
2026-09-07T21:33:48.3122264Z 662b1f44f1ee: Waiting
2026-09-07T21:33:48.3122782Z ba9e24d39072: Waiting
2026-09-07T21:33:48.3133656Z 039e6f9f9752: Pulling fs layer
2026-09-07T21:33:48.3134308Z 5404bc2cc13c: Pulling fs layer
2026-09-07T21:33:48.3134903Z 555d35074583: Pulling fs layer
2026-09-07T21:33:48.3135518Z 8f99eb9866f3: Pulling fs layer
2026-09-07T21:33:48.3135954Z c0ed9f2d0e0e: Pulling fs layer
2026-09-07T21:33:48.3136303Z 4b118796ff6a: Pulling fs layer
2026-09-07T21:33:48.3136820Z 23c96171f2fe: Pulling fs layer
2026-09-07T21:33:48.3137213Z 753ab3b39a58: Pulling fs layer
2026-09-07T21:33:48.3137810Z 5c18a8cdfd6b: Pulling fs layer
2026-09-07T21:33:48.3138386Z 7505145a46ec: Pulling fs layer
2026-09-07T21:33:48.3138699Z 4b118796ff6a: Waiting
2026-09-07T21:33:48.3138968Z 753ab3b39a58: Waiting
2026-09-07T21:33:48.3139221Z 5c18a8cdfd6b: Waiting
2026-09-07T21:33:48.3139464Z 23c96171f2fe: Waiting
2026-09-07T21:33:48.3139729Z 7505145a46ec: Waiting
2026-09-07T21:33:48.3139976Z 5404bc2cc13c: Waiting
2026-09-07T21:33:48.3140213Z 555d35074583: Waiting
2026-09-07T21:33:48.3140690Z 8f99eb9866f3: Waiting
2026-09-07T21:33:48.3140946Z 039e6f9f9752: Waiting
2026-09-07T21:33:48.3141184Z c0ed9f2d0e0e: Waiting
2026-09-07T21:33:48.3324647Z 039e6f9f9752: Pulling fs layer
2026-09-07T21:33:48.3326025Z 5404bc2cc13c: Pulling fs layer
2026-09-07T21:33:48.3326594Z 555d35074583: Pulling fs layer
2026-09-07T21:33:48.3327167Z 8f99eb9866f3: Pulling fs layer
2026-09-07T21:33:48.3327738Z c0ed9f2d0e0e: Pulling fs layer
2026-09-07T21:33:48.3328292Z b7d0efd3fc9c: Pulling fs layer
2026-09-07T21:33:48.3328857Z c0c4dc518956: Pulling fs layer
2026-09-07T21:33:48.3329391Z 512fd86e6200: Pulling fs layer
2026-09-07T21:33:48.3329927Z 264588d8dd60: Pulling fs layer
2026-09-07T21:33:48.3330406Z c0c4dc518956: Waiting
2026-09-07T21:33:48.3330857Z 512fd86e6200: Waiting
2026-09-07T21:33:48.3331702Z 264588d8dd60: Waiting
2026-09-07T21:33:48.3332166Z 8f99eb9866f3: Waiting
2026-09-07T21:33:48.3332548Z 039e6f9f9752: Waiting
2026-09-07T21:33:48.3333034Z 5404bc2cc13c: Waiting
2026-09-07T21:33:48.3333510Z 555d35074583: Waiting
2026-09-07T21:33:48.3333966Z c0ed9f2d0e0e: Waiting
2026-09-07T21:33:48.3334413Z b7d0efd3fc9c: Waiting
2026-09-07T21:33:48.3897270Z 1074353eec0d: Pulling fs layer
2026-09-07T21:33:48.3898114Z cbf2f7f0a3ba: Pulling fs layer
2026-09-07T21:33:48.3898744Z 7b95344fc011: Pulling fs layer
2026-09-07T21:33:48.3899096Z 0179246107e3: Pulling fs layer
2026-09-07T21:33:48.3899684Z c8a04bee2d5a: Pulling fs layer
2026-09-07T21:33:48.3900023Z 4f4fb700ef54: Pulling fs layer
2026-09-07T21:33:48.3900295Z 0179246107e3: Waiting
2026-09-07T21:33:48.3900555Z 1074353eec0d: Waiting
2026-09-07T21:33:48.3900802Z cbf2f7f0a3ba: Waiting
2026-09-07T21:33:48.3901046Z c8a04bee2d5a: Waiting
2026-09-07T21:33:48.3901557Z 4f4fb700ef54: Waiting
2026-09-07T21:33:48.3901830Z 7b95344fc011: Waiting
2026-09-07T21:33:48.4449525Z 5dc68b1acf51: Verifying Checksum
2026-09-07T21:33:48.4450473Z 5dc68b1acf51: Download complete
2026-09-07T21:33:48.4602849Z e6f31ffc071e: Verifying Checksum
2026-09-07T21:33:48.4603688Z e6f31ffc071e: Verifying Checksum
2026-09-07T21:33:48.4605298Z e6f31ffc071e: Download complete
2026-09-07T21:33:48.4606675Z e6f31ffc071e: Download complete
2026-09-07T21:33:48.4701599Z 4816f2085dc3: Verifying Checksum
2026-09-07T21:33:48.4706087Z 4816f2085dc3: Download complete
2026-09-07T21:33:48.5765854Z e6f31ffc071e: Pull complete
2026-09-07T21:33:48.5766436Z e6f31ffc071e: Pull complete
2026-09-07T21:33:48.6332688Z e733eb89dc5d: Verifying Checksum
2026-09-07T21:33:48.6333263Z e733eb89dc5d: Download complete
2026-09-07T21:33:48.6617601Z b5c055a53a29: Verifying Checksum
2026-09-07T21:33:48.6623153Z b5c055a53a29: Download complete
2026-09-07T21:33:48.8126624Z de155361b339: Verifying Checksum
2026-09-07T21:33:48.8127862Z de155361b339: Download complete
2026-09-07T21:33:48.8310704Z ba6e4ed5f64f: Verifying Checksum
2026-09-07T21:33:48.8311848Z ba6e4ed5f64f: Download complete
2026-09-07T21:33:48.9687043Z 4816f2085dc3: Pull complete
2026-09-07T21:33:48.9778965Z 753ec53a43d5: Verifying Checksum
2026-09-07T21:33:48.9779950Z 753ec53a43d5: Download complete
2026-09-07T21:33:48.9928673Z 23f574a925bf: Verifying Checksum
2026-09-07T21:33:48.9929626Z 23f574a925bf: Download complete
2026-09-07T21:33:49.0118249Z 5dc68b1acf51: Pull complete
2026-09-07T21:33:49.1465399Z 782b84fd67df: Verifying Checksum
2026-09-07T21:33:49.1467193Z 782b84fd67df: Download complete
2026-09-07T21:33:49.1829384Z d59fb9edf862: Verifying Checksum
2026-09-07T21:33:49.1830021Z d59fb9edf862: Download complete
2026-09-07T21:33:49.3129180Z 6aa1b655ba9f: Verifying Checksum
2026-09-07T21:33:49.3135045Z 6aa1b655ba9f: Download complete
2026-09-07T21:33:49.3468378Z a20c7d9fd396: Download complete
2026-09-07T21:33:49.4797641Z 5b1cd4d117f8: Verifying Checksum
2026-09-07T21:33:49.4798457Z 5b1cd4d117f8: Download complete
2026-09-07T21:33:49.5108283Z 33a6ab621c21: Verifying Checksum
2026-09-07T21:33:49.5109136Z 33a6ab621c21: Download complete
2026-09-07T21:33:49.6465678Z cb9ce6281bc1: Verifying Checksum
2026-09-07T21:33:49.6468806Z cb9ce6281bc1: Download complete
2026-09-07T21:33:49.6933448Z d055522c5978: Verifying Checksum
2026-09-07T21:33:49.6934225Z d055522c5978: Download complete
2026-09-07T21:33:49.6958119Z 622a75c3aad4: Download complete
2026-09-07T21:33:49.8157362Z c6616e1dace0: Verifying Checksum
2026-09-07T21:33:49.8158703Z c6616e1dace0: Download complete
2026-09-07T21:33:49.8585933Z 2897e8a71341: Verifying Checksum
2026-09-07T21:33:49.8586572Z 2897e8a71341: Download complete
2026-09-07T21:33:49.8655107Z 34eb06d3d2a8: Verifying Checksum
2026-09-07T21:33:49.8656070Z 34eb06d3d2a8: Download complete
2026-09-07T21:33:49.9823265Z 6a1e93e646cb: Verifying Checksum
2026-09-07T21:33:49.9826302Z 6a1e93e646cb: Download complete
2026-09-07T21:33:50.0239141Z 2257e3a0ac1d: Verifying Checksum
2026-09-07T21:33:50.0241212Z 2257e3a0ac1d: Download complete
2026-09-07T21:33:50.0364104Z 8a1eeea57502: Verifying Checksum
2026-09-07T21:33:50.0364735Z 8a1eeea57502: Download complete
2026-09-07T21:33:50.1479105Z 942b358a87cc: Verifying Checksum
2026-09-07T21:33:50.1480526Z 942b358a87cc: Download complete
2026-09-07T21:33:50.1973148Z c441bf744145: Verifying Checksum
2026-09-07T21:33:50.1973944Z c441bf744145: Download complete
2026-09-07T21:33:50.2021086Z cd4fb4ecd8d5: Verifying Checksum
2026-09-07T21:33:50.2022256Z cd4fb4ecd8d5: Download complete
2026-09-07T21:33:50.3382949Z 358c1e4decda: Verifying Checksum
2026-09-07T21:33:50.3383743Z 358c1e4decda: Download complete
2026-09-07T21:33:50.3649530Z a014880b262f: Verifying Checksum
2026-09-07T21:33:50.3652380Z a014880b262f: Download complete
2026-09-07T21:33:50.3782687Z 565df2d910df: Verifying Checksum
2026-09-07T21:33:50.3783646Z 565df2d910df: Download complete
2026-09-07T21:33:50.7212069Z 1278e66a267c: Verifying Checksum
2026-09-07T21:33:50.7213533Z 1278e66a267c: Download complete
2026-09-07T21:33:50.7228037Z dc286a8aa197: Verifying Checksum
2026-09-07T21:33:50.7232734Z dc286a8aa197: Download complete
2026-09-07T21:33:50.8122238Z 518a41cba818: Download complete
2026-09-07T21:33:50.8966980Z 44c4479b4ddc: Verifying Checksum
2026-09-07T21:33:50.8968443Z 44c4479b4ddc: Download complete
2026-09-07T21:33:50.9800400Z dbd229483e61: Verifying Checksum
2026-09-07T21:33:50.9802364Z dbd229483e61: Download complete
2026-09-07T21:33:51.0586842Z f4e2bfbd8bcd: Verifying Checksum
2026-09-07T21:33:51.0590834Z f4e2bfbd8bcd: Download complete
2026-09-07T21:33:51.0818320Z 5f05fbb94ac9: Verifying Checksum
2026-09-07T21:33:51.0818944Z 5f05fbb94ac9: Download complete
2026-09-07T21:33:51.1686937Z 565df2d910df: Pull complete
2026-09-07T21:33:51.2296936Z 3f609ae12598: Download complete
2026-09-07T21:33:51.2578977Z c80645774acf: Verifying Checksum
2026-09-07T21:33:51.2579691Z c80645774acf: Download complete
2026-09-07T21:33:51.4056486Z 5e731b050e43: Verifying Checksum
2026-09-07T21:33:51.4060835Z 5e731b050e43: Download complete
2026-09-07T21:33:51.5189483Z 0f248d4fdffd: Verifying Checksum
2026-09-07T21:33:51.5200802Z 0f248d4fdffd: Download complete
2026-09-07T21:33:51.5827152Z 6db964937c43: Verifying Checksum
2026-09-07T21:33:51.5830171Z 6db964937c43: Download complete
2026-09-07T21:33:51.6502517Z 521c5280947c: Verifying Checksum
2026-09-07T21:33:51.6505799Z 521c5280947c: Download complete
2026-09-07T21:33:51.7920026Z cecc09177dca: Verifying Checksum
2026-09-07T21:33:51.7921010Z cecc09177dca: Download complete
2026-09-07T21:33:51.8259423Z 3adfb80f0287: Verifying Checksum
2026-09-07T21:33:51.8260518Z 3adfb80f0287: Download complete
2026-09-07T21:33:51.9218292Z dc286a8aa197: Pull complete
2026-09-07T21:33:51.9243078Z 78f6dd8aae59: Verifying Checksum
2026-09-07T21:33:51.9246808Z 78f6dd8aae59: Download complete
2026-09-07T21:33:51.9740287Z 868d43efe767: Verifying Checksum
2026-09-07T21:33:51.9743118Z 868d43efe767: Download complete
2026-09-07T21:33:52.1166859Z 119d43eec815: Verifying Checksum
2026-09-07T21:33:52.1167584Z 119d43eec815: Download complete
2026-09-07T21:33:52.1668380Z 9ea61687a3a0: Verifying Checksum
2026-09-07T21:33:52.1673188Z 9ea61687a3a0: Download complete
2026-09-07T21:33:52.1722712Z 5cc11540fc65: Verifying Checksum
2026-09-07T21:33:52.1723595Z 5cc11540fc65: Download complete
2026-09-07T21:33:52.3558277Z f2955455e628: Verifying Checksum
2026-09-07T21:33:52.3559546Z f2955455e628: Download complete
2026-09-07T21:33:52.5450935Z a7b1a0a461fc: Verifying Checksum
2026-09-07T21:33:52.5453210Z a7b1a0a461fc: Download complete
2026-09-07T21:33:52.7463138Z c895300000d9: Verifying Checksum
2026-09-07T21:33:52.7464098Z c895300000d9: Download complete
2026-09-07T21:33:52.7596255Z cf5270183f88: Verifying Checksum
2026-09-07T21:33:52.7598783Z cf5270183f88: Download complete
2026-09-07T21:33:52.8344041Z 7e63fbbc2e50: Verifying Checksum
2026-09-07T21:33:52.8346200Z 7e63fbbc2e50: Download complete
2026-09-07T21:33:52.9140172Z 4f4fb700ef54: Download complete
2026-09-07T21:33:53.0038399Z f623498ee610: Verifying Checksum
2026-09-07T21:33:53.0039109Z f623498ee610: Download complete
2026-09-07T21:33:53.0121933Z 213ec9aee27d: Verifying Checksum
2026-09-07T21:33:53.0122697Z 213ec9aee27d: Download complete
2026-09-07T21:33:53.0774944Z a70653f7a2d5: Verifying Checksum
2026-09-07T21:33:53.0775811Z a70653f7a2d5: Download complete
2026-09-07T21:33:53.1861451Z 814dd06d26c7: Verifying Checksum
2026-09-07T21:33:53.1863094Z 814dd06d26c7: Download complete
2026-09-07T21:33:53.3166350Z 95403727e7d4: Verifying Checksum
2026-09-07T21:33:53.3167564Z 95403727e7d4: Download complete
2026-09-07T21:33:53.3465857Z 531e3bd93090: Verifying Checksum
2026-09-07T21:33:53.3466639Z 531e3bd93090: Download complete
2026-09-07T21:33:53.3636893Z e326d083c2c9: Verifying Checksum
2026-09-07T21:33:53.3637775Z e326d083c2c9: Download complete
2026-09-07T21:33:53.6575528Z 213ec9aee27d: Pull complete
2026-09-07T21:33:53.7265860Z 062e450697fa: Verifying Checksum
2026-09-07T21:33:53.7267103Z 062e450697fa: Download complete
2026-09-07T21:33:53.7472417Z 07f6c7f37eb7: Verifying Checksum
2026-09-07T21:33:53.7473098Z 07f6c7f37eb7: Download complete
2026-09-07T21:33:53.7884942Z 518a41cba818: Pull complete
2026-09-07T21:33:53.8737487Z aadc1df55248: Verifying Checksum
2026-09-07T21:33:53.8738201Z aadc1df55248: Download complete
2026-09-07T21:33:53.9329847Z 219bccc39f10: Verifying Checksum
2026-09-07T21:33:53.9338583Z 219bccc39f10: Download complete
2026-09-07T21:33:53.9448157Z 9d445f162b30: Verifying Checksum
2026-09-07T21:33:53.9450054Z 9d445f162b30: Download complete
2026-09-07T21:33:54.0885826Z f066bdfa8565: Verifying Checksum
2026-09-07T21:33:54.0888398Z f066bdfa8565: Download complete
2026-09-07T21:33:54.1216242Z e39a20378c07: Verifying Checksum
2026-09-07T21:33:54.1217762Z e39a20378c07: Download complete
2026-09-07T21:33:54.1229075Z 0ced55f3e717: Verifying Checksum
2026-09-07T21:33:54.1229678Z 0ced55f3e717: Download complete
2026-09-07T21:33:54.2756320Z 4683247db99b: Verifying Checksum
2026-09-07T21:33:54.2758047Z 4683247db99b: Download complete
2026-09-07T21:33:54.2869385Z 62d958520b0b: Download complete
2026-09-07T21:33:54.3729203Z ac006f7e52ef: Verifying Checksum
2026-09-07T21:33:54.3730135Z ac006f7e52ef: Download complete
2026-09-07T21:33:54.4488419Z 4f4fb700ef54: Verifying Checksum
2026-09-07T21:33:54.4489356Z 4f4fb700ef54: Download complete
2026-09-07T21:33:54.5262166Z bcf274f2d0ac: Verifying Checksum
2026-09-07T21:33:54.5263736Z bcf274f2d0ac: Download complete
2026-09-07T21:33:54.6298166Z 95403727e7d4: Pull complete
2026-09-07T21:33:54.6355861Z a70653f7a2d5: Pull complete
2026-09-07T21:33:54.6358842Z 1278e66a267c: Pull complete
2026-09-07T21:33:54.7217801Z 60414ed24b30: Verifying Checksum
2026-09-07T21:33:54.7220323Z 60414ed24b30: Download complete
2026-09-07T21:33:54.7413007Z 44c4479b4ddc: Pull complete
2026-09-07T21:33:54.7524569Z Digest: sha256:c0c25187a6b835e65a6f6e6c6b39d090e832d40e6de5186f2c038e0411944232
2026-09-07T21:33:54.7526093Z Status: Downloaded newer image for ghcr.io/supabase/gotrue:v2.196.0
2026-09-07T21:33:54.7588048Z 597c6c618d36: Verifying Checksum
2026-09-07T21:33:54.7589843Z 597c6c618d36: Download complete
2026-09-07T21:33:54.7693970Z ghcr.io/supabase/gotrue:v2.196.0
2026-09-07T21:33:54.9442659Z c39190ba742d: Verifying Checksum
2026-09-07T21:33:54.9445063Z c39190ba742d: Download complete
2026-09-07T21:33:55.0289846Z bcf274f2d0ac: Pull complete
2026-09-07T21:33:55.0489747Z Digest: sha256:5922bde07147b82b1c9d8f749e48c1e5b99ebb233f3888bb7ab65f07cf4ac82d
2026-09-07T21:33:55.0492218Z Status: Downloaded newer image for ghcr.io/supabase/postgrest:v16.1
2026-09-07T21:33:55.0538483Z ghcr.io/supabase/postgrest:v16.1
2026-09-07T21:33:55.1769054Z e326d083c2c9: Pull complete
2026-09-07T21:33:55.2120192Z Digest: sha256:37a38e48e9338cd7e89dfeb487f37b02ebfcd9cb23111bed2d345e79d37d6dd6
2026-09-07T21:33:55.2162806Z Status: Downloaded newer image for ghcr.io/supabase/mailpit:v1.30.2
2026-09-07T21:33:55.2254944Z ghcr.io/supabase/mailpit:v1.30.2
2026-09-07T21:33:55.3640851Z 5f05fbb94ac9: Pull complete
2026-09-07T21:33:55.4230820Z ba9e24d39072: Verifying Checksum
2026-09-07T21:33:55.4346405Z ba9e24d39072: Download complete
2026-09-07T21:33:55.4371416Z 0d29c829782d: Verifying Checksum
2026-09-07T21:33:55.4372051Z 0d29c829782d: Download complete
2026-09-07T21:33:55.6660807Z 5404bc2cc13c: Verifying Checksum
2026-09-07T21:33:55.6662112Z 5404bc2cc13c: Verifying Checksum
2026-09-07T21:33:55.6663549Z 5404bc2cc13c: Download complete
2026-09-07T21:33:55.6665117Z 5404bc2cc13c: Download complete
2026-09-07T21:33:55.6774447Z dbd229483e61: Pull complete
2026-09-07T21:33:55.7863129Z f4e2bfbd8bcd: Pull complete
2026-09-07T21:33:55.8617001Z 039e6f9f9752: Verifying Checksum
2026-09-07T21:33:55.8633784Z 039e6f9f9752: Download complete
2026-09-07T21:33:55.8639987Z 039e6f9f9752: Verifying Checksum
2026-09-07T21:33:55.8640979Z 039e6f9f9752: Download complete
2026-09-07T21:33:56.0180185Z 119d43eec815: Pull complete
2026-09-07T21:33:56.1541832Z 8f99eb9866f3: Verifying Checksum
2026-09-07T21:33:56.1545000Z 8f99eb9866f3: Verifying Checksum
2026-09-07T21:33:56.1545796Z 8f99eb9866f3: Download complete
2026-09-07T21:33:56.1595994Z 8f99eb9866f3: Download complete
2026-09-07T21:33:56.2379172Z 555d35074583: Verifying Checksum
2026-09-07T21:33:56.2379946Z 555d35074583: Download complete
2026-09-07T21:33:56.2380930Z 555d35074583: Verifying Checksum
2026-09-07T21:33:56.2381923Z 555d35074583: Download complete
2026-09-07T21:33:56.3188824Z 662b1f44f1ee: Verifying Checksum
2026-09-07T21:33:56.3189951Z 662b1f44f1ee: Download complete
2026-09-07T21:33:56.3757657Z c0ed9f2d0e0e: Verifying Checksum
2026-09-07T21:33:56.3758858Z c0ed9f2d0e0e: Verifying Checksum
2026-09-07T21:33:56.3759639Z c0ed9f2d0e0e: Download complete
2026-09-07T21:33:56.3763356Z c0ed9f2d0e0e: Download complete
2026-09-07T21:33:56.5163700Z 4b118796ff6a: Verifying Checksum
2026-09-07T21:33:56.5165354Z 4b118796ff6a: Download complete
2026-09-07T21:33:56.5175145Z 23c96171f2fe: Verifying Checksum
2026-09-07T21:33:56.5175951Z 23c96171f2fe: Download complete
2026-09-07T21:33:56.7392206Z 753ab3b39a58: Verifying Checksum
2026-09-07T21:33:56.7393966Z 753ab3b39a58: Download complete
2026-09-07T21:33:56.7418493Z 7505145a46ec: Verifying Checksum
2026-09-07T21:33:56.7419924Z 7505145a46ec: Download complete
2026-09-07T21:33:56.7431988Z 5c18a8cdfd6b: Verifying Checksum
2026-09-07T21:33:56.7434294Z 5c18a8cdfd6b: Download complete
2026-09-07T21:33:56.9380264Z 512fd86e6200: Verifying Checksum
2026-09-07T21:33:56.9381516Z 512fd86e6200: Download complete
2026-09-07T21:33:57.1644351Z c0c4dc518956: Verifying Checksum
2026-09-07T21:33:57.1646198Z c0c4dc518956: Download complete
2026-09-07T21:33:57.5453850Z 1074353eec0d: Verifying Checksum
2026-09-07T21:33:57.5454573Z 1074353eec0d: Download complete
2026-09-07T21:33:57.7857367Z 062e450697fa: Pull complete
2026-09-07T21:33:57.7919822Z 264588d8dd60: Verifying Checksum
2026-09-07T21:33:57.7920828Z 264588d8dd60: Download complete
2026-09-07T21:33:57.8120268Z cbf2f7f0a3ba: Verifying Checksum
2026-09-07T21:33:57.8125901Z cbf2f7f0a3ba: Download complete
2026-09-07T21:33:57.8317106Z b7d0efd3fc9c: Verifying Checksum
2026-09-07T21:33:57.8318494Z b7d0efd3fc9c: Download complete
2026-09-07T21:33:58.0265100Z c8a04bee2d5a: Verifying Checksum
2026-09-07T21:33:58.0265906Z c8a04bee2d5a: Download complete
2026-09-07T21:33:58.0573148Z 0179246107e3: Verifying Checksum
2026-09-07T21:33:58.0574356Z 0179246107e3: Download complete
2026-09-07T21:33:58.1254449Z 1074353eec0d: Pull complete
2026-09-07T21:33:58.2943872Z 4f4fb700ef54: Verifying Checksum
2026-09-07T21:33:58.2944785Z 4f4fb700ef54: Download complete
2026-09-07T21:33:58.4360300Z 7b95344fc011: Verifying Checksum
2026-09-07T21:33:58.4362861Z 7b95344fc011: Download complete
2026-09-07T21:33:59.1172275Z 597c6c618d36: Pull complete
2026-09-07T21:34:01.3227211Z 039e6f9f9752: Pull complete
2026-09-07T21:34:01.3231543Z 039e6f9f9752: Pull complete
2026-09-07T21:34:01.4827735Z 5404bc2cc13c: Pull complete
2026-09-07T21:34:01.4828401Z 5404bc2cc13c: Pull complete
2026-09-07T21:34:02.3070540Z cbf2f7f0a3ba: Pull complete
2026-09-07T21:34:02.3288442Z 5cc11540fc65: Pull complete
2026-09-07T21:34:02.4478559Z 9ea61687a3a0: Pull complete
2026-09-07T21:34:03.2700702Z 531e3bd93090: Pull complete
2026-09-07T21:34:03.3116078Z 814dd06d26c7: Pull complete
2026-09-07T21:34:03.3350906Z Digest: sha256:1b53405d8680a09d6f44494b7990bf7da2ea43f84a258c59717d4539abf09f6d
2026-09-07T21:34:03.3401261Z Status: Downloaded newer image for ghcr.io/supabase/kong:2.8.1
2026-09-07T21:34:03.3412039Z ghcr.io/supabase/kong:2.8.1
2026-09-07T21:34:04.7283686Z c39190ba742d: Pull complete
2026-09-07T21:34:05.0331102Z 60414ed24b30: Pull complete
2026-09-07T21:34:05.0620599Z 7b95344fc011: Pull complete
2026-09-07T21:34:05.0955156Z 0179246107e3: Pull complete
2026-09-07T21:34:05.1347124Z c8a04bee2d5a: Pull complete
2026-09-07T21:34:05.1719184Z 4f4fb700ef54: Pull complete
2026-09-07T21:34:05.1886144Z Digest: sha256:ca92d617e905953c3f852e7e88061f7039460e733522e3f0c21bc6ae946b2558
2026-09-07T21:34:05.1924968Z Status: Downloaded newer image for ghcr.io/supabase/vector:0.53.0-alpine
2026-09-07T21:34:05.1949244Z ghcr.io/supabase/vector:0.53.0-alpine
2026-09-07T21:34:05.5356305Z 521c5280947c: Pull complete
2026-09-07T21:34:05.6265667Z 3f609ae12598: Pull complete
2026-09-07T21:34:05.7917194Z c80645774acf: Pull complete
2026-09-07T21:34:05.8209654Z 5e731b050e43: Pull complete
2026-09-07T21:34:06.1150207Z 555d35074583: Pull complete
2026-09-07T21:34:06.1152576Z 555d35074583: Pull complete
2026-09-07T21:34:06.2858778Z 8f99eb9866f3: Pull complete
2026-09-07T21:34:06.2859845Z 8f99eb9866f3: Pull complete
2026-09-07T21:34:06.3087778Z c0ed9f2d0e0e: Pull complete
2026-09-07T21:34:06.3088570Z c0ed9f2d0e0e: Pull complete
2026-09-07T21:34:06.8680319Z 4b118796ff6a: Pull complete
2026-09-07T21:34:06.8864350Z 23c96171f2fe: Pull complete
2026-09-07T21:34:09.1905615Z 0f248d4fdffd: Pull complete
2026-09-07T21:34:09.3069059Z 0d29c829782d: Pull complete
2026-09-07T21:34:09.3874404Z 6db964937c43: Pull complete
2026-09-07T21:34:10.7195695Z aadc1df55248: Pull complete
2026-09-07T21:34:11.7257991Z 07f6c7f37eb7: Pull complete
2026-09-07T21:34:11.7734849Z 219bccc39f10: Pull complete
2026-09-07T21:34:11.8347269Z 9d445f162b30: Pull complete
2026-09-07T21:34:11.8988307Z f066bdfa8565: Pull complete
2026-09-07T21:34:11.9903344Z 0ced55f3e717: Pull complete
2026-09-07T21:34:12.0230822Z e39a20378c07: Pull complete
2026-09-07T21:34:12.0687771Z 4683247db99b: Pull complete
2026-09-07T21:34:14.1115649Z 753ab3b39a58: Pull complete
2026-09-07T21:34:15.1327848Z 5c18a8cdfd6b: Pull complete
2026-09-07T21:34:15.1834109Z 7505145a46ec: Pull complete
2026-09-07T21:34:15.2122018Z Digest: sha256:cef71ba901751dcc242cc685cf13786935ea8926820fb342f23bb0fbef77de5a
2026-09-07T21:34:15.2123201Z Status: Downloaded newer image for ghcr.io/supabase/postgres-meta:v0.98.0
2026-09-07T21:34:15.2199111Z ghcr.io/supabase/postgres-meta:v0.98.0
2026-09-07T21:34:15.3072248Z ac006f7e52ef: Pull complete
2026-09-07T21:34:15.3752814Z 62d958520b0b: Pull complete
2026-09-07T21:34:15.3898531Z 4f4fb700ef54: Pull complete
2026-09-07T21:34:15.3991019Z Digest: sha256:3211f8ebd59edcd0aa772186f1c8249c82c6b1ae5565f40dedb7aa93e951fe37
2026-09-07T21:34:15.3992558Z Status: Downloaded newer image for ghcr.io/supabase/realtime:v2.129.3
2026-09-07T21:34:15.4044454Z ghcr.io/supabase/realtime:v2.129.3
2026-09-07T21:34:16.8846307Z 662b1f44f1ee: Pull complete
2026-09-07T21:34:16.8903951Z 7e63fbbc2e50: Pull complete
2026-09-07T21:34:16.9125952Z f2955455e628: Pull complete
2026-09-07T21:34:17.6244146Z ba9e24d39072: Pull complete
2026-09-07T21:34:17.6311253Z Digest: sha256:c52405002a890ca9fcf77978671c57f3a988e03174afb277f84ac65bc917013c
2026-09-07T21:34:17.6313011Z Status: Downloaded newer image for ghcr.io/supabase/edge-runtime:v1.74.3
2026-09-07T21:34:17.6370836Z ghcr.io/supabase/edge-runtime:v1.74.3
2026-09-07T21:34:17.9363210Z b7d0efd3fc9c: Pull complete
2026-09-07T21:34:17.9365268Z a7b1a0a461fc: Pull complete
2026-09-07T21:34:18.7344153Z c895300000d9: Pull complete
2026-09-07T21:34:18.8042258Z cf5270183f88: Pull complete
2026-09-07T21:34:18.8186979Z 4f4fb700ef54: Pull complete
2026-09-07T21:34:18.8376698Z f623498ee610: Pull complete
2026-09-07T21:34:18.8419208Z Digest: sha256:758946be2bb7622b2ab2ed8408f5024871a5463ceb03326ec56fb9d4a1651c02
2026-09-07T21:34:18.8428603Z Status: Downloaded newer image for ghcr.io/supabase/logflare:1.50.4
2026-09-07T21:34:18.8429676Z ghcr.io/supabase/logflare:1.50.4
2026-09-07T21:34:19.0309685Z c0c4dc518956: Pull complete
2026-09-07T21:34:19.0439871Z 512fd86e6200: Pull complete
2026-09-07T21:34:23.2835309Z 622a75c3aad4: Pull complete
2026-09-07T21:34:23.3711214Z e733eb89dc5d: Pull complete
2026-09-07T21:34:23.4019606Z b5c055a53a29: Pull complete
2026-09-07T21:34:23.4225012Z de155361b339: Pull complete
2026-09-07T21:34:23.4763638Z ba6e4ed5f64f: Pull complete
2026-09-07T21:34:23.5035531Z 753ec53a43d5: Pull complete
2026-09-07T21:34:23.5479428Z 23f574a925bf: Pull complete
2026-09-07T21:34:23.5607829Z 782b84fd67df: Pull complete
2026-09-07T21:34:23.5762972Z d59fb9edf862: Pull complete
2026-09-07T21:34:23.5890441Z 6aa1b655ba9f: Pull complete
2026-09-07T21:34:23.6066993Z a20c7d9fd396: Pull complete
2026-09-07T21:34:23.6209834Z 5b1cd4d117f8: Pull complete
2026-09-07T21:34:23.6341538Z 33a6ab621c21: Pull complete
2026-09-07T21:34:23.6555519Z cb9ce6281bc1: Pull complete
2026-09-07T21:34:23.6691932Z d055522c5978: Pull complete
2026-09-07T21:34:23.6810909Z c6616e1dace0: Pull complete
2026-09-07T21:34:23.6928861Z 2897e8a71341: Pull complete
2026-09-07T21:34:23.7050041Z 34eb06d3d2a8: Pull complete
2026-09-07T21:34:23.7176387Z 6a1e93e646cb: Pull complete
2026-09-07T21:34:23.7310217Z 2257e3a0ac1d: Pull complete
2026-09-07T21:34:23.7448746Z 8a1eeea57502: Pull complete
2026-09-07T21:34:23.7792262Z 942b358a87cc: Pull complete
2026-09-07T21:34:23.7916779Z c441bf744145: Pull complete
2026-09-07T21:34:23.8038066Z cd4fb4ecd8d5: Pull complete
2026-09-07T21:34:23.8173856Z 358c1e4decda: Pull complete
2026-09-07T21:34:23.8328289Z a014880b262f: Pull complete
2026-09-07T21:34:23.8373827Z Digest: sha256:28f0e16a019e648089fc1a6d333549a55548f6019c15ae4bd7cd58b989027518
2026-09-07T21:34:23.8388827Z Status: Downloaded newer image for ghcr.io/supabase/postgres:17.6.1.165
2026-09-07T21:34:23.8397614Z ghcr.io/supabase/postgres:17.6.1.165
2026-09-07T21:34:28.3493699Z 264588d8dd60: Pull complete
2026-09-07T21:34:28.3536078Z Digest: sha256:08dc77f12e08faacc55960fef1dce37fa73d16acb52abeb216aa23dc5e70824b
2026-09-07T21:34:28.3548016Z Status: Downloaded newer image for ghcr.io/supabase/studio:2026.08.17-sha-0c1da8f
2026-09-07T21:34:28.3557465Z ghcr.io/supabase/studio:2026.08.17-sha-0c1da8f
2026-09-07T21:34:38.0438664Z 78f6dd8aae59: Pull complete
2026-09-07T21:34:38.3688832Z cecc09177dca: Pull complete
2026-09-07T21:34:38.3804307Z 3adfb80f0287: Pull complete
2026-09-07T21:34:38.3901245Z 868d43efe767: Pull complete
2026-09-07T21:34:38.3981842Z Digest: sha256:528ec49c3c32561908b07ee91bced7f8456f3b688164e341eaa422441767a0bd
2026-09-07T21:34:38.3993599Z Status: Downloaded newer image for ghcr.io/supabase/storage-api:v1.70.3
2026-09-07T21:34:38.4001018Z ghcr.io/supabase/storage-api:v1.70.3
2026-09-07T21:34:38.4235002Z Starting database...
2026-09-07T21:34:48.9837562Z Initialising schema...
2026-09-07T21:34:54.2032890Z Seeding globals from roles.sql...
2026-09-07T21:34:54.2154386Z Applying migration 20260825000000_ru5_device_live_bootstrap.sql...
2026-09-07T21:34:54.2297921Z Applying migration 20260825115040_cloud_profile_foundation_1_3b.sql...
2026-09-07T21:34:54.3019417Z Applying migration 20260825115602_lock_down_auth_trigger_functions_1_3b.sql...
2026-09-07T21:34:54.3106652Z Applying migration 20260829183528_clean_security_hardening.sql...
2026-09-07T21:34:54.3157097Z Applying migration 20260829183551_clean_need_foundation.sql...
2026-09-07T21:34:54.3309509Z Applying migration 20260829183609_clean_response_foundation.sql...
2026-09-07T21:34:54.3424985Z Applying migration 20260829183633_clean_agreement_foundation.sql...
2026-09-07T21:34:54.3608386Z Applying migration 20260829183651_clean_directional_access_grants.sql...
2026-09-07T21:34:54.3696411Z Applying migration 20260829183711_clean_ai_persistence.sql...
2026-09-07T21:34:54.3839992Z Applying migration 20260829183740_clean_rls_policies.sql...
2026-09-07T21:34:54.4007562Z Applying migration 20260829183816_clean_rpc_selection.sql...
2026-09-07T21:34:54.4156919Z Applying migration 20260829183947_clean_rpc_agreement_lifecycle.sql...
2026-09-07T21:34:54.4290420Z Applying migration 20260829184024_clean_rpc_ai_intake.sql...
2026-09-07T21:34:54.4406594Z Applying migration 20260829184132_clean_revoke_public_execute.sql...
2026-09-07T21:34:54.4453331Z Applying migration 20260829184203_clean_revoke_helper_execute_from_authenticated.sql...
2026-09-07T21:34:54.4496572Z Applying migration 20260829185334_clean_updated_at_triggers.sql...
2026-09-07T21:34:54.4565652Z Applying migration 20260829185354_clean_need_selection_completeness.sql...
2026-09-07T21:34:54.4653108Z Applying migration 20260829185434_clean_selection_rpc_alignment.sql...
2026-09-07T21:34:54.4844326Z Applying migration 20260829210453_clean_events_and_notifications.sql...
2026-09-07T21:34:54.5081472Z Applying migration 20260829210536_clean_emit_event_engine.sql...
2026-09-07T21:34:54.5202546Z Applying migration 20260829210602_clean_needs_schema_completion.sql...
2026-09-07T21:34:54.5285956Z Applying migration 20260829210650_clean_geo_foundation.sql...
2026-09-07T21:34:54.9376048Z Applying migration 20260829211203_clean_geo_foundation_repair.sql...
2026-09-07T21:34:55.3400759Z Applying migration 20260829211420_clean_dispatch_foundation.sql...
2026-09-07T21:34:55.3584154Z Applying migration 20260829211632_clean_dispatch_engine.sql...
2026-09-07T21:34:55.3885903Z Applying migration 20260829211737_clean_dispatch_wave.sql...
2026-09-07T21:34:55.4167912Z Applying migration 20260829211904_clean_urgency_projection.sql...
2026-09-07T21:34:55.4304865Z Applying migration 20260829211956_clean_urgent_min_choice_floor.sql...
2026-09-07T21:34:55.4476251Z Applying migration 20260829212146_clean_scheduled_lifecycle.sql...
2026-09-07T21:34:55.4610281Z Applying migration 20260829212158_clean_cron_schedule.sql...
2026-09-07T21:34:55.4857161Z Applying migration 20260829212807_clean_advisor_hardening.sql...
2026-09-07T21:34:55.4917453Z Applying migration 20260830070448_clean_need_response_deadline_expiry.sql...
2026-09-07T21:34:55.4980413Z Applying migration 20260830072818_clean_scoped_contact_reveal.sql...
2026-09-07T21:34:55.5088110Z Applying migration 20260830072920_clean_grant_policy_inline.sql...
2026-09-07T21:34:55.5141219Z Applying migration 20260830073615_clean_cancellation_privacy_and_wakeup.sql...
2026-09-07T21:34:55.5227132Z Applying migration 20260830080947_clean_need_lifecycle_integrity.sql...
2026-09-07T21:34:55.5328158Z Applying migration 20260830081035_clean_selection_eligibility_and_deadline.sql...
2026-09-07T21:34:55.5412225Z Applying migration 20260830081300_clean_authoritative_response_submit.sql...
2026-09-07T21:34:55.5627772Z Applying migration 20260830172000_clean_p1_cancel_withdraw_closure.sql...
2026-09-07T21:34:55.6153836Z Applying migration 20260830173000_clean_authoritative_mutation_boundary.sql...
2026-09-07T21:34:55.6290676Z Applying migration 20260830174000_clean_repair_authority_boundary.sql...
2026-09-07T21:34:55.6577073Z Applying migration 20260830174500_clean_ai_insert_authority_closure.sql...
2026-09-07T21:34:55.6622442Z Applying migration 20260830191500_clean_p0_authoritative_fixes.sql...
2026-09-07T21:34:55.6784558Z Applying migration 20260830194000_clean_p2_read_layer_repair.sql...
2026-09-07T21:34:55.6849360Z Applying migration 20260830202733_clean_pre_p4_provenance_reconciliation.sql...
2026-09-07T21:34:55.6915325Z Applying migration 20260831110153_clean_pre_p4_participant_rls_repair.sql...
2026-09-07T21:34:55.6979119Z Applying migration 20260831110701_clean_pre_p4_participant_rls_execution_contract.sql...
2026-09-07T21:34:55.7042449Z Applying migration 20260831114338_clean_pre_p4_participant_rls_authenticated_proof.sql...
2026-09-07T21:34:55.7162704Z Applying migration 20260831120157_clean_pre_p4_ai_confirmation_provenance.sql...
2026-09-07T21:34:55.7273859Z Applying migration 20260901091438_client_command_authority_closure.sql...
2026-09-07T21:34:55.7367099Z Applying migration 20260901101056_client_agreement_workspace_closure.sql...
2026-09-07T21:34:55.7538785Z Applying migration 20260901104722_clean_parent_need_completion_closure.sql...
2026-09-07T21:34:55.7671469Z Applying migration 20260901105209_clean_single_writer_authority_closure.sql...
2026-09-07T21:34:55.7739905Z Applying migration 20260901105922_clean_completion_and_writer_authenticated_proof.sql...
2026-09-07T21:34:55.7781741Z Applying migration 20260901112607_clean_ai_interview_turn_persistence.sql...
2026-09-07T21:34:55.7974251Z Applying migration 20260901113333_clean_ai_interview_turn_authenticated_proof.sql...
2026-09-07T21:34:55.8016643Z Applying migration 20260901114029_clean_ai_fact_supersession_and_human_correction.sql...
2026-09-07T21:34:55.8158855Z WARN: no files matched pattern: supabase/seed.sql
2026-09-07T21:34:55.8184596Z Starting containers...
2026-09-07T21:34:59.5223772Z Waiting for health checks...
2026-09-07T21:35:17.0220837Z Started supabase local development setup.
2026-09-07T21:35:17.0221124Z
2026-09-07T21:35:17.0235940Z ╭──────────────────────────────────────╮
2026-09-07T21:35:17.0236424Z │ 🔧 Development Tools                 │
2026-09-07T21:35:17.0236853Z ├─────────┬────────────────────────────┤
2026-09-07T21:35:17.0237273Z │ Studio  │ http://127.0.0.1:54323     │
2026-09-07T21:35:17.0237705Z │ Mailpit │ http://127.0.0.1:54324     │
2026-09-07T21:35:17.0238098Z │ MCP     │ http://127.0.0.1:54321/mcp │
2026-09-07T21:35:17.0238487Z ╰─────────┴────────────────────────────╯
2026-09-07T21:35:17.0238677Z
2026-09-07T21:35:17.0238967Z ╭──────────────────────────────────────────────────────╮
2026-09-07T21:35:17.0239432Z │ 🌐 APIs                                              │
2026-09-07T21:35:17.0239898Z ├────────────────┬─────────────────────────────────────┤
2026-09-07T21:35:17.0240364Z │ Project URL    │ http://127.0.0.1:54321              │
2026-09-07T21:35:17.0240838Z │ REST           │ http://127.0.0.1:54321/rest/v1      │
2026-09-07T21:35:17.0241842Z │ GraphQL        │ http://127.0.0.1:54321/graphql/v1   │
2026-09-07T21:35:17.0242467Z │ Edge Functions │ http://127.0.0.1:54321/functions/v1 │
2026-09-07T21:35:17.0243051Z ╰────────────────┴─────────────────────────────────────╯
2026-09-07T21:35:17.0243327Z
2026-09-07T21:35:17.0243636Z ╭───────────────────────────────────────────────────────────────╮
2026-09-07T21:35:17.0244172Z │ ⛁ Database                                                    │
2026-09-07T21:35:17.0244697Z ├─────┬─────────────────────────────────────────────────────────┤
2026-09-07T21:35:17.0245816Z │ URL │ ***127.0.0.1:54322/postgres │
2026-09-07T21:35:17.0246526Z ╰─────┴─────────────────────────────────────────────────────────╯
2026-09-07T21:35:17.0246937Z
2026-09-07T21:35:17.0247258Z ╭──────────────────────────────────────────────────────────────╮
2026-09-07T21:35:17.0247800Z │ 🔑 Authentication Keys                                       │
2026-09-07T21:35:17.0248337Z ├─────────────┬────────────────────────────────────────────────┤
2026-09-07T21:35:17.0248704Z Local dev security notice
2026-09-07T21:35:17.0249134Z All services bind to 0.0.0.0 (network-accessible, not just localhost)
2026-09-07T21:35:17.0249698Z API keys and JWT secrets are shared defaults. Do not use in production
2026-09-07T21:35:17.0250587Z Studio, pgMeta (/pg/*), and analytics have no authentication
2026-09-07T21:35:17.0251057Z
2026-09-07T21:35:17.0253584Z │ Publishable │ [REDACTED_SUPABASE_PUBLISHABLE_KEY] │
2026-09-07T21:35:17.0254689Z │ Secret      │ [REDACTED_SUPABASE_SECRET_KEY]      │
2026-09-07T21:35:17.0256094Z ╰─────────────┴────────────────────────────────────────────────╯
2026-09-07T21:35:17.0256497Z
2026-09-07T21:35:17.0257108Z ╭───────────────────────────────────────────────────────────────────────────────╮
2026-09-07T21:35:17.0258125Z │ 📦 Storage (S3)                                                               │
2026-09-07T21:35:17.0259157Z ├────────────┬──────────────────────────────────────────────────────────────────┤
2026-09-07T21:35:17.0260355Z │ URL        │ http://127.0.0.1:54321/storage/v1/s3                             │
2026-09-07T21:35:17.0261956Z │ Access Key │ 625729a08b95bf1b7ff351a663f3a23c                                 │
2026-09-07T21:35:17.0262770Z │ Secret Key │ 850181e4652dd023b7a98c58ae0d2d34bd487ee0cc3254aed6eda37307425907 │
2026-09-07T21:35:17.0263452Z │ Region     │ local                                                            │
2026-09-07T21:35:17.0264084Z ╰────────────┴──────────────────────────────────────────────────────────────────╯
2026-09-07T21:35:17.0305140Z A new version of Supabase CLI is available: v2.117.0 (currently installed v2.116.0)
2026-09-07T21:35:17.5632143Z We recommend updating regularly for new features and bug fixes: https://supabase.com/docs/guides/cli/getting-started#updating-the-supabase-cli
2026-09-07T21:35:17.5632920Z Resetting local database...
2026-09-07T21:35:17.8602030Z Recreating database...
2026-09-07T21:35:28.3949685Z Initialising schema...
2026-09-07T21:35:34.6486051Z Seeding globals from roles.sql...
2026-09-07T21:35:34.6627851Z Applying migration 20260825000000_ru5_device_live_bootstrap.sql...
2026-09-07T21:35:34.6803499Z Applying migration 20260825115040_cloud_profile_foundation_1_3b.sql...
2026-09-07T21:35:34.8053409Z Applying migration 20260825115602_lock_down_auth_trigger_functions_1_3b.sql...
2026-09-07T21:35:34.8210122Z Applying migration 20260829183528_clean_security_hardening.sql...
2026-09-07T21:35:34.8295860Z Applying migration 20260829183551_clean_need_foundation.sql...
2026-09-07T21:35:34.8497902Z Applying migration 20260829183609_clean_response_foundation.sql...
2026-09-07T21:35:34.8653857Z Applying migration 20260829183633_clean_agreement_foundation.sql...
2026-09-07T21:35:34.8909964Z Applying migration 20260829183651_clean_directional_access_grants.sql...
2026-09-07T21:35:34.9017410Z Applying migration 20260829183711_clean_ai_persistence.sql...
2026-09-07T21:35:34.9193264Z Applying migration 20260829183740_clean_rls_policies.sql...
2026-09-07T21:35:34.9438571Z Applying migration 20260829183816_clean_rpc_selection.sql...
2026-09-07T21:35:34.9691742Z Applying migration 20260829183947_clean_rpc_agreement_lifecycle.sql...
2026-09-07T21:35:34.9866894Z Applying migration 20260829184024_clean_rpc_ai_intake.sql...
2026-09-07T21:35:35.0024688Z Applying migration 20260829184132_clean_revoke_public_execute.sql...
2026-09-07T21:35:35.0074516Z Applying migration 20260829184203_clean_revoke_helper_execute_from_authenticated.sql...
2026-09-07T21:35:35.0119176Z Applying migration 20260829185334_clean_updated_at_triggers.sql...
2026-09-07T21:35:35.0205128Z Applying migration 20260829185354_clean_need_selection_completeness.sql...
2026-09-07T21:35:35.0320009Z Applying migration 20260829185434_clean_selection_rpc_alignment.sql...
2026-09-07T21:35:35.0546550Z Applying migration 20260829210453_clean_events_and_notifications.sql...
2026-09-07T21:35:35.0988383Z Applying migration 20260829210536_clean_emit_event_engine.sql...
2026-09-07T21:35:35.1187495Z Applying migration 20260829210602_clean_needs_schema_completion.sql...
2026-09-07T21:35:35.1309419Z Applying migration 20260829210650_clean_geo_foundation.sql...
2026-09-07T21:35:35.6091218Z Applying migration 20260829211203_clean_geo_foundation_repair.sql...
2026-09-07T21:35:36.0197607Z Applying migration 20260829211420_clean_dispatch_foundation.sql...
2026-09-07T21:35:36.0417600Z Applying migration 20260829211632_clean_dispatch_engine.sql...
2026-09-07T21:35:36.0814973Z Applying migration 20260829211737_clean_dispatch_wave.sql...
2026-09-07T21:35:36.1098404Z Applying migration 20260829211904_clean_urgency_projection.sql...
2026-09-07T21:35:36.1273010Z Applying migration 20260829211956_clean_urgent_min_choice_floor.sql...
2026-09-07T21:35:36.1496923Z Applying migration 20260829212146_clean_scheduled_lifecycle.sql...
2026-09-07T21:35:36.1635771Z Applying migration 20260829212158_clean_cron_schedule.sql...
2026-09-07T21:35:36.1899251Z Applying migration 20260829212807_clean_advisor_hardening.sql...
2026-09-07T21:35:36.1970187Z Applying migration 20260830070448_clean_need_response_deadline_expiry.sql...
2026-09-07T21:35:36.2042486Z Applying migration 20260830072818_clean_scoped_contact_reveal.sql...
2026-09-07T21:35:36.2172065Z Applying migration 20260830072920_clean_grant_policy_inline.sql...
2026-09-07T21:35:36.2251515Z Applying migration 20260830073615_clean_cancellation_privacy_and_wakeup.sql...
2026-09-07T21:35:36.2393063Z Applying migration 20260830080947_clean_need_lifecycle_integrity.sql...
2026-09-07T21:35:36.2522858Z Applying migration 20260830081035_clean_selection_eligibility_and_deadline.sql...
2026-09-07T21:35:36.2730910Z Applying migration 20260830081300_clean_authoritative_response_submit.sql...
2026-09-07T21:35:36.2932666Z Applying migration 20260830172000_clean_p1_cancel_withdraw_closure.sql...
2026-09-07T21:35:36.3829660Z Applying migration 20260830173000_clean_authoritative_mutation_boundary.sql...
2026-09-07T21:35:36.3984869Z Applying migration 20260830174000_clean_repair_authority_boundary.sql...
2026-09-07T21:35:36.4344804Z Applying migration 20260830174500_clean_ai_insert_authority_closure.sql...
2026-09-07T21:35:36.4387764Z Applying migration 20260830191500_clean_p0_authoritative_fixes.sql...
2026-09-07T21:35:36.4488625Z Applying migration 20260830194000_clean_p2_read_layer_repair.sql...
2026-09-07T21:35:36.4572754Z Applying migration 20260830202733_clean_pre_p4_provenance_reconciliation.sql...
2026-09-07T21:35:36.4686272Z Applying migration 20260831110153_clean_pre_p4_participant_rls_repair.sql...
2026-09-07T21:35:36.4766025Z Applying migration 20260831110701_clean_pre_p4_participant_rls_execution_contract.sql...
2026-09-07T21:35:36.4839130Z Applying migration 20260831114338_clean_pre_p4_participant_rls_authenticated_proof.sql...
2026-09-07T21:35:36.4991671Z Applying migration 20260831120157_clean_pre_p4_ai_confirmation_provenance.sql...
2026-09-07T21:35:36.5096858Z Applying migration 20260901091438_client_command_authority_closure.sql...
2026-09-07T21:35:36.5212886Z Applying migration 20260901101056_client_agreement_workspace_closure.sql...
2026-09-07T21:35:36.5413815Z Applying migration 20260901104722_clean_parent_need_completion_closure.sql...
2026-09-07T21:35:36.5584650Z Applying migration 20260901105209_clean_single_writer_authority_closure.sql...
2026-09-07T21:35:36.5661178Z Applying migration 20260901105922_clean_completion_and_writer_authenticated_proof.sql...
2026-09-07T21:35:36.5708684Z Applying migration 20260901112607_clean_ai_interview_turn_persistence.sql...
2026-09-07T21:35:36.5866060Z Applying migration 20260901113333_clean_ai_interview_turn_authenticated_proof.sql...
2026-09-07T21:35:36.5916660Z Applying migration 20260901114029_clean_ai_fact_supersession_and_human_correction.sql...
2026-09-07T21:35:36.6090584Z WARN: no files matched pattern: supabase/seed.sql
2026-09-07T21:35:36.6109850Z Restarting containers...
2026-09-07T21:35:47.7559600Z Finished supabase db reset on branch main.
2026-09-07T21:35:47.7649751Z A new version of Supabase CLI is available: v2.117.0 (currently installed v2.116.0)
2026-09-07T21:35:47.7651046Z We recommend updating regularly for new features and bug fixes: https://supabase.com/docs/guides/cli/getting-started#updating-the-supabase-cli
2026-09-07T21:35:47.9059719Z apply_source=20260903130355_clean_ru0_authority_closure.sql live_alias=20260903160812_clean_ru0_authority_closure
2026-09-07T21:35:48.0515594Z apply_source=20260903165700_clean_ru1_worker_readiness.sql live_alias=20260903184545_clean_ru1_worker_readiness
2026-09-07T21:35:48.1948450Z apply_source=20260903190000_clean_ru2_need_v2_draft.sql live_alias=20260903222139_clean_ru2_need_v2_draft
2026-09-07T21:35:48.2695776Z psql:/home/runner/work/USKOCI-CLEAN/USKOCI-CLEAN/supabase/migrations/20260903190000_clean_ru2_need_v2_draft.sql:423: NOTICE:  trigger "guard_ai_fact_schema_trg" for relation "public.ai_structured_facts" does not exist, skipping
2026-09-07T21:35:48.3672469Z apply_source=20260903190100_clean_ru2_ai_fact_transition_guard.sql live_alias=20260903222333_clean_ru2_ai_fact_transition_guard
2026-09-07T21:35:48.4903172Z apply_source=20260904090000_clean_ru3_policy_bundle_foundation.sql live_alias=20260904090147_clean_ru3_policy_bundle_foundation
2026-09-07T21:35:48.5933982Z apply_source=20260904103000_clean_ru3_need_publication_decision.sql live_alias=20260904102429_clean_ru3_need_publication_decision
2026-09-07T21:35:48.6492140Z psql:/home/runner/work/USKOCI-CLEAN/USKOCI-CLEAN/supabase/migrations/20260904103000_clean_ru3_need_publication_decision.sql:97: NOTICE:  trigger "need_publication_decisions_immutable" for relation "private.need_publication_decisions" does not exist, skipping
2026-09-07T21:35:48.7074798Z apply_source=20260904111500_clean_ru3_canonical_publish.sql live_alias=20260904182402_clean_ru3_canonical_publish
2026-09-07T21:35:48.8075570Z apply_source=20260904214500_clean_ru4_owner_edit_lock.sql live_alias=20260905052130_clean_ru4_owner_edit_lock
2026-09-07T21:35:48.9483727Z apply_source=20260904223000_clean_ru4_close_remaining_search.sql live_alias=20260905052224_clean_ru4_close_remaining_search
2026-09-07T21:35:49.0022545Z psql:/home/runner/work/USKOCI-CLEAN/USKOCI-CLEAN/supabase/migrations/20260904223000_clean_ru4_close_remaining_search.sql:10: NOTICE:  constraint "needs_remaining_search_close_reason_length" of relation "needs" does not exist, skipping
2026-09-07T21:35:49.0121539Z psql:/home/runner/work/USKOCI-CLEAN/USKOCI-CLEAN/supabase/migrations/20260904223000_clean_ru4_close_remaining_search.sql:53: NOTICE:  trigger "guard_remaining_search_close_fields_trg" for relation "public.needs" does not exist, skipping
2026-09-07T21:35:49.0159245Z psql:/home/runner/work/USKOCI-CLEAN/USKOCI-CLEAN/supabase/migrations/20260904223000_clean_ru4_close_remaining_search.sql:91: NOTICE:  trigger "guard_closed_remaining_search_response_trg" for relation "public.marketplace_responses" does not exist, skipping
2026-09-07T21:35:49.0203911Z psql:/home/runner/work/USKOCI-CLEAN/USKOCI-CLEAN/supabase/migrations/20260904223000_clean_ru4_close_remaining_search.sql:117: NOTICE:  trigger "guard_closed_remaining_search_delivery_trg" for relation "public.opportunity_deliveries" does not exist, skipping
2026-09-07T21:35:49.0794656Z apply_source=20260904230000_clean_ru4_ai_edit_conversation.sql live_alias=20260905052336_clean_ru4_ai_edit_conversation
2026-09-07T21:35:49.1834562Z apply_source=20260904230200_clean_ru4_ai_edit_conversation_live_transfer_reconcile.sql live_alias=20260905052651_clean_ru4_ai_edit_conversation_live_transfer_reconcile
2026-09-07T21:35:49.2692690Z apply_source=20260904230500_clean_ru4_ai_edit_replay_boundary.sql live_alias=20260905052713_clean_ru4_ai_edit_replay_boundary
2026-09-07T21:35:49.3575550Z apply_source=20260905060000_clean_ru4b_preselection_qa_foundation.sql live_alias=20260905070010_clean_ru4b_preselection_qa_foundation
2026-09-07T21:35:49.5103693Z apply_source=20260905060100_clean_ru4b_service_boundary.sql live_alias=20260905070029_clean_ru4b_service_boundary
2026-09-07T21:35:49.6417905Z apply_source=20260905060200_clean_ru4b_inbox_event_contract.sql live_alias=20260905070046_clean_ru4b_inbox_event_contract
2026-09-07T21:35:49.7562824Z apply_source=20260905133000_clean_ru5_public_profile_projection.sql live_alias=20260905163927_clean_ru5_public_profile_projection
2026-09-07T21:35:49.8393175Z apply_source=20260905190000_clean_ru5_atomic_application_submit.sql live_alias=20260905190040_clean_ru5_atomic_application_submit
2026-09-07T21:35:49.9593345Z apply_source=20260905211500_clean_ru5_my_applications_projection.sql live_alias=20260905200133_clean_ru5_my_applications_projection
2026-09-07T21:35:50.0550731Z apply_source=20260905223000_clean_ru5_candidate_projection.sql live_alias=20260905230326_clean_ru5_candidate_projection
2026-09-07T21:35:50.1518515Z apply_source=20260906010000_clean_ru5_selection_eligibility_revalidation.sql live_alias=20260906065758_clean_ru5_selection_eligibility_revalidation
2026-09-07T21:35:50.2482804Z apply_source=20260906080000_clean_p0d02_selection_semantic_idempotency.sql live_alias=20260906090451_clean_p0d02_selection_semantic_idempotency
2026-09-07T21:35:50.3533652Z apply_source=20260906100000_clean_p0d03_requester_connection_activation_v1.sql live_alias=20260906102021_clean_p0d03_requester_connection_activation_v1
2026-09-07T21:35:50.4711477Z apply_source=20260906130000_clean_ru5_fastest_autofill_retirement.sql live_alias=20260906141409_clean_ru5_fastest_autofill_retirement
2026-09-07T21:35:50.6335935Z disposable_live_equivalent=79/20260906141409_clean_ru5_fastest_autofill_retirement
2026-09-07T21:35:51.5716183Z Stopped services: [supabase_imgproxy_uskoci-ru5-device-ui supabase_pooler_uskoci-ru5-device-ui]
2026-09-07T21:35:51.5813772Z A new version of Supabase CLI is available: v2.117.0 (currently installed v2.116.0)
2026-09-07T21:35:51.5815643Z We recommend updating regularly for new features and bug fixes: https://supabase.com/docs/guides/cli/getting-started#updating-the-supabase-cli
2026-09-07T21:35:51.5924394Z PASS RU5_DEVICE_LIVE79_ENV local_full_stack live79 gated_features_fail_closed
2026-09-07T21:35:51.5961220Z ##[group]Run node supabase/proofs/ru5_device_ui_fixture.mjs
2026-09-07T21:35:51.5962098Z node supabase/proofs/ru5_device_ui_fixture.mjs
2026-09-07T21:35:51.5998731Z shell: /usr/bin/bash -e {0}
2026-09-07T21:35:51.5999176Z env:
2026-09-07T21:35:51.5999505Z   CI: 1
2026-09-07T21:35:51.5999863Z   SUPABASE_TELEMETRY_DISABLED: 1
2026-09-07T21:35:51.6000219Z   DO_NOT_TRACK: 1
2026-09-07T21:35:51.6000474Z   RU5_DEVICE_PACKAGE: rs.uskoci.n04proof
2026-09-07T21:35:51.6000833Z   RU5_DEVICE_ARTIFACT_DIR: artifacts/intent-shell-device
2026-09-07T21:35:51.6001166Z   RU5_ENTRY_PROOF: 1
2026-09-07T21:35:51.6001727Z   SUPABASE_INTERNAL_IMAGE_REGISTRY: ghcr.io
2026-09-07T21:35:51.6002178Z   JAVA_HOME: /opt/hostedtoolcache/Java_Temurin-Hotspot_jdk/17.0.20-1/x64
2026-09-07T21:35:51.6002706Z   JAVA_HOME_17_X64: /opt/hostedtoolcache/Java_Temurin-Hotspot_jdk/17.0.20-1/x64
2026-09-07T21:35:51.6003122Z   MAVEN_ARGS: -ntp
2026-09-07T21:35:51.6003417Z   RU5_DEVICE_PROOF_DIR: /tmp/uskoci-ru5-device-ui
2026-09-07T21:35:51.6003998Z   RU5_DEVICE_DB_URL: ***127.0.0.1:54322/postgres
2026-09-07T21:35:51.6004366Z   RU5_DEVICE_SUPABASE_URL: http://127.0.0.1:54321
2026-09-07T21:35:51.6005402Z   RU5_DEVICE_ANON_KEY: ***
2026-09-07T21:35:51.6006440Z   RU5_DEVICE_SERVICE_ROLE_KEY: ***
2026-09-07T21:35:51.6006802Z ##[endgroup]
2026-09-07T21:35:52.3283577Z PASS RU5_DEVICE_UI_FIXTURE two_real_auth_accounts worker_active need=f15b1dbd-e043-4b43-8909-e1060e3a4c9c bounded_note_not_configured production_not_touched
2026-09-07T21:35:52.3419793Z ##[group]Run node supabase/proofs/notifications/n04_inbox_device_fixture.mjs
2026-09-07T21:35:52.3420852Z node supabase/proofs/notifications/n04_inbox_device_fixture.mjs
2026-09-07T21:35:52.3475849Z shell: /usr/bin/bash -e {0}
2026-09-07T21:35:52.3476310Z env:
2026-09-07T21:35:52.3476663Z   CI: 1
2026-09-07T21:35:52.3477032Z   SUPABASE_TELEMETRY_DISABLED: 1
2026-09-07T21:35:52.3477521Z   DO_NOT_TRACK: 1
2026-09-07T21:35:52.3477963Z   RU5_DEVICE_PACKAGE: rs.uskoci.n04proof
2026-09-07T21:35:52.3478610Z   RU5_DEVICE_ARTIFACT_DIR: artifacts/intent-shell-device
2026-09-07T21:35:52.3479222Z   RU5_ENTRY_PROOF: 1
2026-09-07T21:35:52.3479681Z   SUPABASE_INTERNAL_IMAGE_REGISTRY: ghcr.io
2026-09-07T21:35:52.3480436Z   JAVA_HOME: /opt/hostedtoolcache/Java_Temurin-Hotspot_jdk/17.0.20-1/x64
2026-09-07T21:35:52.3481697Z   JAVA_HOME_17_X64: /opt/hostedtoolcache/Java_Temurin-Hotspot_jdk/17.0.20-1/x64
2026-09-07T21:35:52.3482461Z   MAVEN_ARGS: -ntp
2026-09-07T21:35:52.3482989Z   RU5_DEVICE_PROOF_DIR: /tmp/uskoci-ru5-device-ui
2026-09-07T21:35:52.3484036Z   RU5_DEVICE_DB_URL: ***127.0.0.1:54322/postgres
2026-09-07T21:35:52.3484675Z   RU5_DEVICE_SUPABASE_URL: http://127.0.0.1:54321
2026-09-07T21:35:52.3486679Z   RU5_DEVICE_ANON_KEY: ***
2026-09-07T21:35:52.3488797Z   RU5_DEVICE_SERVICE_ROLE_KEY: ***
2026-09-07T21:35:52.3489761Z   RU5_DEVICE_REQUESTER_EMAIL: ru5-device-requester-9eb953a1-b2bb-44fc-b0ec-01410619fc5e@proof.invalid
2026-09-07T21:35:52.3491108Z   RU5_DEVICE_WORKER_EMAIL: ru5-device-worker-9eb953a1-b2bb-44fc-b0ec-01410619fc5e@proof.invalid
2026-09-07T21:35:52.3492577Z   RU5_DEVICE_PASSWORD: ***
2026-09-07T21:35:52.3493132Z   RU5_DEVICE_NEED_ID: f15b1dbd-e043-4b43-8909-e1060e3a4c9c
2026-09-07T21:35:52.3493817Z   RU5_DEVICE_NEED_TITLE: RU5 device journey 9eb953a1
2026-09-07T21:35:52.3494609Z   RU5_DEVICE_REQUESTER_USER_ID: 006a4e7e-3b59-4109-a38c-e3d3faaa8df6
2026-09-07T21:35:52.3495452Z   RU5_DEVICE_WORKER_USER_ID: ffb7436c-aa44-4c91-9624-66b012cfe072
2026-09-07T21:35:52.3496117Z ##[endgroup]
2026-09-07T21:35:54.4626895Z PASS N04_LOCAL_FIXTURE real_auth_application_selection 32_worker_events push_off
2026-09-07T21:35:54.4762179Z ##[group]Run echo "EXPO_PUBLIC_SUPABASE_URL=http://10.0.2.2:54321" >> "$GITHUB_ENV"
2026-09-07T21:35:54.4763265Z echo "EXPO_PUBLIC_SUPABASE_URL=http://10.0.2.2:54321" >> "$GITHUB_ENV"
2026-09-07T21:35:54.4764252Z echo "EXPO_PUBLIC_SUPABASE_ANON_KEY=$RU5_DEVICE_ANON_KEY" >> "$GITHUB_ENV"
2026-09-07T21:35:54.4765128Z echo "EXPO_PUBLIC_USE_FAKE_SOURCE=0" >> "$GITHUB_ENV"
2026-09-07T21:35:54.4817155Z shell: /usr/bin/bash -e {0}
2026-09-07T21:35:54.4817432Z env:
2026-09-07T21:35:54.4817635Z   CI: 1
2026-09-07T21:35:54.4817855Z   SUPABASE_TELEMETRY_DISABLED: 1
2026-09-07T21:35:54.4818130Z   DO_NOT_TRACK: 1
2026-09-07T21:35:54.4818380Z   RU5_DEVICE_PACKAGE: rs.uskoci.n04proof
2026-09-07T21:35:54.4818750Z   RU5_DEVICE_ARTIFACT_DIR: artifacts/intent-shell-device
2026-09-07T21:35:54.4819085Z   RU5_ENTRY_PROOF: 1
2026-09-07T21:35:54.4819336Z   SUPABASE_INTERNAL_IMAGE_REGISTRY: ghcr.io
2026-09-07T21:35:54.4819782Z   JAVA_HOME: /opt/hostedtoolcache/Java_Temurin-Hotspot_jdk/17.0.20-1/x64
2026-09-07T21:35:54.4820288Z   JAVA_HOME_17_X64: /opt/hostedtoolcache/Java_Temurin-Hotspot_jdk/17.0.20-1/x64
2026-09-07T21:35:54.4820759Z   MAVEN_ARGS: -ntp
2026-09-07T21:35:54.4821025Z   RU5_DEVICE_PROOF_DIR: /tmp/uskoci-ru5-device-ui
2026-09-07T21:35:54.4821959Z   RU5_DEVICE_DB_URL: ***127.0.0.1:54322/postgres
2026-09-07T21:35:54.4822336Z   RU5_DEVICE_SUPABASE_URL: http://127.0.0.1:54321
2026-09-07T21:35:54.4823365Z   RU5_DEVICE_ANON_KEY: ***
2026-09-07T21:35:54.4824408Z   RU5_DEVICE_SERVICE_ROLE_KEY: ***
2026-09-07T21:35:54.4824905Z   RU5_DEVICE_REQUESTER_EMAIL: ru5-device-requester-9eb953a1-b2bb-44fc-b0ec-01410619fc5e@proof.invalid
2026-09-07T21:35:54.4825612Z   RU5_DEVICE_WORKER_EMAIL: ru5-device-worker-9eb953a1-b2bb-44fc-b0ec-01410619fc5e@proof.invalid
2026-09-07T21:35:54.4826202Z   RU5_DEVICE_PASSWORD: ***
2026-09-07T21:35:54.4826500Z   RU5_DEVICE_NEED_ID: f15b1dbd-e043-4b43-8909-e1060e3a4c9c
2026-09-07T21:35:54.4826867Z   RU5_DEVICE_NEED_TITLE: RU5 device journey 9eb953a1
2026-09-07T21:35:54.4827267Z   RU5_DEVICE_REQUESTER_USER_ID: 006a4e7e-3b59-4109-a38c-e3d3faaa8df6
2026-09-07T21:35:54.4827898Z   RU5_DEVICE_WORKER_USER_ID: ffb7436c-aa44-4c91-9624-66b012cfe072
2026-09-07T21:35:54.4828295Z   N04_AGREEMENT_ID: dc7403b1-d1e8-45dc-937a-6cb8ce11d100
2026-09-07T21:35:54.4828610Z ##[endgroup]
2026-09-07T21:35:54.4938805Z ##[group]Run test "$EXPO_PUBLIC_SUPABASE_URL" = "http://10.0.2.2:54321"
2026-09-07T21:35:54.4939734Z test "$EXPO_PUBLIC_SUPABASE_URL" = "http://10.0.2.2:54321"
2026-09-07T21:35:54.4940675Z if [[ "$EXPO_PUBLIC_SUPABASE_URL" == *"leqcwgzvjsxugfgzdmth.supabase.co"* ]]; then
2026-09-07T21:35:54.4941981Z   echo "Production Supabase URL detected in device proof environment."
2026-09-07T21:35:54.4942713Z   exit 1
2026-09-07T21:35:54.4943096Z fi
2026-09-07T21:35:54.4992578Z shell: /usr/bin/bash -e {0}
2026-09-07T21:35:54.4993035Z env:
2026-09-07T21:35:54.4993369Z   CI: 1
2026-09-07T21:35:54.4993734Z   SUPABASE_TELEMETRY_DISABLED: 1
2026-09-07T21:35:54.4994198Z   DO_NOT_TRACK: 1
2026-09-07T21:35:54.4994628Z   RU5_DEVICE_PACKAGE: rs.uskoci.n04proof
2026-09-07T21:35:54.4995273Z   RU5_DEVICE_ARTIFACT_DIR: artifacts/intent-shell-device
2026-09-07T21:35:54.4995870Z   RU5_ENTRY_PROOF: 1
2026-09-07T21:35:54.4996395Z   SUPABASE_INTERNAL_IMAGE_REGISTRY: ghcr.io
2026-09-07T21:35:54.4997146Z   JAVA_HOME: /opt/hostedtoolcache/Java_Temurin-Hotspot_jdk/17.0.20-1/x64
2026-09-07T21:35:54.4998074Z   JAVA_HOME_17_X64: /opt/hostedtoolcache/Java_Temurin-Hotspot_jdk/17.0.20-1/x64
2026-09-07T21:35:54.4998834Z   MAVEN_ARGS: -ntp
2026-09-07T21:35:54.4999312Z   RU5_DEVICE_PROOF_DIR: /tmp/uskoci-ru5-device-ui
2026-09-07T21:35:54.5000280Z   RU5_DEVICE_DB_URL: ***127.0.0.1:54322/postgres
2026-09-07T21:35:54.5000937Z   RU5_DEVICE_SUPABASE_URL: http://127.0.0.1:54321
2026-09-07T21:35:54.5003238Z   RU5_DEVICE_ANON_KEY: ***
2026-09-07T21:35:54.5005364Z   RU5_DEVICE_SERVICE_ROLE_KEY: ***
2026-09-07T21:35:54.5006338Z   RU5_DEVICE_REQUESTER_EMAIL: ru5-device-requester-9eb953a1-b2bb-44fc-b0ec-01410619fc5e@proof.invalid
2026-09-07T21:35:54.5007762Z   RU5_DEVICE_WORKER_EMAIL: ru5-device-worker-9eb953a1-b2bb-44fc-b0ec-01410619fc5e@proof.invalid
2026-09-07T21:35:54.5008913Z   RU5_DEVICE_PASSWORD: ***
2026-09-07T21:35:54.5009493Z   RU5_DEVICE_NEED_ID: f15b1dbd-e043-4b43-8909-e1060e3a4c9c
2026-09-07T21:35:54.5010186Z   RU5_DEVICE_NEED_TITLE: RU5 device journey 9eb953a1
2026-09-07T21:35:54.5010936Z   RU5_DEVICE_REQUESTER_USER_ID: 006a4e7e-3b59-4109-a38c-e3d3faaa8df6
2026-09-07T21:35:54.5012045Z   RU5_DEVICE_WORKER_USER_ID: ffb7436c-aa44-4c91-9624-66b012cfe072
2026-09-07T21:35:54.5012794Z   N04_AGREEMENT_ID: dc7403b1-d1e8-45dc-937a-6cb8ce11d100
2026-09-07T21:35:54.5023757Z   EXPO_PUBLIC_SUPABASE_URL: http://10.0.2.2:54321
2026-09-07T21:35:54.5025914Z   EXPO_PUBLIC_SUPABASE_ANON_KEY: ***
2026-09-07T21:35:54.5026475Z   EXPO_PUBLIC_USE_FAKE_SOURCE: 0
2026-09-07T21:35:54.5026944Z ##[endgroup]
2026-09-07T21:35:54.5132808Z ##[group]Run node <<'NODE'
2026-09-07T21:35:54.5133336Z node <<'NODE'
2026-09-07T21:35:54.5133790Z const fs = require('fs');
2026-09-07T21:35:54.5134330Z const path = 'app.json';
2026-09-07T21:35:54.5134979Z const app = JSON.parse(fs.readFileSync(path, 'utf8'));
2026-09-07T21:35:54.5135732Z app.expo.android = app.expo.android || {};
2026-09-07T21:35:54.5136430Z app.expo.android.package = 'rs.uskoci.n04proof';
2026-09-07T21:35:54.5137153Z app.expo.name = 'USKOČI NAV PROOF';
2026-09-07T21:35:54.5137904Z fs.writeFileSync(path, JSON.stringify(app, null, 2) + '\n');
2026-09-07T21:35:54.5138583Z NODE
2026-09-07T21:35:54.5187060Z shell: /usr/bin/bash -e {0}
2026-09-07T21:35:54.5187509Z env:
2026-09-07T21:35:54.5187836Z   CI: 1
2026-09-07T21:35:54.5188199Z   SUPABASE_TELEMETRY_DISABLED: 1
2026-09-07T21:35:54.5188670Z   DO_NOT_TRACK: 1
2026-09-07T21:35:54.5189145Z   RU5_DEVICE_PACKAGE: rs.uskoci.n04proof
2026-09-07T21:35:54.5189788Z   RU5_DEVICE_ARTIFACT_DIR: artifacts/intent-shell-device
2026-09-07T21:35:54.5190400Z   RU5_ENTRY_PROOF: 1
2026-09-07T21:35:54.5191089Z   SUPABASE_INTERNAL_IMAGE_REGISTRY: ghcr.io
2026-09-07T21:35:54.5192084Z   JAVA_HOME: /opt/hostedtoolcache/Java_Temurin-Hotspot_jdk/17.0.20-1/x64
2026-09-07T21:35:54.5193008Z   JAVA_HOME_17_X64: /opt/hostedtoolcache/Java_Temurin-Hotspot_jdk/17.0.20-1/x64
2026-09-07T21:35:54.5193736Z   MAVEN_ARGS: -ntp
2026-09-07T21:35:54.5194185Z   RU5_DEVICE_PROOF_DIR: /tmp/uskoci-ru5-device-ui
2026-09-07T21:35:54.5195062Z   RU5_DEVICE_DB_URL: ***127.0.0.1:54322/postgres
2026-09-07T21:35:54.5195654Z   RU5_DEVICE_SUPABASE_URL: http://127.0.0.1:54321
2026-09-07T21:35:54.5197634Z   RU5_DEVICE_ANON_KEY: ***
2026-09-07T21:35:54.5199735Z   RU5_DEVICE_SERVICE_ROLE_KEY: ***
2026-09-07T21:35:54.5200693Z   RU5_DEVICE_REQUESTER_EMAIL: ru5-device-requester-9eb953a1-b2bb-44fc-b0ec-01410619fc5e@proof.invalid
2026-09-07T21:35:54.5202334Z   RU5_DEVICE_WORKER_EMAIL: ru5-device-worker-9eb953a1-b2bb-44fc-b0ec-01410619fc5e@proof.invalid
2026-09-07T21:35:54.5203466Z   RU5_DEVICE_PASSWORD: ***
2026-09-07T21:35:54.5204035Z   RU5_DEVICE_NEED_ID: f15b1dbd-e043-4b43-8909-e1060e3a4c9c
2026-09-07T21:35:54.5204708Z   RU5_DEVICE_NEED_TITLE: RU5 device journey 9eb953a1
2026-09-07T21:35:54.5205432Z   RU5_DEVICE_REQUESTER_USER_ID: 006a4e7e-3b59-4109-a38c-e3d3faaa8df6
2026-09-07T21:35:54.5206240Z   RU5_DEVICE_WORKER_USER_ID: ffb7436c-aa44-4c91-9624-66b012cfe072
2026-09-07T21:35:54.5206976Z   N04_AGREEMENT_ID: dc7403b1-d1e8-45dc-937a-6cb8ce11d100
2026-09-07T21:35:54.5207636Z   EXPO_PUBLIC_SUPABASE_URL: http://10.0.2.2:54321
2026-09-07T21:35:54.5209697Z   EXPO_PUBLIC_SUPABASE_ANON_KEY: ***
2026-09-07T21:35:54.5210238Z   EXPO_PUBLIC_USE_FAKE_SOURCE: 0
2026-09-07T21:35:54.5210715Z ##[endgroup]
2026-09-07T21:35:54.5608962Z ##[group]Run npx expo prebuild --platform android --clean
2026-09-07T21:35:54.5609440Z npx expo prebuild --platform android --clean
2026-09-07T21:35:54.5646631Z shell: /usr/bin/bash -e {0}
2026-09-07T21:35:54.5646909Z env:
2026-09-07T21:35:54.5647108Z   CI: 1
2026-09-07T21:35:54.5647325Z   SUPABASE_TELEMETRY_DISABLED: 1
2026-09-07T21:35:54.5647613Z   DO_NOT_TRACK: 1
2026-09-07T21:35:54.5647865Z   RU5_DEVICE_PACKAGE: rs.uskoci.n04proof
2026-09-07T21:35:54.5648223Z   RU5_DEVICE_ARTIFACT_DIR: artifacts/intent-shell-device
2026-09-07T21:35:54.5648558Z   RU5_ENTRY_PROOF: 1
2026-09-07T21:35:54.5648818Z   SUPABASE_INTERNAL_IMAGE_REGISTRY: ghcr.io
2026-09-07T21:35:54.5649224Z   JAVA_HOME: /opt/hostedtoolcache/Java_Temurin-Hotspot_jdk/17.0.20-1/x64
2026-09-07T21:35:54.5649728Z   JAVA_HOME_17_X64: /opt/hostedtoolcache/Java_Temurin-Hotspot_jdk/17.0.20-1/x64
2026-09-07T21:35:54.5650131Z   MAVEN_ARGS: -ntp
2026-09-07T21:35:54.5650420Z   RU5_DEVICE_PROOF_DIR: /tmp/uskoci-ru5-device-ui
2026-09-07T21:35:54.5650987Z   RU5_DEVICE_DB_URL: ***127.0.0.1:54322/postgres
2026-09-07T21:35:54.5651577Z   RU5_DEVICE_SUPABASE_URL: http://127.0.0.1:54321
2026-09-07T21:35:54.5652608Z   RU5_DEVICE_ANON_KEY: ***
2026-09-07T21:35:54.5653652Z   RU5_DEVICE_SERVICE_ROLE_KEY: ***
2026-09-07T21:35:54.5654154Z   RU5_DEVICE_REQUESTER_EMAIL: ru5-device-requester-9eb953a1-b2bb-44fc-b0ec-01410619fc5e@proof.invalid
2026-09-07T21:35:54.5654870Z   RU5_DEVICE_WORKER_EMAIL: ru5-device-worker-9eb953a1-b2bb-44fc-b0ec-01410619fc5e@proof.invalid
2026-09-07T21:35:54.5655453Z   RU5_DEVICE_PASSWORD: ***
2026-09-07T21:35:54.5655826Z   RU5_DEVICE_NEED_ID: f15b1dbd-e043-4b43-8909-e1060e3a4c9c
2026-09-07T21:35:54.5656330Z   RU5_DEVICE_NEED_TITLE: RU5 device journey 9eb953a1
2026-09-07T21:35:54.5656735Z   RU5_DEVICE_REQUESTER_USER_ID: 006a4e7e-3b59-4109-a38c-e3d3faaa8df6
2026-09-07T21:35:54.5657175Z   RU5_DEVICE_WORKER_USER_ID: ffb7436c-aa44-4c91-9624-66b012cfe072
2026-09-07T21:35:54.5657585Z   N04_AGREEMENT_ID: dc7403b1-d1e8-45dc-937a-6cb8ce11d100
2026-09-07T21:35:54.5657983Z   EXPO_PUBLIC_SUPABASE_URL: http://10.0.2.2:54321
2026-09-07T21:35:54.5659054Z   EXPO_PUBLIC_SUPABASE_ANON_KEY: ***
2026-09-07T21:35:54.5659354Z   EXPO_PUBLIC_USE_FAKE_SOURCE: 0
2026-09-07T21:35:54.5659611Z ##[endgroup]
2026-09-07T21:35:55.1065589Z - Creating native directory (./android)
2026-09-07T21:35:55.5345989Z ✔ Created native directory
2026-09-07T21:35:55.5348971Z - Updating package.json
2026-09-07T21:35:55.5402517Z ✔ Updated package.json
2026-09-07T21:35:55.5404118Z - Running prebuild
2026-09-07T21:35:57.2820482Z ✔ Finished prebuild
2026-09-07T21:35:57.3343392Z ##[group]Run python3 <<'PY'
2026-09-07T21:35:57.3343726Z python3 <<'PY'
2026-09-07T21:35:57.3343994Z from pathlib import Path
2026-09-07T21:35:57.3344357Z path = Path('android/app/src/main/AndroidManifest.xml')
2026-09-07T21:35:57.3344743Z text = path.read_text()
2026-09-07T21:35:57.3345082Z if 'android:usesCleartextTraffic=' not in text:
2026-09-07T21:35:57.3345633Z     text = text.replace('<application ', '<application android:usesCleartextTraffic="true" ', 1)
2026-09-07T21:35:57.3346139Z path.write_text(text)
2026-09-07T21:35:57.3346527Z if 'android:usesCleartextTraffic="true"' not in path.read_text():
2026-09-07T21:35:57.3347054Z     raise SystemExit('proof-only cleartext manifest injection failed')
2026-09-07T21:35:57.3347465Z PY
2026-09-07T21:35:57.3386625Z shell: /usr/bin/bash -e {0}
2026-09-07T21:35:57.3386910Z env:
2026-09-07T21:35:57.3387119Z   CI: 1
2026-09-07T21:35:57.3387366Z   SUPABASE_TELEMETRY_DISABLED: 1
2026-09-07T21:35:57.3387640Z   DO_NOT_TRACK: 1
2026-09-07T21:35:57.3387888Z   RU5_DEVICE_PACKAGE: rs.uskoci.n04proof
2026-09-07T21:35:57.3388250Z   RU5_DEVICE_ARTIFACT_DIR: artifacts/intent-shell-device
2026-09-07T21:35:57.3388594Z   RU5_ENTRY_PROOF: 1
2026-09-07T21:35:57.3388860Z   SUPABASE_INTERNAL_IMAGE_REGISTRY: ghcr.io
2026-09-07T21:35:57.3389287Z   JAVA_HOME: /opt/hostedtoolcache/Java_Temurin-Hotspot_jdk/17.0.20-1/x64
2026-09-07T21:35:57.3389799Z   JAVA_HOME_17_X64: /opt/hostedtoolcache/Java_Temurin-Hotspot_jdk/17.0.20-1/x64
2026-09-07T21:35:57.3390203Z   MAVEN_ARGS: -ntp
2026-09-07T21:35:57.3390470Z   RU5_DEVICE_PROOF_DIR: /tmp/uskoci-ru5-device-ui
2026-09-07T21:35:57.3391028Z   RU5_DEVICE_DB_URL: ***127.0.0.1:54322/postgres
2026-09-07T21:35:57.3391875Z   RU5_DEVICE_SUPABASE_URL: http://127.0.0.1:54321
2026-09-07T21:35:57.3392916Z   RU5_DEVICE_ANON_KEY: ***
2026-09-07T21:35:57.3393969Z   RU5_DEVICE_SERVICE_ROLE_KEY: ***
2026-09-07T21:35:57.3394478Z   RU5_DEVICE_REQUESTER_EMAIL: ru5-device-requester-9eb953a1-b2bb-44fc-b0ec-01410619fc5e@proof.invalid
2026-09-07T21:35:57.3395185Z   RU5_DEVICE_WORKER_EMAIL: ru5-device-worker-9eb953a1-b2bb-44fc-b0ec-01410619fc5e@proof.invalid
2026-09-07T21:35:57.3396080Z   RU5_DEVICE_PASSWORD: ***
2026-09-07T21:35:57.3396395Z   RU5_DEVICE_NEED_ID: f15b1dbd-e043-4b43-8909-e1060e3a4c9c
2026-09-07T21:35:57.3396768Z   RU5_DEVICE_NEED_TITLE: RU5 device journey 9eb953a1
2026-09-07T21:35:57.3397173Z   RU5_DEVICE_REQUESTER_USER_ID: 006a4e7e-3b59-4109-a38c-e3d3faaa8df6
2026-09-07T21:35:57.3397615Z   RU5_DEVICE_WORKER_USER_ID: ffb7436c-aa44-4c91-9624-66b012cfe072
2026-09-07T21:35:57.3398021Z   N04_AGREEMENT_ID: dc7403b1-d1e8-45dc-937a-6cb8ce11d100
2026-09-07T21:35:57.3398403Z   EXPO_PUBLIC_SUPABASE_URL: http://10.0.2.2:54321
2026-09-07T21:35:57.3399459Z   EXPO_PUBLIC_SUPABASE_ANON_KEY: ***
2026-09-07T21:35:57.3399756Z   EXPO_PUBLIC_USE_FAKE_SOURCE: 0
2026-09-07T21:35:57.3400020Z ##[endgroup]
2026-09-07T21:35:57.3773844Z ##[group]Run node <<'NODE'
2026-09-07T21:35:57.3774400Z node <<'NODE'
2026-09-07T21:35:57.3774867Z const fs = require('fs');
2026-09-07T21:35:57.3775386Z const path = 'android/gradle.properties';
2026-09-07T21:35:57.3775774Z let text = fs.readFileSync(path, 'utf8');
2026-09-07T21:35:57.3776134Z const setProp = (key, value) => {
2026-09-07T21:35:57.3776518Z   const escaped = key.replace(/[.*+?^${}()|[\]\\]/g, '\\$&');
2026-09-07T21:35:57.3776932Z   const re = new RegExp(`^${escaped}=.*$`, 'm');
2026-09-07T21:35:57.3777278Z   const line = `${key}=${value}`;
2026-09-07T21:35:57.3777702Z   text = re.test(text) ? text.replace(re, line) : `${text.trimEnd()}\n${line}\n`;
2026-09-07T21:35:57.3778362Z };
2026-09-07T21:35:57.3778794Z setProp('org.gradle.jvmargs', '-Xmx4096m -XX:MaxMetaspaceSize=2048m -Dfile.encoding=UTF-8');
2026-09-07T21:35:57.3779714Z setProp('reactNativeArchitectures', 'x86_64');
2026-09-07T21:35:57.3780347Z fs.writeFileSync(path, text);
2026-09-07T21:35:57.3780846Z NODE
2026-09-07T21:35:57.3818325Z shell: /usr/bin/bash -e {0}
2026-09-07T21:35:57.3818599Z env:
2026-09-07T21:35:57.3818811Z   CI: 1
2026-09-07T21:35:57.3819035Z   SUPABASE_TELEMETRY_DISABLED: 1
2026-09-07T21:35:57.3819311Z   DO_NOT_TRACK: 1
2026-09-07T21:35:57.3819573Z   RU5_DEVICE_PACKAGE: rs.uskoci.n04proof
2026-09-07T21:35:57.3819936Z   RU5_DEVICE_ARTIFACT_DIR: artifacts/intent-shell-device
2026-09-07T21:35:57.3820275Z   RU5_ENTRY_PROOF: 1
2026-09-07T21:35:57.3820534Z   SUPABASE_INTERNAL_IMAGE_REGISTRY: ghcr.io
2026-09-07T21:35:57.3820948Z   JAVA_HOME: /opt/hostedtoolcache/Java_Temurin-Hotspot_jdk/17.0.20-1/x64
2026-09-07T21:35:57.3821752Z   JAVA_HOME_17_X64: /opt/hostedtoolcache/Java_Temurin-Hotspot_jdk/17.0.20-1/x64
2026-09-07T21:35:57.3822224Z   MAVEN_ARGS: -ntp
2026-09-07T21:35:57.3822512Z   RU5_DEVICE_PROOF_DIR: /tmp/uskoci-ru5-device-ui
2026-09-07T21:35:57.3823075Z   RU5_DEVICE_DB_URL: ***127.0.0.1:54322/postgres
2026-09-07T21:35:57.3823449Z   RU5_DEVICE_SUPABASE_URL: http://127.0.0.1:54321
2026-09-07T21:35:57.3824476Z   RU5_DEVICE_ANON_KEY: ***
2026-09-07T21:35:57.3825528Z   RU5_DEVICE_SERVICE_ROLE_KEY: ***
2026-09-07T21:35:57.3826040Z   RU5_DEVICE_REQUESTER_EMAIL: ru5-device-requester-9eb953a1-b2bb-44fc-b0ec-01410619fc5e@proof.invalid
2026-09-07T21:35:57.3826754Z   RU5_DEVICE_WORKER_EMAIL: ru5-device-worker-9eb953a1-b2bb-44fc-b0ec-01410619fc5e@proof.invalid
2026-09-07T21:35:57.3827342Z   RU5_DEVICE_PASSWORD: ***
2026-09-07T21:35:57.3827646Z   RU5_DEVICE_NEED_ID: f15b1dbd-e043-4b43-8909-e1060e3a4c9c
2026-09-07T21:35:57.3828021Z   RU5_DEVICE_NEED_TITLE: RU5 device journey 9eb953a1
2026-09-07T21:35:57.3828422Z   RU5_DEVICE_REQUESTER_USER_ID: 006a4e7e-3b59-4109-a38c-e3d3faaa8df6
2026-09-07T21:35:57.3828867Z   RU5_DEVICE_WORKER_USER_ID: ffb7436c-aa44-4c91-9624-66b012cfe072
2026-09-07T21:35:57.3829269Z   N04_AGREEMENT_ID: dc7403b1-d1e8-45dc-937a-6cb8ce11d100
2026-09-07T21:35:57.3829640Z   EXPO_PUBLIC_SUPABASE_URL: http://10.0.2.2:54321
2026-09-07T21:35:57.3830700Z   EXPO_PUBLIC_SUPABASE_ANON_KEY: ***
2026-09-07T21:35:57.3831003Z   EXPO_PUBLIC_USE_FAKE_SOURCE: 0
2026-09-07T21:35:57.3831486Z ##[endgroup]
2026-09-07T21:35:57.4236385Z ##[group]Run ./gradlew assembleRelease --no-daemon --max-workers=2 -x lintVitalAnalyzeRelease
2026-09-07T21:35:57.4237103Z ./gradlew assembleRelease --no-daemon --max-workers=2 -x lintVitalAnalyzeRelease
2026-09-07T21:35:57.4274720Z shell: /usr/bin/bash -e {0}
2026-09-07T21:35:57.4274994Z env:
2026-09-07T21:35:57.4275199Z   CI: 1
2026-09-07T21:35:57.4275411Z   SUPABASE_TELEMETRY_DISABLED: 1
2026-09-07T21:35:57.4275679Z   DO_NOT_TRACK: 1
2026-09-07T21:35:57.4275928Z   RU5_DEVICE_PACKAGE: rs.uskoci.n04proof
2026-09-07T21:35:57.4276309Z   RU5_DEVICE_ARTIFACT_DIR: artifacts/intent-shell-device
2026-09-07T21:35:57.4276651Z   RU5_ENTRY_PROOF: 1
2026-09-07T21:35:57.4276914Z   SUPABASE_INTERNAL_IMAGE_REGISTRY: ghcr.io
2026-09-07T21:35:57.4277338Z   JAVA_HOME: /opt/hostedtoolcache/Java_Temurin-Hotspot_jdk/17.0.20-1/x64
2026-09-07T21:35:57.4277841Z   JAVA_HOME_17_X64: /opt/hostedtoolcache/Java_Temurin-Hotspot_jdk/17.0.20-1/x64
2026-09-07T21:35:57.4278237Z   MAVEN_ARGS: -ntp
2026-09-07T21:35:57.4278529Z   RU5_DEVICE_PROOF_DIR: /tmp/uskoci-ru5-device-ui
2026-09-07T21:35:57.4279101Z   RU5_DEVICE_DB_URL: ***127.0.0.1:54322/postgres
2026-09-07T21:35:57.4279464Z   RU5_DEVICE_SUPABASE_URL: http://127.0.0.1:54321
2026-09-07T21:35:57.4280479Z   RU5_DEVICE_ANON_KEY: ***
2026-09-07T21:35:57.4281686Z   RU5_DEVICE_SERVICE_ROLE_KEY: ***
2026-09-07T21:35:57.4282196Z   RU5_DEVICE_REQUESTER_EMAIL: ru5-device-requester-9eb953a1-b2bb-44fc-b0ec-01410619fc5e@proof.invalid
2026-09-07T21:35:57.4282907Z   RU5_DEVICE_WORKER_EMAIL: ru5-device-worker-9eb953a1-b2bb-44fc-b0ec-01410619fc5e@proof.invalid
2026-09-07T21:35:57.4283686Z   RU5_DEVICE_PASSWORD: ***
2026-09-07T21:35:57.4283992Z   RU5_DEVICE_NEED_ID: f15b1dbd-e043-4b43-8909-e1060e3a4c9c
2026-09-07T21:35:57.4284369Z   RU5_DEVICE_NEED_TITLE: RU5 device journey 9eb953a1
2026-09-07T21:35:57.4284765Z   RU5_DEVICE_REQUESTER_USER_ID: 006a4e7e-3b59-4109-a38c-e3d3faaa8df6
2026-09-07T21:35:57.4285206Z   RU5_DEVICE_WORKER_USER_ID: ffb7436c-aa44-4c91-9624-66b012cfe072
2026-09-07T21:35:57.4285614Z   N04_AGREEMENT_ID: dc7403b1-d1e8-45dc-937a-6cb8ce11d100
2026-09-07T21:35:57.4285976Z   EXPO_PUBLIC_SUPABASE_URL: http://10.0.2.2:54321
2026-09-07T21:35:57.4287019Z   EXPO_PUBLIC_SUPABASE_ANON_KEY: ***
2026-09-07T21:35:57.4287313Z   EXPO_PUBLIC_USE_FAKE_SOURCE: 0
2026-09-07T21:35:57.4287575Z   NODE_ENV: production
2026-09-07T21:35:57.4287807Z ##[endgroup]
2026-09-07T21:35:59.2451495Z Downloading https://services.gradle.org/distributions/gradle-9.3.1-bin.zip
2026-09-07T21:36:02.5386829Z .............10%.............20%.............30%.............40%.............50%.............60%.............70%.............80%.............90%.............100%
2026-09-07T21:36:04.2852201Z
2026-09-07T21:36:04.2852981Z Welcome to Gradle 9.3.1!
2026-09-07T21:36:04.2853362Z
2026-09-07T21:36:04.2853709Z Here are the highlights of this release:
2026-09-07T21:36:04.2865251Z  - Test reporting improvements
2026-09-07T21:36:04.2865760Z  - Error and warning improvements
2026-09-07T21:36:04.2866144Z  - Build authoring improvements
2026-09-07T21:36:04.2866345Z
2026-09-07T21:36:04.2866724Z For more details see https://docs.gradle.org/9.3.1/release-notes.html
2026-09-07T21:36:04.2867301Z
2026-09-07T21:36:04.3851921Z To honour the JVM settings for this build a single-use Daemon process will be forked. For more on this, please refer to https://docs.gradle.org/9.3.1/userguide/gradle_daemon.html#sec:disabling_the_daemon in the Gradle documentation.
2026-09-07T21:36:06.3839893Z Daemon will be stopped at the end of the build
2026-09-07T21:37:02.5857347Z > Task :expo-gradle-plugin:expo-autolinking-plugin-shared:checkKotlinGradlePluginConfigurationErrors SKIPPED
2026-09-07T21:37:02.5859419Z > Task :gradle-plugin:settings-plugin:checkKotlinGradlePluginConfigurationErrors SKIPPED
2026-09-07T21:37:02.5860805Z > Task :gradle-plugin:shared:checkKotlinGradlePluginConfigurationErrors SKIPPED
2026-09-07T21:37:02.7853223Z > Task :gradle-plugin:settings-plugin:pluginDescriptors
2026-09-07T21:37:02.7863507Z > Task :gradle-plugin:settings-plugin:processResources
2026-09-07T21:37:02.7865395Z > Task :expo-gradle-plugin:expo-autolinking-settings-plugin:checkKotlinGradlePluginConfigurationErrors SKIPPED
2026-09-07T21:37:02.7867202Z > Task :expo-gradle-plugin:expo-autolinking-settings-plugin:pluginDescriptors
2026-09-07T21:37:02.7868629Z > Task :expo-gradle-plugin:expo-autolinking-settings-plugin:processResources
2026-09-07T21:37:14.4852621Z > Task :gradle-plugin:shared:compileKotlin
2026-09-07T21:37:14.4882093Z > Task :gradle-plugin:shared:compileJava NO-SOURCE
2026-09-07T21:37:14.4882960Z > Task :gradle-plugin:shared:processResources NO-SOURCE
2026-09-07T21:37:14.4912098Z > Task :gradle-plugin:shared:classes UP-TO-DATE
2026-09-07T21:37:14.4942166Z > Task :gradle-plugin:shared:jar
2026-09-07T21:37:14.8839331Z > Task :expo-gradle-plugin:expo-autolinking-plugin-shared:compileKotlin
2026-09-07T21:37:14.8840786Z > Task :expo-gradle-plugin:expo-autolinking-plugin-shared:compileJava NO-SOURCE
2026-09-07T21:37:14.8842148Z > Task :expo-gradle-plugin:expo-autolinking-plugin-shared:processResources NO-SOURCE
2026-09-07T21:37:14.8843229Z > Task :expo-gradle-plugin:expo-autolinking-plugin-shared:classes UP-TO-DATE
2026-09-07T21:37:14.8844363Z > Task :expo-gradle-plugin:expo-autolinking-plugin-shared:jar
2026-09-07T21:37:24.9842784Z > Task :gradle-plugin:settings-plugin:compileKotlin
2026-09-07T21:37:24.9862363Z > Task :gradle-plugin:settings-plugin:compileJava NO-SOURCE
2026-09-07T21:37:24.9892136Z > Task :gradle-plugin:settings-plugin:classes
2026-09-07T21:37:24.9922217Z > Task :gradle-plugin:settings-plugin:jar
2026-09-07T21:37:26.9840360Z > Task :expo-gradle-plugin:expo-autolinking-settings-plugin:compileKotlin
2026-09-07T21:37:26.9845067Z > Task :expo-gradle-plugin:expo-autolinking-settings-plugin:compileJava NO-SOURCE
2026-09-07T21:37:26.9846747Z > Task :expo-gradle-plugin:expo-autolinking-settings-plugin:classes
2026-09-07T21:37:26.9848139Z > Task :expo-gradle-plugin:expo-autolinking-settings-plugin:jar
2026-09-07T21:37:43.0840778Z > Task :gradle-plugin:react-native-gradle-plugin:checkKotlinGradlePluginConfigurationErrors SKIPPED
2026-09-07T21:37:43.0843018Z > Task :expo-module-gradle-plugin:checkKotlinGradlePluginConfigurationErrors SKIPPED
2026-09-07T21:37:43.0844384Z > Task :expo-module-gradle-plugin:pluginDescriptors
2026-09-07T21:37:43.0845473Z > Task :expo-module-gradle-plugin:processResources
2026-09-07T21:37:43.0847141Z > Task :expo-gradle-plugin:expo-autolinking-plugin:checkKotlinGradlePluginConfigurationErrors SKIPPED
2026-09-07T21:37:43.0848580Z > Task :expo-gradle-plugin:expo-autolinking-plugin:pluginDescriptors
2026-09-07T21:37:43.0849882Z > Task :expo-gradle-plugin:expo-autolinking-plugin:processResources
2026-09-07T21:37:43.0851956Z > Task :expo-gradle-plugin:expo-max-sdk-override-plugin:checkKotlinGradlePluginConfigurationErrors SKIPPED
2026-09-07T21:37:45.1845038Z > Task :expo-gradle-plugin:expo-max-sdk-override-plugin:compileKotlin
2026-09-07T21:37:45.1872585Z > Task :expo-gradle-plugin:expo-max-sdk-override-plugin:compileJava NO-SOURCE
2026-09-07T21:37:45.1902401Z > Task :expo-gradle-plugin:expo-max-sdk-override-plugin:pluginDescriptors
2026-09-07T21:37:45.1903614Z > Task :expo-gradle-plugin:expo-max-sdk-override-plugin:processResources
2026-09-07T21:37:45.1932274Z > Task :expo-gradle-plugin:expo-max-sdk-override-plugin:classes
2026-09-07T21:37:45.1933277Z > Task :expo-gradle-plugin:expo-max-sdk-override-plugin:jar
2026-09-07T21:37:46.3852942Z > Task :expo-gradle-plugin:expo-autolinking-plugin:compileKotlin
2026-09-07T21:37:46.3854072Z > Task :expo-gradle-plugin:expo-autolinking-plugin:compileJava NO-SOURCE
2026-09-07T21:37:46.3855104Z > Task :expo-gradle-plugin:expo-autolinking-plugin:classes
2026-09-07T21:37:46.3855938Z > Task :expo-gradle-plugin:expo-autolinking-plugin:jar
2026-09-07T21:37:47.7856617Z > Task :gradle-plugin:react-native-gradle-plugin:pluginDescriptors
2026-09-07T21:37:47.7859670Z > Task :gradle-plugin:react-native-gradle-plugin:processResources
2026-09-07T21:37:52.2845460Z > Task :gradle-plugin:react-native-gradle-plugin:compileKotlin
2026-09-07T21:37:52.2846893Z > Task :gradle-plugin:react-native-gradle-plugin:compileJava NO-SOURCE
2026-09-07T21:37:52.2849241Z > Task :gradle-plugin:react-native-gradle-plugin:classes
2026-09-07T21:37:52.2850503Z > Task :gradle-plugin:react-native-gradle-plugin:jar
2026-09-07T21:37:54.0838699Z
2026-09-07T21:37:54.0839708Z > Task :expo-module-gradle-plugin:compileKotlin
2026-09-07T21:37:54.0843786Z w: file:///home/runner/work/USKOCI-CLEAN/USKOCI-CLEAN/node_modules/expo-modules-core/expo-module-gradle-plugin/src/main/kotlin/expo/modules/plugin/android/AndroidLibraryExtension.kt:9:24 'var targetSdk: Int?' is deprecated. Will be removed from library DSL in v9.0. Use testOptions.targetSdk or/and lint.targetSdk instead.
2026-09-07T21:37:54.0847581Z
2026-09-07T21:37:54.0848219Z > Task :expo-module-gradle-plugin:compileJava NO-SOURCE
2026-09-07T21:37:54.0849207Z > Task :expo-module-gradle-plugin:classes
2026-09-07T21:37:54.0850234Z > Task :expo-module-gradle-plugin:jar
2026-09-07T21:38:05.2840223Z
2026-09-07T21:38:05.2840931Z > Configure project :
2026-09-07T21:38:05.2842276Z [ExpoRootProject] Using the following versions:
2026-09-07T21:38:05.2843049Z   - buildTools:  36.0.0
2026-09-07T21:38:05.2843598Z   - minSdk:      24
2026-09-07T21:38:05.2844132Z   - compileSdk:  36
2026-09-07T21:38:05.2844678Z   - targetSdk:   36
2026-09-07T21:38:05.2845249Z   - ndk:         27.1.12297006
2026-09-07T21:38:05.2845817Z   - kotlin:      2.1.20
2026-09-07T21:38:05.2846396Z   - ksp:         2.1.20-2.0.1
2026-09-07T21:38:23.8838255Z
2026-09-07T21:38:23.8839142Z > Configure project :app
2026-09-07T21:38:23.8840689Z  ℹ️  Applying gradle plugin 'expo-max-sdk-override-plugin'
2026-09-07T21:38:23.8844360Z   [expo-max-sdk-override-plugin] This plugin will find all permissions declared with `android:maxSdkVersion`. If there exists a declaration with the `android:maxSdkVersion` annotation and another one without, the plugin will remove the annotation from the final merged manifest. In order to see a log with the changes run a clean build of the app.
2026-09-07T21:38:23.8847832Z Checking the license for package NDK (Side by side) 27.1.12297006 in /usr/local/lib/android/sdk/licenses
2026-09-07T21:38:23.8849266Z License for package NDK (Side by side) 27.1.12297006 accepted.
2026-09-07T21:38:23.8850439Z Preparing "Install NDK (Side by side) 27.1.12297006 v.27.1.12297006".
2026-09-07T21:38:23.8851759Z "Install NDK (Side by side) 27.1.12297006 v.27.1.12297006" ready.
2026-09-07T21:38:23.8853093Z Installing NDK (Side by side) 27.1.12297006 in /usr/local/lib/android/sdk/ndk/27.1.12297006
2026-09-07T21:38:23.8854466Z "Install NDK (Side by side) 27.1.12297006 v.27.1.12297006" complete.
2026-09-07T21:38:23.8855616Z "Install NDK (Side by side) 27.1.12297006 v.27.1.12297006" finished.
2026-09-07T21:38:25.8838480Z
2026-09-07T21:38:25.8839299Z > Configure project :expo
2026-09-07T21:38:25.8839698Z
2026-09-07T21:38:25.8840078Z Using expo modules
2026-09-07T21:38:25.8840957Z   - expo-log-box (57.0.4)
2026-09-07T21:38:25.8842165Z   - expo-constants (57.0.16)
2026-09-07T21:38:36.8856471Z
2026-09-07T21:38:36.8922555Z > Configure project :expo-modules-core
2026-09-07T21:38:36.8952466Z Linking react-native-worklets native libs into expo-modules-core build tasks
2026-09-07T21:38:36.8992276Z task ':react-native-worklets:mergeDebugNativeLibs'
2026-09-07T21:38:36.8993124Z task ':react-native-worklets:mergeReleaseNativeLibs'
2026-09-07T21:38:36.8993567Z
2026-09-07T21:38:36.8993809Z > Configure project :expo
2026-09-07T21:38:36.8994640Z   - expo-modules-core (57.0.14)
2026-09-07T21:38:36.8995386Z   - [📦] expo-dom-webview (57.0.1)
2026-09-07T21:38:36.8996576Z   - [📦] expo-ui (57.0.14)
2026-09-07T21:38:36.8997264Z   - [📦] expo-asset (57.0.15)
2026-09-07T21:38:36.8997987Z   - [📦] expo-device (57.0.1)
2026-09-07T21:38:36.8999183Z   - [📦] expo-file-system (57.0.6)
2026-09-07T21:38:36.8999912Z   - [📦] expo-font (57.0.2)
2026-09-07T21:38:36.9000596Z   - [📦] expo-haptics (57.0.2)
2026-09-07T21:38:36.9001511Z   - [📦] expo-image (57.0.3)
2026-09-07T21:38:36.9002229Z   - [📦] expo-keep-awake (57.0.1)
2026-09-07T21:38:36.9002921Z   - [📦] expo-linking (57.0.8)
2026-09-07T21:38:36.9003612Z   - [📦] expo-router (57.0.17)
2026-09-07T21:38:36.9004351Z   - [📦] expo-splash-screen (57.0.8)
2026-09-07T21:38:36.9005125Z   - [📦] expo-status-bar (57.0.1)
2026-09-07T21:38:36.9005832Z   - [📦] expo-system-ui (57.0.3)
2026-09-07T21:38:36.9006556Z   - [📦] expo-web-browser (57.0.2)
2026-09-07T21:38:36.9006938Z
2026-09-07T21:40:15.1852017Z
2026-09-07T21:40:15.1902435Z > Task :expo:generatePackagesList
2026-09-07T21:40:15.1952674Z > Task :expo:preBuild
2026-09-07T21:40:15.2840519Z > Task :app:generateAutolinkingNewArchitectureFiles
2026-09-07T21:40:15.2845119Z > Task :app:generateAutolinkingPackageList
2026-09-07T21:40:15.2846145Z > Task :app:generateCodegenSchemaFromJavaScript SKIPPED
2026-09-07T21:40:15.2847728Z > Task :app:generateCodegenArtifactsFromSchema SKIPPED
2026-09-07T21:40:15.2848599Z > Task :app:generateReactNativeEntryPoint
2026-09-07T21:40:15.2852645Z > Task :expo-log-box:preBuild UP-TO-DATE
2026-09-07T21:40:15.2857868Z > Task :expo-modules-core:preBuild UP-TO-DATE
2026-09-07T21:40:15.4840121Z > Task :react-native-async-storage_async-storage:generateCodegenSchemaFromJavaScript
2026-09-07T21:40:15.4853228Z > Task :expo-constants:createExpoConfig
2026-09-07T21:40:15.4853878Z > Task :expo-constants:preBuild
2026-09-07T21:40:15.6839445Z > Task :react-native-gesture-handler:generateCodegenSchemaFromJavaScript
2026-09-07T21:40:15.6840890Z > Task :react-native-async-storage_async-storage:generateCodegenArtifactsFromSchema
2026-09-07T21:40:15.6842283Z > Task :react-native-async-storage_async-storage:preBuild
2026-09-07T21:40:15.6843215Z > Task :react-native-masked-view_masked-view:preBuild UP-TO-DATE
2026-09-07T21:40:15.6844216Z > Task :react-native-reanimated:assertMinimalReactNativeVersionTask
2026-09-07T21:40:15.7839055Z > Task :react-native-reanimated:assertWorkletsVersionTask
2026-09-07T21:40:15.8843036Z > Task :react-native-gesture-handler:generateCodegenArtifactsFromSchema
2026-09-07T21:40:15.8862473Z > Task :react-native-gesture-handler:preBuild
2026-09-07T21:40:15.8881125Z > Task :react-native-reanimated:generateCodegenSchemaFromJavaScript
2026-09-07T21:40:15.9838764Z > Task :react-native-safe-area-context:generateCodegenSchemaFromJavaScript
2026-09-07T21:40:16.0839702Z > Task :react-native-reanimated:generateCodegenArtifactsFromSchema
2026-09-07T21:40:16.1839043Z > Task :react-native-safe-area-context:generateCodegenArtifactsFromSchema
2026-09-07T21:40:16.1840132Z > Task :react-native-safe-area-context:preBuild
2026-09-07T21:40:16.1841158Z > Task :react-native-reanimated:prepareReanimatedHeadersForPrefabs
2026-09-07T21:40:16.1842541Z > Task :react-native-reanimated:preBuild
2026-09-07T21:40:16.3839471Z > Task :react-native-screens:generateCodegenSchemaFromJavaScript
2026-09-07T21:40:16.4838974Z > Task :react-native-svg:generateCodegenSchemaFromJavaScript
2026-09-07T21:40:16.5841780Z > Task :react-native-screens:generateCodegenArtifactsFromSchema
2026-09-07T21:40:16.5843204Z > Task :react-native-screens:preBuild
2026-09-07T21:40:16.5844363Z > Task :react-native-svg:generateCodegenArtifactsFromSchema
2026-09-07T21:40:16.5845374Z > Task :react-native-svg:preBuild
2026-09-07T21:40:16.5846293Z > Task :react-native-reanimated:preReleaseBuild
2026-09-07T21:40:16.5847141Z > Task :expo:preReleaseBuild
2026-09-07T21:40:16.6855000Z > Task :react-native-worklets:assertMinimalReactNativeVersionTask
2026-09-07T21:40:16.6856144Z > Task :expo:mergeReleaseJniLibFolders
2026-09-07T21:40:16.6856858Z > Task :expo:mergeReleaseNativeLibs NO-SOURCE
2026-09-07T21:40:16.6857932Z > Task :expo:copyReleaseJniLibsProjectOnly
2026-09-07T21:40:16.6858664Z > Task :expo-constants:preReleaseBuild
2026-09-07T21:40:16.6859404Z > Task :expo-constants:mergeReleaseJniLibFolders
2026-09-07T21:40:16.6860236Z > Task :expo-constants:mergeReleaseNativeLibs NO-SOURCE
2026-09-07T21:40:16.6861076Z > Task :expo-constants:copyReleaseJniLibsProjectOnly
2026-09-07T21:40:16.6862175Z > Task :expo-log-box:preReleaseBuild UP-TO-DATE
2026-09-07T21:40:16.6862931Z > Task :expo-log-box:mergeReleaseJniLibFolders
2026-09-07T21:40:16.6863755Z > Task :expo-log-box:mergeReleaseNativeLibs NO-SOURCE
2026-09-07T21:40:16.6864600Z > Task :expo-log-box:copyReleaseJniLibsProjectOnly
2026-09-07T21:40:16.6865460Z > Task :expo-modules-core:preReleaseBuild UP-TO-DATE
2026-09-07T21:40:16.6866318Z > Task :expo-modules-core:mergeReleaseJniLibFolders
2026-09-07T21:40:16.6867264Z > Task :react-native-async-storage_async-storage:preReleaseBuild
2026-09-07T21:40:16.7843794Z > Task :react-native-async-storage_async-storage:mergeReleaseJniLibFolders
2026-09-07T21:40:16.7845552Z > Task :react-native-async-storage_async-storage:mergeReleaseNativeLibs NO-SOURCE
2026-09-07T21:40:16.7847489Z > Task :react-native-async-storage_async-storage:copyReleaseJniLibsProjectOnly
2026-09-07T21:40:16.7853936Z > Task :react-native-gesture-handler:preReleaseBuild
2026-09-07T21:40:16.7855182Z > Task :react-native-gesture-handler:mergeReleaseJniLibFolders
2026-09-07T21:40:16.7856564Z > Task :react-native-masked-view_masked-view:preReleaseBuild UP-TO-DATE
2026-09-07T21:40:16.7857880Z > Task :react-native-masked-view_masked-view:mergeReleaseJniLibFolders
2026-09-07T21:40:16.7859638Z > Task :react-native-masked-view_masked-view:mergeReleaseNativeLibs NO-SOURCE
2026-09-07T21:40:16.7860997Z > Task :react-native-masked-view_masked-view:copyReleaseJniLibsProjectOnly
2026-09-07T21:40:16.7862469Z > Task :react-native-reanimated:mergeReleaseJniLibFolders
2026-09-07T21:40:16.7863527Z > Task :react-native-safe-area-context:preReleaseBuild
2026-09-07T21:40:16.7864769Z > Task :react-native-safe-area-context:mergeReleaseJniLibFolders
2026-09-07T21:40:16.7866027Z > Task :react-native-safe-area-context:mergeReleaseNativeLibs NO-SOURCE
2026-09-07T21:40:16.7867307Z > Task :react-native-safe-area-context:copyReleaseJniLibsProjectOnly
2026-09-07T21:40:16.7868430Z > Task :react-native-screens:preReleaseBuild
2026-09-07T21:40:16.7869569Z > Task :react-native-worklets:generateCodegenSchemaFromJavaScript
2026-09-07T21:40:16.9840097Z > Task :react-native-worklets:generateCodegenArtifactsFromSchema
2026-09-07T21:40:16.9842200Z > Task :react-native-worklets:prepareWorkletsHeadersForPrefabs
2026-09-07T21:40:16.9843602Z > Task :react-native-worklets:preBuild
2026-09-07T21:40:16.9844459Z > Task :app:preBuild
2026-09-07T21:40:16.9844984Z > Task :app:preReleaseBuild
2026-09-07T21:40:16.9845674Z > Task :react-native-worklets:preReleaseBuild
2026-09-07T21:40:18.7842920Z
2026-09-07T21:40:18.7844020Z > Task :react-native-screens:configureCMakeRelWithDebInfo[x86_64]
2026-09-07T21:40:18.7845704Z Checking the license for package CMake 3.22.1 in /usr/local/lib/android/sdk/licenses
2026-09-07T21:40:18.7846830Z License for package CMake 3.22.1 accepted.
2026-09-07T21:40:18.7847608Z Preparing "Install CMake 3.22.1 v.3.22.1".
2026-09-07T21:40:18.7848353Z "Install CMake 3.22.1 v.3.22.1" ready.
2026-09-07T21:40:18.7849262Z Installing CMake 3.22.1 in /usr/local/lib/android/sdk/cmake/3.22.1
2026-09-07T21:40:18.7850143Z "Install CMake 3.22.1 v.3.22.1" complete.
2026-09-07T21:40:18.7850876Z "Install CMake 3.22.1 v.3.22.1" finished.
2026-09-07T21:40:29.5852046Z
2026-09-07T21:40:29.5872707Z > Task :app:mergeReleaseJniLibFolders
2026-09-07T21:40:29.6852773Z > Task :react-native-worklets:configureCMakeRelWithDebInfo[x86_64]
2026-09-07T21:40:43.6847780Z > Task :react-native-screens:buildCMakeRelWithDebInfo[x86_64]
2026-09-07T21:40:43.6879451Z > Task :react-native-screens:mergeReleaseJniLibFolders
2026-09-07T21:40:43.6932202Z > Task :react-native-screens:mergeReleaseNativeLibs
2026-09-07T21:40:43.7855564Z > Task :react-native-screens:copyReleaseJniLibsProjectOnly
2026-09-07T21:40:43.7892331Z > Task :react-native-svg:preReleaseBuild
2026-09-07T21:40:43.7922210Z > Task :react-native-svg:mergeReleaseJniLibFolders
2026-09-07T21:40:43.7987311Z > Task :react-native-svg:mergeReleaseNativeLibs NO-SOURCE
2026-09-07T21:40:43.8042208Z > Task :react-native-svg:copyReleaseJniLibsProjectOnly
2026-09-07T21:40:43.8072602Z > Task :react-native-async-storage_async-storage:checkKotlinGradlePluginConfigurationErrors SKIPPED
2026-09-07T21:40:43.8123368Z > Task :react-native-async-storage_async-storage:generateReleaseBuildConfig
2026-09-07T21:40:43.8222505Z > Task :react-native-async-storage_async-storage:generateReleaseResValues
2026-09-07T21:40:43.8857235Z > Task :react-native-async-storage_async-storage:generateReleaseResources
2026-09-07T21:40:43.9857395Z > Task :react-native-async-storage_async-storage:packageReleaseResources
2026-09-07T21:40:45.7842799Z > Task :react-native-async-storage_async-storage:parseReleaseLocalResources
2026-09-07T21:40:45.8852797Z > Task :react-native-async-storage_async-storage:generateReleaseRFile
2026-09-07T21:40:53.5857700Z > Task :react-native-worklets:buildCMakeRelWithDebInfo[x86_64][worklets]
2026-09-07T21:40:54.0839579Z > Task :react-native-worklets:externalNativeBuildRelease
2026-09-07T21:40:54.0862258Z > Task :react-native-worklets:generateJsonModelRelease
2026-09-07T21:40:54.0892150Z > Task :react-native-worklets:prefabReleaseConfigurePackage
2026-09-07T21:40:55.6842536Z > Task :react-native-reanimated:configureCMakeRelWithDebInfo[x86_64]
2026-09-07T21:40:55.6872167Z > Task :react-native-reanimated:generateJsonModelRelease
2026-09-07T21:40:55.6902099Z > Task :react-native-reanimated:prefabReleaseConfigurePackage
2026-09-07T21:40:57.4844266Z > Task :app:configureCMakeRelWithDebInfo[x86_64]
2026-09-07T21:40:57.5839873Z > Task :react-native-worklets:prefabReleasePackage
2026-09-07T21:41:04.8839095Z > Task :react-native-async-storage_async-storage:kspReleaseKotlin
2026-09-07T21:41:04.8862329Z > Task :react-native-worklets:mergeReleaseJniLibFolders
2026-09-07T21:41:04.9943177Z > Task :react-native-worklets:mergeReleaseNativeLibs
2026-09-07T21:41:04.9977308Z > Task :react-native-worklets:copyReleaseJniLibsProjectOnly
2026-09-07T21:41:13.4842710Z > Task :expo-modules-core:configureCMakeRelWithDebInfo[x86_64]
2026-09-07T21:41:27.5872842Z > Task :react-native-reanimated:buildCMakeRelWithDebInfo[x86_64][reanimated]
2026-09-07T21:41:43.4877977Z > Task :expo-modules-core:buildCMakeRelWithDebInfo[x86_64]
2026-09-07T21:42:04.9853410Z C/C++: ninja: Entering directory `/home/runner/work/USKOCI-CLEAN/USKOCI-CLEAN/node_modules/expo-modules-core/android/.cxx/RelWithDebInfo/1541o3b5/x86_64'
2026-09-07T21:42:04.9913996Z C/C++: /home/runner/work/USKOCI-CLEAN/USKOCI-CLEAN/node_modules/expo-modules-core/android/src/main/cpp/fabric/ExpoComponentDescriptorFactory.cpp:17:5: warning: 'RawPropsParser' is deprecated [-Wdeprecated-declarations]
2026-09-07T21:42:04.9972500Z C/C++:    17 |     react::RawPropsParser(/*useRawPropsJsiValue=*/true)
2026-09-07T21:42:04.9973364Z C/C++:       |     ^
2026-09-07T21:42:05.0003459Z C/C++: /home/runner/work/USKOCI-CLEAN/USKOCI-CLEAN/node_modules/react-native/ReactCommon/react/renderer/core/RawPropsParser.h:31:5: note: 'RawPropsParser' has been explicitly marked deprecated here
2026-09-07T21:42:05.0005627Z C/C++:    31 |   [[deprecated]] explicit RawPropsParser(bool /* ignored */) : RawPropsParser() {}
2026-09-07T21:42:05.0006555Z C/C++:       |     ^
2026-09-07T21:42:05.0007050Z C/C++: 1 warning generated.
2026-09-07T21:42:07.4838017Z
2026-09-07T21:42:07.4882438Z > Task :expo-modules-core:mergeReleaseNativeLibs
2026-09-07T21:42:07.6863314Z > Task :expo-modules-core:copyReleaseJniLibsProjectOnly
2026-09-07T21:42:09.2865317Z > Task :react-native-gesture-handler:configureCMakeRelWithDebInfo[x86_64]
2026-09-07T21:42:23.2837466Z
2026-09-07T21:42:23.2863063Z > Task :react-native-async-storage_async-storage:compileReleaseKotlin
2026-09-07T21:42:23.2894471Z w: file:///home/runner/work/USKOCI-CLEAN/USKOCI-CLEAN/node_modules/@react-native-async-storage/async-storage/android/src/main/kotlin/org/asyncstorage/legacy_storage/LegacyStorageSupplier.kt:63:69 Java type mismatch: inferred type is 'String?', but 'String' was expected.
2026-09-07T21:42:23.2899412Z w: file:///home/runner/work/USKOCI-CLEAN/USKOCI-CLEAN/node_modules/@react-native-async-storage/async-storage/android/src/main/kotlin/org/asyncstorage/legacy_storage/LegacyStorageSupplier.kt:91:26 The corresponding parameter in the supertype 'Migration' is named 'db'. This may cause problems when calling this function with named arguments.
2026-09-07T21:42:23.2923898Z w: file:///home/runner/work/USKOCI-CLEAN/USKOCI-CLEAN/node_modules/@react-native-async-storage/async-storage/android/src/main/kotlin/org/asyncstorage/legacy_storage/LegacyStorageSupplier.kt:202:17 Unchecked cast of 'ArrayList<Any?>' to 'List<String>'.
2026-09-07T21:42:23.3838220Z
2026-09-07T21:42:23.3888951Z > Task :react-native-async-storage_async-storage:javaPreCompileRelease
2026-09-07T21:42:32.8839309Z > Task :react-native-async-storage_async-storage:compileReleaseJavaWithJavac
2026-09-07T21:42:32.8849313Z > Task :react-native-async-storage_async-storage:bundleLibRuntimeToDirRelease
2026-09-07T21:42:35.8857666Z > Task :react-native-gesture-handler:checkKotlinGradlePluginConfigurationErrors SKIPPED
2026-09-07T21:42:35.8882410Z > Task :react-native-gesture-handler:generateReleaseBuildConfig
2026-09-07T21:42:35.8902203Z > Task :react-native-gesture-handler:generateReleaseResValues
2026-09-07T21:42:35.8932389Z > Task :react-native-gesture-handler:generateReleaseResources
2026-09-07T21:42:35.8952364Z > Task :react-native-gesture-handler:packageReleaseResources
2026-09-07T21:42:35.8962537Z > Task :react-native-gesture-handler:parseReleaseLocalResources
2026-09-07T21:42:35.9860113Z > Task :react-native-gesture-handler:generateReleaseRFile
2026-09-07T21:42:35.9862409Z > Task :react-native-worklets:checkKotlinGradlePluginConfigurationErrors SKIPPED
2026-09-07T21:42:35.9914552Z > Task :react-native-worklets:generateReleaseBuildConfig
2026-09-07T21:42:35.9922267Z > Task :react-native-worklets:generateReleaseResValues
2026-09-07T21:42:35.9932196Z > Task :react-native-worklets:generateReleaseResources
2026-09-07T21:42:35.9956693Z > Task :react-native-worklets:packageReleaseResources
2026-09-07T21:42:35.9982207Z > Task :react-native-worklets:parseReleaseLocalResources
2026-09-07T21:42:36.0842694Z > Task :react-native-worklets:generateReleaseRFile
2026-09-07T21:42:39.7852633Z > Task :react-native-worklets:compileReleaseKotlin
2026-09-07T21:42:39.8852552Z > Task :react-native-worklets:javaPreCompileRelease
2026-09-07T21:42:41.7862731Z > Task :react-native-worklets:compileReleaseJavaWithJavac
2026-09-07T21:42:41.8867018Z > Task :react-native-worklets:bundleLibCompileToJarRelease
2026-09-07T21:42:41.8869224Z > Task :react-native-svg:generateReleaseBuildConfig
2026-09-07T21:42:41.8912253Z > Task :react-native-svg:generateReleaseResValues
2026-09-07T21:42:41.8942058Z > Task :react-native-svg:generateReleaseResources
2026-09-07T21:42:41.8972097Z > Task :react-native-svg:packageReleaseResources
2026-09-07T21:42:41.8984223Z > Task :react-native-svg:parseReleaseLocalResources
2026-09-07T21:42:41.9002187Z > Task :react-native-svg:generateReleaseRFile
2026-09-07T21:42:41.9032059Z > Task :react-native-svg:javaPreCompileRelease
2026-09-07T21:42:46.8852664Z Note: Some input files use or override a deprecated API.
2026-09-07T21:42:46.8853205Z
2026-09-07T21:42:46.8879993Z Note: Recompile with -Xlint:deprecation for details.
2026-09-07T21:42:46.8880881Z > Task :react-native-svg:compileReleaseJavaWithJavac
2026-09-07T21:42:46.8912190Z Note: Some input files use unchecked or unsafe operations.
2026-09-07T21:42:46.8942089Z Note: Recompile with -Xlint:unchecked for details.
2026-09-07T21:42:47.0906427Z
2026-09-07T21:42:47.0940446Z > Task :react-native-svg:bundleLibCompileToJarRelease
2026-09-07T21:42:47.0970841Z > Task :react-native-gesture-handler:javaPreCompileRelease
2026-09-07T21:42:47.0995281Z > Task :react-native-safe-area-context:checkKotlinGradlePluginConfigurationErrors SKIPPED
2026-09-07T21:42:47.1022368Z > Task :react-native-safe-area-context:generateReleaseBuildConfig
2026-09-07T21:42:47.1051981Z > Task :react-native-safe-area-context:generateReleaseResValues
2026-09-07T21:42:47.1079020Z > Task :react-native-safe-area-context:generateReleaseResources
2026-09-07T21:42:47.1088686Z > Task :react-native-safe-area-context:packageReleaseResources
2026-09-07T21:42:47.1851201Z > Task :react-native-safe-area-context:parseReleaseLocalResources
2026-09-07T21:42:47.1892431Z > Task :react-native-safe-area-context:generateReleaseRFile
2026-09-07T21:42:51.0841943Z
2026-09-07T21:42:51.0862509Z > Task :react-native-safe-area-context:compileReleaseKotlin
2026-09-07T21:42:51.0894581Z w: file:///home/runner/work/USKOCI-CLEAN/USKOCI-CLEAN/node_modules/react-native-safe-area-context/android/src/main/java/com/th3rdwave/safeareacontext/SafeAreaProviderManager.kt:39:19 'fun getEventDispatcherForReactTag(context: ReactContext, reactTag: Int): EventDispatcher?' is deprecated. reactTag is no longer needed.
2026-09-07T21:42:51.0934272Z w: file:///home/runner/work/USKOCI-CLEAN/USKOCI-CLEAN/node_modules/react-native-safe-area-context/android/src/main/java/com/th3rdwave/safeareacontext/SafeAreaView.kt:9:8 'class UIManagerModule : ReactContextBaseJavaModule, LifecycleEventListener, UIManager' is deprecated. Deprecated in Java.
2026-09-07T21:42:51.0964449Z w: file:///home/runner/work/USKOCI-CLEAN/USKOCI-CLEAN/node_modules/react-native-safe-area-context/android/src/main/java/com/th3rdwave/safeareacontext/SafeAreaView.kt:50:54 'class UIManagerModule : ReactContextBaseJavaModule, LifecycleEventListener, UIManager' is deprecated. Deprecated in Java.
2026-09-07T21:42:51.0973942Z w: file:///home/runner/work/USKOCI-CLEAN/USKOCI-CLEAN/node_modules/react-native-safe-area-context/android/src/main/java/com/th3rdwave/safeareacontext/SafeAreaView.kt:59:23 'val uiImplementation: UIImplementation!' is deprecated. Deprecated in Java.
2026-09-07T21:42:51.1034531Z w: file:///home/runner/work/USKOCI-CLEAN/USKOCI-CLEAN/node_modules/react-native-safe-area-context/android/src/main/java/com/th3rdwave/safeareacontext/SafeAreaViewShadowNode.kt:9:32 'class LayoutShadowNode : ReactShadowNodeImpl' is deprecated. This class is part of Legacy Architecture and will be removed in a future release.
2026-09-07T21:42:51.1074406Z w: file:///home/runner/work/USKOCI-CLEAN/USKOCI-CLEAN/node_modules/react-native-safe-area-context/android/src/main/java/com/th3rdwave/safeareacontext/SafeAreaViewShadowNode.kt:110:61 'class NativeViewHierarchyOptimizer : Any' is deprecated. This class is part of Legacy Architecture and will be removed in a future release.
2026-09-07T21:42:51.1101651Z
2026-09-07T21:42:51.1162168Z > Task :react-native-safe-area-context:javaPreCompileRelease
2026-09-07T21:42:51.3862744Z > Task :react-native-safe-area-context:compileReleaseJavaWithJavac
2026-09-07T21:42:51.4838844Z > Task :react-native-safe-area-context:bundleLibRuntimeToDirRelease
2026-09-07T21:42:52.0857753Z > Task :react-native-reanimated:externalNativeBuildRelease
2026-09-07T21:42:52.2866993Z > Task :react-native-screens:checkKotlinGradlePluginConfigurationErrors SKIPPED
2026-09-07T21:42:52.2912211Z > Task :react-native-screens:generateReleaseBuildConfig
2026-09-07T21:42:52.2913145Z > Task :react-native-screens:generateReleaseResValues
2026-09-07T21:42:52.2914004Z > Task :react-native-reanimated:prefabReleasePackage
2026-09-07T21:42:52.2914861Z > Task :react-native-screens:generateReleaseResources
2026-09-07T21:42:58.0851572Z > Task :react-native-gesture-handler:buildCMakeRelWithDebInfo[x86_64]
2026-09-07T21:42:58.0915364Z > Task :react-native-gesture-handler:mergeReleaseNativeLibs
2026-09-07T21:42:58.0962239Z > Task :react-native-gesture-handler:copyReleaseJniLibsProjectOnly
2026-09-07T21:42:58.3902712Z > Task :react-native-reanimated:mergeReleaseNativeLibs
2026-09-07T21:42:58.6852777Z > Task :react-native-reanimated:copyReleaseJniLibsProjectOnly
2026-09-07T21:42:58.6862639Z > Task :react-native-reanimated:checkKotlinGradlePluginConfigurationErrors SKIPPED
2026-09-07T21:42:58.6892707Z > Task :react-native-reanimated:generateReleaseBuildConfig
2026-09-07T21:42:58.6893662Z > Task :react-native-reanimated:generateReleaseResValues
2026-09-07T21:42:58.6894530Z > Task :react-native-reanimated:generateReleaseResources
2026-09-07T21:42:58.6895332Z > Task :react-native-reanimated:packageReleaseResources
2026-09-07T21:42:58.7842631Z > Task :react-native-reanimated:parseReleaseLocalResources
2026-09-07T21:42:58.7933817Z > Task :react-native-reanimated:generateReleaseRFile
2026-09-07T21:43:08.0881884Z
2026-09-07T21:43:08.0932454Z > Task :react-native-reanimated:compileReleaseKotlin
2026-09-07T21:43:08.0994591Z w: file:///home/runner/work/USKOCI-CLEAN/USKOCI-CLEAN/node_modules/react-native-reanimated/android/src/main/java/com/swmansion/reanimated/NodesManager.kt:13:8 'class UIManagerModule : ReactContextBaseJavaModule, LifecycleEventListener, UIManager' is deprecated. Deprecated in Java.
2026-09-07T21:43:08.1043631Z w: file:///home/runner/work/USKOCI-CLEAN/USKOCI-CLEAN/node_modules/react-native-reanimated/android/src/main/java/com/swmansion/reanimated/NodesManager.kt:58:95 'fun resolveCustomDirectEventName(eventName: String): String?' is deprecated.
2026-09-07T21:43:08.1068447Z w: file:///home/runner/work/USKOCI-CLEAN/USKOCI-CLEAN/node_modules/react-native-reanimated/android/src/main/java/com/swmansion/reanimated/NodesManager.kt:234:29 'fun receiveEvent(surfaceId: Int, targetTag: Int, eventName: String, canCoalesceEvent: Boolean, customCoalesceKey: Int, params: WritableMap?, category: Int): Unit' is deprecated. Use the overload with eventTimestamp parameter instead.
2026-09-07T21:43:08.1134039Z w: file:///home/runner/work/USKOCI-CLEAN/USKOCI-CLEAN/node_modules/react-native-reanimated/android/src/main/java/com/swmansion/reanimated/ReanimatedPackage.kt:5:8 'class ReactInstanceManager : Any' is deprecated. Deprecated in Java.
2026-09-07T21:43:08.1186892Z w: file:///home/runner/work/USKOCI-CLEAN/USKOCI-CLEAN/node_modules/react-native-reanimated/android/src/main/java/com/swmansion/reanimated/ReanimatedPackage.kt:60:73 'class ReactInstanceManager : Any' is deprecated. Deprecated in Java.
2026-09-07T21:43:08.1264440Z w: file:///home/runner/work/USKOCI-CLEAN/USKOCI-CLEAN/node_modules/react-native-reanimated/android/src/main/java/com/swmansion/reanimated/ReanimatedPackage.kt:61:63 'val reactNativeHost: ReactNativeHost' is deprecated. You should not use ReactNativeHost directly in the New Architecture. Use ReactHost instead.
2026-09-07T21:43:08.1294319Z w: file:///home/runner/work/USKOCI-CLEAN/USKOCI-CLEAN/node_modules/react-native-reanimated/android/src/main/java/com/swmansion/reanimated/nativeProxy/EventHandler.kt:7:8 'class UIManagerModule : ReactContextBaseJavaModule, LifecycleEventListener, UIManager' is deprecated. Deprecated in Java.
2026-09-07T21:43:08.1334610Z w: file:///home/runner/work/USKOCI-CLEAN/USKOCI-CLEAN/node_modules/react-native-reanimated/android/src/main/java/com/swmansion/reanimated/nativeProxy/EventHandler.kt:25:18 This declaration overrides a deprecated member but is not marked as deprecated itself. Add the '@Deprecated' annotation or suppress the diagnostic.
2026-09-07T21:43:08.1354495Z w: file:///home/runner/work/USKOCI-CLEAN/USKOCI-CLEAN/node_modules/react-native-reanimated/android/src/main/java/com/swmansion/reanimated/nativeProxy/EventHandler.kt:38:18 This declaration overrides a deprecated member but is not marked as deprecated itself. Add the '@Deprecated' annotation or suppress the diagnostic.
2026-09-07T21:43:08.1414481Z w: file:///home/runner/work/USKOCI-CLEAN/USKOCI-CLEAN/node_modules/react-native-reanimated/android/src/main/java/com/swmansion/reanimated/nativeProxy/EventHandler.kt:48:18 This declaration overrides a deprecated member but is not marked as deprecated itself. Add the '@Deprecated' annotation or suppress the diagnostic.
2026-09-07T21:43:08.1474874Z w: file:///home/runner/work/USKOCI-CLEAN/USKOCI-CLEAN/node_modules/react-native-reanimated/android/src/main/java/com/swmansion/reanimated/nativeProxy/EventHandler.kt:57:18 This declaration overrides a deprecated member but is not marked as deprecated itself. Add the '@Deprecated' annotation or suppress the diagnostic.
2026-09-07T21:43:08.1479824Z w: file:///home/runner/work/USKOCI-CLEAN/USKOCI-CLEAN/node_modules/react-native-reanimated/android/src/main/java/com/swmansion/reanimated/nativeProxy/NoopEventHandler.kt:8:18 This declaration overrides a deprecated member but is not marked as deprecated itself. Add the '@Deprecated' annotation or suppress the diagnostic.
2026-09-07T21:43:08.1485093Z w: file:///home/runner/work/USKOCI-CLEAN/USKOCI-CLEAN/node_modules/react-native-reanimated/android/src/main/java/com/swmansion/reanimated/nativeProxy/NoopEventHandler.kt:20:18 This declaration overrides a deprecated member but is not marked as deprecated itself. Add the '@Deprecated' annotation or suppress the diagnostic.
2026-09-07T21:43:08.1522993Z w: file:///home/runner/work/USKOCI-CLEAN/USKOCI-CLEAN/node_modules/react-native-reanimated/android/src/main/java/com/swmansion/reanimated/nativeProxy/NoopEventHandler.kt:29:18 This declaration overrides a deprecated member but is not marked as deprecated itself. Add the '@Deprecated' annotation or suppress the diagnostic.
2026-09-07T21:43:08.1544742Z w: file:///home/runner/work/USKOCI-CLEAN/USKOCI-CLEAN/node_modules/react-native-reanimated/android/src/main/java/com/swmansion/reanimated/nativeProxy/NoopEventHandler.kt:37:18 This declaration overrides a deprecated member but is not marked as deprecated itself. Add the '@Deprecated' annotation or suppress the diagnostic.
2026-09-07T21:43:08.1593712Z w: file:///home/runner/work/USKOCI-CLEAN/USKOCI-CLEAN/node_modules/react-native-reanimated/android/src/main/java/com/swmansion/reanimated/sensor/ReanimatedSensor.kt:28:26 'val defaultDisplay: Display!' is deprecated. Deprecated in Java.
2026-09-07T21:43:08.1871834Z
2026-09-07T21:43:08.1922397Z > Task :react-native-reanimated:javaPreCompileRelease
2026-09-07T21:43:09.7852605Z > Task :react-native-reanimated:compileReleaseJavaWithJavac
2026-09-07T21:43:09.7882415Z > Task :react-native-reanimated:bundleLibCompileToJarRelease
2026-09-07T21:43:22.2873062Z > Task :app:buildCMakeRelWithDebInfo[x86_64]
2026-09-07T21:43:27.8867247Z
2026-09-07T21:43:27.8914277Z > Task :react-native-gesture-handler:compileReleaseKotlin
2026-09-07T21:43:27.8948853Z w: file:///home/runner/work/USKOCI-CLEAN/USKOCI-CLEAN/node_modules/react-native-gesture-handler/android/src/main/java/com/swmansion/gesturehandler/react/Extensions.kt:8:8 'class UIManagerModule : ReactContextBaseJavaModule, LifecycleEventListener, UIManager' is deprecated. Deprecated in Java.
2026-09-07T21:43:27.9024444Z w: file:///home/runner/work/USKOCI-CLEAN/USKOCI-CLEAN/node_modules/react-native-gesture-handler/android/src/main/java/com/swmansion/gesturehandler/react/Extensions.kt:13:29 'class UIManagerModule : ReactContextBaseJavaModule, LifecycleEventListener, UIManager' is deprecated. Deprecated in Java.
2026-09-07T21:43:27.9044249Z w: file:///home/runner/work/USKOCI-CLEAN/USKOCI-CLEAN/node_modules/react-native-gesture-handler/android/src/main/java/com/swmansion/gesturehandler/react/Extensions.kt:14:32 'class UIManagerModule : ReactContextBaseJavaModule, LifecycleEventListener, UIManager' is deprecated. Deprecated in Java.
2026-09-07T21:43:28.7861872Z
2026-09-07T21:43:28.7922798Z > Task :react-native-gesture-handler:compileReleaseJavaWithJavac
2026-09-07T21:43:28.9866753Z > Task :react-native-gesture-handler:bundleLibRuntimeToDirRelease
2026-09-07T21:43:33.5852742Z > Task :react-native-reanimated:bundleLibRuntimeToDirRelease
2026-09-07T21:43:35.1863178Z > Task :react-native-screens:packageReleaseResources
2026-09-07T21:43:35.1932361Z > Task :react-native-screens:parseReleaseLocalResources
2026-09-07T21:43:35.2022354Z > Task :react-native-screens:generateReleaseRFile
2026-09-07T21:44:05.1839107Z > Task :react-native-screens:compileReleaseKotlin
2026-09-07T21:44:22.8875520Z w: file:///home/runner/work/USKOCI-CLEAN/USKOCI-CLEAN/node_modules/react-native-screens/android/src/main/java/com/swmansion/rnscreens/RNScreensPackage.kt:70:9 The corresponding parameter in the supertype 'BaseReactPackage' is named 'name'. This may cause problems when calling this function with named arguments.
2026-09-07T21:44:22.8904538Z w: file:///home/runner/work/USKOCI-CLEAN/USKOCI-CLEAN/node_modules/react-native-screens/android/src/main/java/com/swmansion/rnscreens/RNScreensPackage.kt:71:9 The corresponding parameter in the supertype 'BaseReactPackage' is named 'reactContext'. This may cause problems when calling this function with named arguments.
2026-09-07T21:44:22.8945607Z w: file:///home/runner/work/USKOCI-CLEAN/USKOCI-CLEAN/node_modules/react-native-screens/android/src/main/java/com/swmansion/rnscreens/RNScreensPackage.kt:83:17 'constructor(name: String, className: String, canOverrideExistingModule: Boolean, needsEagerInit: Boolean, hasConstants: Boolean, isCxxModule: Boolean, isTurboModule: Boolean): ReactModuleInfo' is deprecated. This constructor is deprecated and will be removed in the future. Use ReactModuleInfo(String, String, boolean, boolean, boolean, boolean)].
2026-09-07T21:44:22.8994030Z w: file:///home/runner/work/USKOCI-CLEAN/USKOCI-CLEAN/node_modules/react-native-screens/android/src/main/java/com/swmansion/rnscreens/Screen.kt:54:77 Unchecked cast of '(CoordinatorLayout.Behavior<View!>?..CoordinatorLayout.Behavior<*>?)' to 'BottomSheetBehavior<Screen>'.
2026-09-07T21:44:22.9044275Z w: file:///home/runner/work/USKOCI-CLEAN/USKOCI-CLEAN/node_modules/react-native-screens/android/src/main/java/com/swmansion/rnscreens/Screen.kt:59:33 'fun getEventDispatcherForReactTag(context: ReactContext, reactTag: Int): EventDispatcher?' is deprecated. reactTag is no longer needed.
2026-09-07T21:44:22.9074137Z w: file:///home/runner/work/USKOCI-CLEAN/USKOCI-CLEAN/node_modules/react-native-screens/android/src/main/java/com/swmansion/rnscreens/Screen.kt:516:14 'fun getEventDispatcherForReactTag(context: ReactContext, reactTag: Int): EventDispatcher?' is deprecated. reactTag is no longer needed.
2026-09-07T21:44:22.9114310Z w: file:///home/runner/work/USKOCI-CLEAN/USKOCI-CLEAN/node_modules/react-native-screens/android/src/main/java/com/swmansion/rnscreens/ScreenContainer.kt:250:18 'fun getEventDispatcherForReactTag(context: ReactContext, reactTag: Int): EventDispatcher?' is deprecated. reactTag is no longer needed.
2026-09-07T21:44:22.9174568Z w: file:///home/runner/work/USKOCI-CLEAN/USKOCI-CLEAN/node_modules/react-native-screens/android/src/main/java/com/swmansion/rnscreens/ScreenContainer.kt:260:18 'fun getEventDispatcherForReactTag(context: ReactContext, reactTag: Int): EventDispatcher?' is deprecated. reactTag is no longer needed.
2026-09-07T21:44:22.9204394Z w: file:///home/runner/work/USKOCI-CLEAN/USKOCI-CLEAN/node_modules/react-native-screens/android/src/main/java/com/swmansion/rnscreens/ScreenFragment.kt:225:37 'fun getEventDispatcherForReactTag(context: ReactContext, reactTag: Int): EventDispatcher?' is deprecated. reactTag is no longer needed.
2026-09-07T21:44:22.9264265Z w: file:///home/runner/work/USKOCI-CLEAN/USKOCI-CLEAN/node_modules/react-native-screens/android/src/main/java/com/swmansion/rnscreens/ScreenFragment.kt:242:14 'fun getEventDispatcherForReactTag(context: ReactContext, reactTag: Int): EventDispatcher?' is deprecated. reactTag is no longer needed.
2026-09-07T21:44:22.9268977Z w: file:///home/runner/work/USKOCI-CLEAN/USKOCI-CLEAN/node_modules/react-native-screens/android/src/main/java/com/swmansion/rnscreens/ScreenFragment.kt:258:22 'fun getEventDispatcherForReactTag(context: ReactContext, reactTag: Int): EventDispatcher?' is deprecated. reactTag is no longer needed.
2026-09-07T21:44:22.9334242Z w: file:///home/runner/work/USKOCI-CLEAN/USKOCI-CLEAN/node_modules/react-native-screens/android/src/main/java/com/swmansion/rnscreens/ScreenFragment.kt:327:22 'fun getEventDispatcherForReactTag(context: ReactContext, reactTag: Int): EventDispatcher?' is deprecated. reactTag is no longer needed.
2026-09-07T21:44:22.9363522Z w: file:///home/runner/work/USKOCI-CLEAN/USKOCI-CLEAN/node_modules/react-native-screens/android/src/main/java/com/swmansion/rnscreens/ScreenModalFragment.kt:180:22 'fun getEventDispatcherForReactTag(context: ReactContext, reactTag: Int): EventDispatcher?' is deprecated. reactTag is no longer needed.
2026-09-07T21:44:22.9444363Z w: file:///home/runner/work/USKOCI-CLEAN/USKOCI-CLEAN/node_modules/react-native-screens/android/src/main/java/com/swmansion/rnscreens/ScreenStack.kt:120:14 'fun getEventDispatcherForReactTag(context: ReactContext, reactTag: Int): EventDispatcher?' is deprecated. reactTag is no longer needed.
2026-09-07T21:44:22.9449091Z w: file:///home/runner/work/USKOCI-CLEAN/USKOCI-CLEAN/node_modules/react-native-screens/android/src/main/java/com/swmansion/rnscreens/ScreenStackFragment.kt:173:18 'fun getEventDispatcherForReactTag(context: ReactContext, reactTag: Int): EventDispatcher?' is deprecated. reactTag is no longer needed.
2026-09-07T21:44:22.9504493Z w: file:///home/runner/work/USKOCI-CLEAN/USKOCI-CLEAN/node_modules/react-native-screens/android/src/main/java/com/swmansion/rnscreens/ScreenStackFragment.kt:230:31 'var targetElevation: Float' is deprecated. Deprecated in Java.
2026-09-07T21:44:22.9556247Z w: file:///home/runner/work/USKOCI-CLEAN/USKOCI-CLEAN/node_modules/react-native-screens/android/src/main/java/com/swmansion/rnscreens/ScreenStackFragment.kt:233:13 'fun setHasOptionsMenu(p0: Boolean): Unit' is deprecated. Deprecated in Java.
2026-09-07T21:44:22.9565643Z w: file:///home/runner/work/USKOCI-CLEAN/USKOCI-CLEAN/node_modules/react-native-screens/android/src/main/java/com/swmansion/rnscreens/ScreenStackFragment.kt:443:18 This declaration overrides a deprecated member but is not marked as deprecated itself. Add the '@Deprecated' annotation or suppress the diagnostic.
2026-09-07T21:44:22.9653904Z w: file:///home/runner/work/USKOCI-CLEAN/USKOCI-CLEAN/node_modules/react-native-screens/android/src/main/java/com/swmansion/rnscreens/ScreenStackFragment.kt:450:22 'fun onPrepareOptionsMenu(p0: Menu): Unit' is deprecated. Deprecated in Java.
2026-09-07T21:44:22.9684425Z w: file:///home/runner/work/USKOCI-CLEAN/USKOCI-CLEAN/node_modules/react-native-screens/android/src/main/java/com/swmansion/rnscreens/ScreenStackFragment.kt:453:18 This declaration overrides a deprecated member but is not marked as deprecated itself. Add the '@Deprecated' annotation or suppress the diagnostic.
2026-09-07T21:44:22.9689096Z w: file:///home/runner/work/USKOCI-CLEAN/USKOCI-CLEAN/node_modules/react-native-screens/android/src/main/java/com/swmansion/rnscreens/ScreenStackFragment.kt:458:22 'fun onCreateOptionsMenu(p0: Menu, p1: MenuInflater): Unit' is deprecated. Deprecated in Java.
2026-09-07T21:44:22.9764597Z w: file:///home/runner/work/USKOCI-CLEAN/USKOCI-CLEAN/node_modules/react-native-screens/android/src/main/java/com/swmansion/rnscreens/ScreenStackHeaderConfig.kt:199:14 'fun getEventDispatcherForReactTag(context: ReactContext, reactTag: Int): EventDispatcher?' is deprecated. reactTag is no longer needed.
2026-09-07T21:44:22.9824429Z w: file:///home/runner/work/USKOCI-CLEAN/USKOCI-CLEAN/node_modules/react-native-screens/android/src/main/java/com/swmansion/rnscreens/ScreenStackHeaderConfig.kt:209:14 'fun getEventDispatcherForReactTag(context: ReactContext, reactTag: Int): EventDispatcher?' is deprecated. reactTag is no longer needed.
2026-09-07T21:44:22.9848687Z w: file:///home/runner/work/USKOCI-CLEAN/USKOCI-CLEAN/node_modules/react-native-screens/android/src/main/java/com/swmansion/rnscreens/ScreenWindowTraits.kt:48:42 'fun replaceSystemWindowInsets(p0: Int, p1: Int, p2: Int, p3: Int): @NonNull() WindowInsetsCompat' is deprecated. Deprecated in Java.
2026-09-07T21:44:22.9898252Z w: file:///home/runner/work/USKOCI-CLEAN/USKOCI-CLEAN/node_modules/react-native-screens/android/src/main/java/com/swmansion/rnscreens/ScreenWindowTraits.kt:49:39 'val systemWindowInsetLeft: Int' is deprecated. Deprecated in Java.
2026-09-07T21:44:22.9923696Z w: file:///home/runner/work/USKOCI-CLEAN/USKOCI-CLEAN/node_modules/react-native-screens/android/src/main/java/com/swmansion/rnscreens/ScreenWindowTraits.kt:51:39 'val systemWindowInsetRight: Int' is deprecated. Deprecated in Java.
2026-09-07T21:44:23.0006194Z w: file:///home/runner/work/USKOCI-CLEAN/USKOCI-CLEAN/node_modules/react-native-screens/android/src/main/java/com/swmansion/rnscreens/ScreenWindowTraits.kt:52:39 'val systemWindowInsetBottom: Int' is deprecated. Deprecated in Java.
2026-09-07T21:44:23.0043955Z w: file:///home/runner/work/USKOCI-CLEAN/USKOCI-CLEAN/node_modules/react-native-screens/android/src/main/java/com/swmansion/rnscreens/ScreensModule.kt:100:14 'fun getEventDispatcherForReactTag(context: ReactContext, reactTag: Int): EventDispatcher?' is deprecated. reactTag is no longer needed.
2026-09-07T21:44:23.0048568Z w: file:///home/runner/work/USKOCI-CLEAN/USKOCI-CLEAN/node_modules/react-native-screens/android/src/main/java/com/swmansion/rnscreens/SearchBarView.kt:137:29 'fun getEventDispatcherForReactTag(context: ReactContext, reactTag: Int): EventDispatcher?' is deprecated. reactTag is no longer needed.
2026-09-07T21:44:23.0134404Z w: file:///home/runner/work/USKOCI-CLEAN/USKOCI-CLEAN/node_modules/react-native-screens/android/src/main/java/com/swmansion/rnscreens/bottomsheet/BottomSheetDialogRootView.kt:7:8 'object ReactFeatureFlags : Any' is deprecated. Use com.facebook.react.internal.featureflags.ReactNativeFeatureFlags instead.
2026-09-07T21:44:23.0164396Z w: file:///home/runner/work/USKOCI-CLEAN/USKOCI-CLEAN/node_modules/react-native-screens/android/src/main/java/com/swmansion/rnscreens/bottomsheet/BottomSheetDialogRootView.kt:25:13 'object ReactFeatureFlags : Any' is deprecated. Use com.facebook.react.internal.featureflags.ReactNativeFeatureFlags instead.
2026-09-07T21:44:23.0169546Z w: file:///home/runner/work/USKOCI-CLEAN/USKOCI-CLEAN/node_modules/react-native-screens/android/src/main/java/com/swmansion/rnscreens/bottomsheet/BottomSheetDialogRootView.kt:32:9 The corresponding parameter in the supertype 'ReactViewGroup' is named 'left'. This may cause problems when calling this function with named arguments.
2026-09-07T21:44:23.0234222Z w: file:///home/runner/work/USKOCI-CLEAN/USKOCI-CLEAN/node_modules/react-native-screens/android/src/main/java/com/swmansion/rnscreens/bottomsheet/BottomSheetDialogRootView.kt:33:9 The corresponding parameter in the supertype 'ReactViewGroup' is named 'top'. This may cause problems when calling this function with named arguments.
2026-09-07T21:44:23.0293406Z w: file:///home/runner/work/USKOCI-CLEAN/USKOCI-CLEAN/node_modules/react-native-screens/android/src/main/java/com/swmansion/rnscreens/bottomsheet/BottomSheetDialogRootView.kt:34:9 The corresponding parameter in the supertype 'ReactViewGroup' is named 'right'. This may cause problems when calling this function with named arguments.
2026-09-07T21:44:23.0324560Z w: file:///home/runner/work/USKOCI-CLEAN/USKOCI-CLEAN/node_modules/react-native-screens/android/src/main/java/com/swmansion/rnscreens/bottomsheet/BottomSheetDialogRootView.kt:35:9 The corresponding parameter in the supertype 'ReactViewGroup' is named 'bottom'. This may cause problems when calling this function with named arguments.
2026-09-07T21:44:23.0354614Z w: file:///home/runner/work/USKOCI-CLEAN/USKOCI-CLEAN/node_modules/react-native-screens/android/src/main/java/com/swmansion/rnscreens/bottomsheet/BottomSheetDialogRootView.kt:71:9 The corresponding parameter in the supertype 'RootView' is named 'childView'. This may cause problems when calling this function with named arguments.
2026-09-07T21:44:23.0386887Z w: file:///home/runner/work/USKOCI-CLEAN/USKOCI-CLEAN/node_modules/react-native-screens/android/src/main/java/com/swmansion/rnscreens/bottomsheet/BottomSheetDialogRootView.kt:72:9 The corresponding parameter in the supertype 'RootView' is named 'ev'. This may cause problems when calling this function with named arguments.
2026-09-07T21:44:23.0392165Z w: file:///home/runner/work/USKOCI-CLEAN/USKOCI-CLEAN/node_modules/react-native-screens/android/src/main/java/com/swmansion/rnscreens/bottomsheet/BottomSheetDialogRootView.kt:79:46 The corresponding parameter in the supertype 'RootView' is named 'ev'. This may cause problems when calling this function with named arguments.
2026-09-07T21:44:23.0397404Z w: file:///home/runner/work/USKOCI-CLEAN/USKOCI-CLEAN/node_modules/react-native-screens/android/src/main/java/com/swmansion/rnscreens/bottomsheet/BottomSheetDialogRootView.kt:83:9 The corresponding parameter in the supertype 'RootView' is named 'childView'. This may cause problems when calling this function with named arguments.
2026-09-07T21:44:23.0402442Z w: file:///home/runner/work/USKOCI-CLEAN/USKOCI-CLEAN/node_modules/react-native-screens/android/src/main/java/com/swmansion/rnscreens/bottomsheet/BottomSheetDialogRootView.kt:84:9 The corresponding parameter in the supertype 'RootView' is named 'ev'. This may cause problems when calling this function with named arguments.
2026-09-07T21:44:23.0406965Z w: file:///home/runner/work/USKOCI-CLEAN/USKOCI-CLEAN/node_modules/react-native-screens/android/src/main/java/com/swmansion/rnscreens/bottomsheet/BottomSheetDialogRootView.kt:95:34 The corresponding parameter in the supertype 'RootView' is named 't'. This may cause problems when calling this function with named arguments.
2026-09-07T21:44:23.0499210Z w: file:///home/runner/work/USKOCI-CLEAN/USKOCI-CLEAN/node_modules/react-native-screens/android/src/main/java/com/swmansion/rnscreens/bottomsheet/DimmingView.kt:64:9 The corresponding parameter in the supertype 'ReactCompoundView' is named 'touchX'. This may cause problems when calling this function with named arguments.
2026-09-07T21:44:23.0504474Z w: file:///home/runner/work/USKOCI-CLEAN/USKOCI-CLEAN/node_modules/react-native-screens/android/src/main/java/com/swmansion/rnscreens/bottomsheet/DimmingView.kt:65:9 The corresponding parameter in the supertype 'ReactCompoundView' is named 'touchY'. This may cause problems when calling this function with named arguments.
2026-09-07T21:44:23.0509762Z w: file:///home/runner/work/USKOCI-CLEAN/USKOCI-CLEAN/node_modules/react-native-screens/android/src/main/java/com/swmansion/rnscreens/bottomsheet/DimmingView.kt:69:9 The corresponding parameter in the supertype 'ReactCompoundViewGroup' is named 'touchX'. This may cause problems when calling this function with named arguments.
2026-09-07T21:44:23.0564153Z w: file:///home/runner/work/USKOCI-CLEAN/USKOCI-CLEAN/node_modules/react-native-screens/android/src/main/java/com/swmansion/rnscreens/bottomsheet/DimmingView.kt:70:9 The corresponding parameter in the supertype 'ReactCompoundViewGroup' is named 'touchY'. This may cause problems when calling this function with named arguments.
2026-09-07T21:44:23.0569276Z w: file:///home/runner/work/USKOCI-CLEAN/USKOCI-CLEAN/node_modules/react-native-screens/android/src/main/java/com/swmansion/rnscreens/gamma/common/event/BaseEventEmitter.kt:12:38 'fun getEventDispatcherForReactTag(context: ReactContext, reactTag: Int): EventDispatcher?' is deprecated. reactTag is no longer needed.
2026-09-07T21:44:23.0603472Z w: file:///home/runner/work/USKOCI-CLEAN/USKOCI-CLEAN/node_modules/react-native-screens/android/src/main/java/com/swmansion/rnscreens/gamma/modals/dimmingview/DimmingView.kt:64:9 The corresponding parameter in the supertype 'ReactCompoundView' is named 'touchX'. This may cause problems when calling this function with named arguments.
2026-09-07T21:44:23.0608749Z w: file:///home/runner/work/USKOCI-CLEAN/USKOCI-CLEAN/node_modules/react-native-screens/android/src/main/java/com/swmansion/rnscreens/gamma/modals/dimmingview/DimmingView.kt:65:9 The corresponding parameter in the supertype 'ReactCompoundView' is named 'touchY'. This may cause problems when calling this function with named arguments.
2026-09-07T21:44:23.0672602Z w: file:///home/runner/work/USKOCI-CLEAN/USKOCI-CLEAN/node_modules/react-native-screens/android/src/main/java/com/swmansion/rnscreens/gamma/modals/dimmingview/DimmingView.kt:69:9 The corresponding parameter in the supertype 'ReactCompoundViewGroup' is named 'touchX'. This may cause problems when calling this function with named arguments.
2026-09-07T21:44:23.0678024Z w: file:///home/runner/work/USKOCI-CLEAN/USKOCI-CLEAN/node_modules/react-native-screens/android/src/main/java/com/swmansion/rnscreens/gamma/modals/dimmingview/DimmingView.kt:70:9 The corresponding parameter in the supertype 'ReactCompoundViewGroup' is named 'touchY'. This may cause problems when calling this function with named arguments.
2026-09-07T21:44:23.0724734Z w: file:///home/runner/work/USKOCI-CLEAN/USKOCI-CLEAN/node_modules/react-native-screens/android/src/main/java/com/swmansion/rnscreens/gamma/modals/formsheet/FormSheetContentView.kt:11:8 'object ReactFeatureFlags : Any' is deprecated. Use com.facebook.react.internal.featureflags.ReactNativeFeatureFlags instead.
2026-09-07T21:44:23.0729737Z w: file:///home/runner/work/USKOCI-CLEAN/USKOCI-CLEAN/node_modules/react-native-screens/android/src/main/java/com/swmansion/rnscreens/gamma/modals/formsheet/FormSheetContentView.kt:39:33 'fun getEventDispatcher(context: ReactContext, uiManagerType: Int): EventDispatcher?' is deprecated. UIManagerType is no longer needed.
2026-09-07T21:44:23.0775018Z w: file:///home/runner/work/USKOCI-CLEAN/USKOCI-CLEAN/node_modules/react-native-screens/android/src/main/java/com/swmansion/rnscreens/gamma/modals/formsheet/FormSheetContentView.kt:44:13 'object ReactFeatureFlags : Any' is deprecated. Use com.facebook.react.internal.featureflags.ReactNativeFeatureFlags instead.
2026-09-07T21:44:23.0780388Z w: file:///home/runner/work/USKOCI-CLEAN/USKOCI-CLEAN/node_modules/react-native-screens/android/src/main/java/com/swmansion/rnscreens/gamma/modals/formsheet/FormSheetHostViewManager.kt:38:9 The corresponding parameter in the supertype 'FormSheetHostViewManager' is named 'view'. This may cause problems when calling this function with named arguments.
2026-09-07T21:44:23.0825429Z w: file:///home/runner/work/USKOCI-CLEAN/USKOCI-CLEAN/node_modules/react-native-screens/android/src/main/java/com/swmansion/rnscreens/gamma/tabs/host/TabsHostViewManager.kt:44:9 The corresponding parameter in the supertype 'TabsHostViewManager' is named 'view'. This may cause problems when calling this function with named arguments.
2026-09-07T21:44:23.0830377Z w: file:///home/runner/work/USKOCI-CLEAN/USKOCI-CLEAN/node_modules/react-native-screens/android/src/main/java/com/swmansion/rnscreens/safearea/SafeAreaView.kt:143:45 'fun consumeDisplayCutout(): @NonNull() WindowInsetsCompat' is deprecated. Deprecated in Java.
2026-09-07T21:44:23.1856499Z
2026-09-07T21:44:23.1872449Z > Task :react-native-screens:javaPreCompileRelease
2026-09-07T21:44:26.6842681Z > Task :react-native-screens:compileReleaseJavaWithJavac
2026-09-07T21:44:27.2852840Z > Task :react-native-screens:bundleLibRuntimeToDirRelease
2026-09-07T21:44:36.6865389Z > Task :expo:checkKotlinGradlePluginConfigurationErrors SKIPPED
2026-09-07T21:44:36.6952816Z > Task :expo:generateReleaseBuildConfig
2026-09-07T21:44:36.7052236Z > Task :expo:generateReleaseResValues
2026-09-07T21:44:36.7112114Z > Task :expo:generateReleaseResources
2026-09-07T21:44:36.7842557Z > Task :expo:packageReleaseResources
2026-09-07T21:44:36.7872433Z > Task :expo:parseReleaseLocalResources
2026-09-07T21:44:36.7992441Z > Task :expo:generateReleaseRFile
2026-09-07T21:44:36.8212609Z > Task :expo-constants:checkKotlinGradlePluginConfigurationErrors SKIPPED
2026-09-07T21:44:36.8227647Z > Task :expo-constants:generateReleaseBuildConfig
2026-09-07T21:44:36.8228728Z > Task :expo-constants:generateReleaseResValues
2026-09-07T21:44:36.8229544Z > Task :expo-constants:generateReleaseResources
2026-09-07T21:44:36.8852550Z > Task :expo-constants:packageReleaseResources
2026-09-07T21:44:36.8932340Z > Task :expo-constants:parseReleaseLocalResources
2026-09-07T21:44:36.9016361Z > Task :expo-constants:generateReleaseRFile
2026-09-07T21:44:36.9122566Z > Task :expo-modules-core:checkKotlinGradlePluginConfigurationErrors SKIPPED
2026-09-07T21:44:36.9853283Z > Task :expo-modules-core:generateReleaseBuildConfig
2026-09-07T21:44:36.9912447Z > Task :expo-modules-core:generateReleaseResValues
2026-09-07T21:44:36.9972187Z > Task :expo-modules-core:generateReleaseResources
2026-09-07T21:44:37.0092183Z > Task :expo-modules-core:packageReleaseResources
2026-09-07T21:44:37.0152312Z > Task :expo-modules-core:parseReleaseLocalResources
2026-09-07T21:44:37.0843017Z > Task :expo-modules-core:generateReleaseRFile
2026-09-07T21:45:07.0855196Z > Task :expo-modules-core:compileReleaseKotlin
2026-09-07T21:45:37.6854132Z w: file:///home/runner/work/USKOCI-CLEAN/USKOCI-CLEAN/node_modules/expo-modules-core/android/src/main/java/expo/modules/apploader/AppLoaderProvider.kt:34:52 Unchecked cast of 'Class<*>!' to 'Class<out HeadlessAppLoader>'.
2026-09-07T21:45:37.6886282Z w: file:///home/runner/work/USKOCI-CLEAN/USKOCI-CLEAN/node_modules/expo-modules-core/android/src/main/java/expo/modules/kotlin/AppContext.kt:14:8 'class UIManagerModule : ReactContextBaseJavaModule, LifecycleEventListener, UIManager' is deprecated. Deprecated in Java.
2026-09-07T21:45:37.6976275Z w: file:///home/runner/work/USKOCI-CLEAN/USKOCI-CLEAN/node_modules/expo-modules-core/android/src/main/java/expo/modules/kotlin/AppContext.kt:22:8 'typealias ErrorManagerModule = JSLoggerModule' is deprecated. Use JSLoggerModule instead.
2026-09-07T21:45:37.7034460Z w: file:///home/runner/work/USKOCI-CLEAN/USKOCI-CLEAN/node_modules/expo-modules-core/android/src/main/java/expo/modules/kotlin/AppContext.kt:61:13 'val hostingRuntimeContext: MainRuntime' is deprecated. Use AppContext.runtimeContext instead.
2026-09-07T21:45:37.7123862Z w: file:///home/runner/work/USKOCI-CLEAN/USKOCI-CLEAN/node_modules/expo-modules-core/android/src/main/java/expo/modules/kotlin/AppContext.kt:271:21 'typealias ErrorManagerModule = JSLoggerModule' is deprecated. Use JSLoggerModule instead.
2026-09-07T21:45:37.7164085Z w: file:///home/runner/work/USKOCI-CLEAN/USKOCI-CLEAN/node_modules/expo-modules-core/android/src/main/java/expo/modules/kotlin/AppContext.kt:380:21 'val DEFAULT: Int' is deprecated. UIManagerType.DEFAULT will be deleted in the next release of React Native. Use [LEGACY] instead.
2026-09-07T21:45:37.7204125Z w: file:///home/runner/work/USKOCI-CLEAN/USKOCI-CLEAN/node_modules/expo-modules-core/android/src/main/java/expo/modules/kotlin/AppContext.kt:381:10 'class UIManagerModule : ReactContextBaseJavaModule, LifecycleEventListener, UIManager' is deprecated. Deprecated in Java.
2026-09-07T21:45:37.7279292Z w: file:///home/runner/work/USKOCI-CLEAN/USKOCI-CLEAN/node_modules/expo-modules-core/android/src/main/java/expo/modules/kotlin/defaultmodules/NativeModulesProxyModule.kt:16:5 'fun Constants(legacyConstantsProvider: () -> Map<String, Any?>): Unit' is deprecated. Use `Constant` or `Property` instead.
2026-09-07T21:45:37.7344455Z w: file:///home/runner/work/USKOCI-CLEAN/USKOCI-CLEAN/node_modules/expo-modules-core/android/src/main/java/expo/modules/kotlin/events/KModuleEventEmitterWrapper.kt:99:21 'fun getEventDispatcherForReactTag(context: ReactContext, reactTag: Int): EventDispatcher?' is deprecated. reactTag is no longer needed.
2026-09-07T21:45:37.7391043Z w: file:///home/runner/work/USKOCI-CLEAN/USKOCI-CLEAN/node_modules/expo-modules-core/android/src/main/java/expo/modules/kotlin/events/KModuleEventEmitterWrapper.kt:108:21 'fun getEventDispatcherForReactTag(context: ReactContext, reactTag: Int): EventDispatcher?' is deprecated. reactTag is no longer needed.
2026-09-07T21:45:37.7403903Z w: file:///home/runner/work/USKOCI-CLEAN/USKOCI-CLEAN/node_modules/expo-modules-core/android/src/main/java/expo/modules/kotlin/views/ViewDefinitionBuilder.kt:470:16 'val errorManager: JSLoggerModule?' is deprecated. Use AppContext.jsLogger instead.
2026-09-07T21:45:37.7408400Z w: file:///home/runner/work/USKOCI-CLEAN/USKOCI-CLEAN/node_modules/expo-modules-core/android/src/main/java/expo/modules/kotlin/views/ViewDefinitionBuilder.kt:470:30 'fun reportExceptionToLogBox(codedException: CodedException): Unit' is deprecated. Use appContext.jsLogger.error(...) instead.
2026-09-07T21:45:37.7443101Z w: file:///home/runner/work/USKOCI-CLEAN/USKOCI-CLEAN/node_modules/expo-modules-core/android/src/main/java/expo/modules/kotlin/views/ViewManagerDefinition.kt:41:16 'val errorManager: JSLoggerModule?' is deprecated. Use AppContext.jsLogger instead.
2026-09-07T21:45:37.7447782Z w: file:///home/runner/work/USKOCI-CLEAN/USKOCI-CLEAN/node_modules/expo-modules-core/android/src/main/java/expo/modules/kotlin/views/ViewManagerDefinition.kt:41:30 'fun reportExceptionToLogBox(codedException: CodedException): Unit' is deprecated. Use appContext.jsLogger.error(...) instead.
2026-09-07T21:45:38.2861980Z
2026-09-07T21:45:38.2892458Z > Task :expo-modules-core:javaPreCompileRelease
2026-09-07T21:45:40.2838911Z
2026-09-07T21:45:40.2843815Z Note: Some input files use or override a deprecated API.
2026-09-07T21:45:40.2844876Z > Task :expo-modules-core:compileReleaseJavaWithJavac
2026-09-07T21:45:40.2845799Z Note: Recompile with -Xlint:deprecation for details.
2026-09-07T21:45:42.2837785Z
2026-09-07T21:45:42.2839087Z > Task :expo-modules-core:bundleLibCompileToJarRelease
2026-09-07T21:45:43.3872096Z
2026-09-07T21:45:43.3902251Z > Task :expo-constants:compileReleaseKotlin
2026-09-07T21:45:43.3934202Z w: file:///home/runner/work/USKOCI-CLEAN/USKOCI-CLEAN/node_modules/expo-constants/android/src/main/java/expo/modules/constants/ConstantsModule.kt:13:5 'fun Constants(legacyConstantsProvider: () -> Map<String, Any?>): Unit' is deprecated. Use `Constant` or `Property` instead.
2026-09-07T21:45:43.3961668Z
2026-09-07T21:45:43.3967693Z > Task :expo-constants:javaPreCompileRelease
2026-09-07T21:45:43.6873803Z > Task :expo-constants:compileReleaseJavaWithJavac
2026-09-07T21:45:43.6895700Z > Task :expo-constants:bundleLibCompileToJarRelease
2026-09-07T21:45:43.6902204Z > Task :expo-log-box:checkKotlinGradlePluginConfigurationErrors SKIPPED
2026-09-07T21:45:43.6952269Z > Task :expo-log-box:generateReleaseBuildConfig
2026-09-07T21:45:43.7837902Z > Task :expo-log-box:generateReleaseResValues
2026-09-07T21:45:43.7861978Z > Task :expo-log-box:generateReleaseResources
2026-09-07T21:45:43.7862757Z > Task :expo-log-box:packageReleaseResources
2026-09-07T21:45:43.7892229Z > Task :expo-log-box:parseReleaseLocalResources
2026-09-07T21:45:43.7922064Z > Task :expo-log-box:generateReleaseRFile
2026-09-07T21:45:45.0852687Z > Task :expo-log-box:compileReleaseKotlin
2026-09-07T21:45:45.0853667Z > Task :expo-log-box:javaPreCompileRelease
2026-09-07T21:45:45.4872899Z > Task :expo-log-box:compileReleaseJavaWithJavac
2026-09-07T21:45:45.5862957Z > Task :expo-log-box:bundleLibCompileToJarRelease
2026-09-07T21:45:51.2837746Z > Task :app:mergeReleaseNativeLibs
2026-09-07T21:45:52.6838066Z
2026-09-07T21:45:52.6867170Z > Task :expo:compileReleaseKotlin
2026-09-07T21:45:52.6884075Z w: file:///home/runner/work/USKOCI-CLEAN/USKOCI-CLEAN/node_modules/expo/android/src/main/java/expo/modules/ExpoModulesPackage.kt:34:16 This declaration overrides a deprecated member but is not marked as deprecated itself. Add the '@Deprecated' annotation or suppress the diagnostic.
2026-09-07T21:45:52.6913693Z w: file:///home/runner/work/USKOCI-CLEAN/USKOCI-CLEAN/node_modules/expo/android/src/main/java/expo/modules/ReactActivityDelegateWrapper.kt:22:8 'class ReactInstanceManager : Any' is deprecated. Deprecated in Java.
2026-09-07T21:45:52.6944016Z w: file:///home/runner/work/USKOCI-CLEAN/USKOCI-CLEAN/node_modules/expo/android/src/main/java/expo/modules/ReactActivityDelegateWrapper.kt:102:16 This declaration overrides a deprecated member but is not marked as deprecated itself. Add the '@Deprecated' annotation or suppress the diagnostic.
2026-09-07T21:45:52.6947860Z w: file:///home/runner/work/USKOCI-CLEAN/USKOCI-CLEAN/node_modules/expo/android/src/main/java/expo/modules/ReactActivityDelegateWrapper.kt:102:43 'class ReactInstanceManager : Any' is deprecated. Deprecated in Java.
2026-09-07T21:45:52.6973641Z w: file:///home/runner/work/USKOCI-CLEAN/USKOCI-CLEAN/node_modules/expo/android/src/main/java/expo/modules/ReactActivityDelegateWrapper.kt:103:21 'val reactInstanceManager: ReactInstanceManager' is deprecated. Deprecated in Java.
2026-09-07T21:45:52.6993583Z w: file:///home/runner/work/USKOCI-CLEAN/USKOCI-CLEAN/node_modules/expo/android/src/main/java/expo/modules/fetch/ExpoFetchModule.kt:33:39 'constructor(reactContext: ReactContext): ForwardingCookieHandler' is deprecated. Use the default constructor.
2026-09-07T21:45:52.6997925Z w: file:///home/runner/work/USKOCI-CLEAN/USKOCI-CLEAN/node_modules/expo/android/src/main/java/expo/modules/fetch/NativeResponse.kt:44:16 This declaration overrides a deprecated member but is not marked as deprecated itself. Add the '@Deprecated' annotation or suppress the diagnostic.
2026-09-07T21:45:52.7033281Z w: file:///home/runner/work/USKOCI-CLEAN/USKOCI-CLEAN/node_modules/expo/android/src/main/java/expo/modules/fetch/NativeResponse.kt:46:11 'fun deallocate(): Unit' is deprecated. Use sharedObjectDidRelease() instead.
2026-09-07T21:45:52.7851822Z
2026-09-07T21:45:52.7862343Z > Task :expo:javaPreCompileRelease
2026-09-07T21:45:52.8852782Z > Task :app:stripReleaseDebugSymbols
2026-09-07T21:45:53.7862506Z > Task :expo:compileReleaseJavaWithJavac
2026-09-07T21:45:53.7863759Z > Task :app:extractReleaseNativeSymbolTables
2026-09-07T21:45:53.7892002Z > Task :expo:bundleLibRuntimeToDirRelease
2026-09-07T21:45:55.0853778Z > Task :expo-modules-core:bundleLibRuntimeToDirRelease
2026-09-07T21:45:55.4838393Z > Task :app:mergeReleaseNativeDebugMetadata
2026-09-07T21:45:55.4846956Z > Task :react-native-worklets:bundleLibRuntimeToDirRelease
2026-09-07T21:45:55.4851478Z > Task :react-native-masked-view_masked-view:generateReleaseBuildConfig
2026-09-07T21:45:55.4853475Z > Task :react-native-masked-view_masked-view:generateReleaseResValues
2026-09-07T21:45:55.4854824Z > Task :react-native-masked-view_masked-view:generateReleaseResources
2026-09-07T21:45:55.5862716Z > Task :react-native-masked-view_masked-view:packageReleaseResources
2026-09-07T21:45:55.5892227Z > Task :react-native-masked-view_masked-view:parseReleaseLocalResources
2026-09-07T21:45:55.5922186Z > Task :react-native-masked-view_masked-view:generateReleaseRFile
2026-09-07T21:45:55.5952411Z > Task :react-native-masked-view_masked-view:javaPreCompileRelease
2026-09-07T21:45:55.6843803Z Note: /home/runner/work/USKOCI-CLEAN/USKOCI-CLEAN/node_modules/@react-native-masked-view/masked-view/android/src/main/java/org/reactnative/maskedview/RNCMaskedViewPackage.java uses or overrides a deprecated API.
2026-09-07T21:45:55.6845374Z
2026-09-07T21:45:55.6870591Z Note: Recompile with -Xlint:deprecation for details.
2026-09-07T21:45:55.6871807Z > Task :react-native-masked-view_masked-view:compileReleaseJavaWithJavac
2026-09-07T21:45:55.6895701Z
2026-09-07T21:45:55.6931199Z > Task :react-native-masked-view_masked-view:bundleLibRuntimeToDirRelease
2026-09-07T21:45:55.7852628Z > Task :react-native-svg:bundleLibRuntimeToDirRelease
2026-09-07T21:45:58.0853507Z > Task :expo-log-box:bundleLibRuntimeToDirRelease
2026-09-07T21:45:58.1843404Z > Task :expo-constants:bundleLibRuntimeToDirRelease
2026-09-07T21:46:00.8852704Z > Task :app:checkReleaseDuplicateClasses
2026-09-07T21:46:00.8882372Z > Task :app:buildKotlinToolingMetadata
2026-09-07T21:46:00.8927926Z > Task :app:checkKotlinGradlePluginConfigurationErrors SKIPPED
2026-09-07T21:46:00.9838303Z > Task :app:generateReleaseBuildConfig
2026-09-07T21:46:00.9872302Z > Task :expo:writeReleaseAarMetadata
2026-09-07T21:46:00.9902263Z > Task :expo-constants:writeReleaseAarMetadata
2026-09-07T21:46:00.9903299Z > Task :expo-log-box:writeReleaseAarMetadata
2026-09-07T21:46:00.9932224Z > Task :expo-modules-core:writeReleaseAarMetadata
2026-09-07T21:46:00.9962396Z > Task :react-native-async-storage_async-storage:writeReleaseAarMetadata
2026-09-07T21:46:00.9992217Z > Task :react-native-gesture-handler:writeReleaseAarMetadata
2026-09-07T21:46:00.9993583Z > Task :react-native-masked-view_masked-view:writeReleaseAarMetadata
2026-09-07T21:46:01.0022245Z > Task :react-native-reanimated:writeReleaseAarMetadata
2026-09-07T21:46:01.0049838Z > Task :react-native-safe-area-context:writeReleaseAarMetadata
2026-09-07T21:46:01.0072120Z > Task :react-native-screens:writeReleaseAarMetadata
2026-09-07T21:46:01.0092319Z > Task :react-native-svg:writeReleaseAarMetadata
2026-09-07T21:46:01.0112169Z > Task :react-native-worklets:writeReleaseAarMetadata
2026-09-07T21:46:01.3842786Z > Task :app:checkReleaseAarMetadata
2026-09-07T21:46:03.3837885Z
2026-09-07T21:46:03.3862886Z > Task :app:createBundleReleaseJsAndAssets
2026-09-07T21:46:03.3892334Z Using src/app as the root directory for Expo Router.
2026-09-07T21:46:03.3896913Z React Compiler enabled
2026-09-07T21:46:03.3897635Z Starting Metro Bundler
2026-09-07T21:46:03.3898092Z
2026-09-07T21:46:04.2840223Z
2026-09-07T21:46:04.2862562Z > Task :expo:extractDeepLinksRelease
2026-09-07T21:46:04.3839650Z > Task :expo:processReleaseManifest
2026-09-07T21:46:04.3862548Z > Task :expo-constants:extractDeepLinksRelease
2026-09-07T21:46:04.3889671Z > Task :expo-constants:processReleaseManifest
2026-09-07T21:46:04.3891187Z > Task :expo-log-box:extractDeepLinksRelease
2026-09-07T21:46:04.3922257Z > Task :expo-log-box:processReleaseManifest
2026-09-07T21:46:04.3952188Z > Task :expo-modules-core:extractDeepLinksRelease
2026-09-07T21:46:04.3981682Z
2026-09-07T21:46:04.3982347Z > Task :expo-modules-core:processReleaseManifest
2026-09-07T21:46:04.4012856Z /home/runner/work/USKOCI-CLEAN/USKOCI-CLEAN/node_modules/expo-modules-core/android/src/main/AndroidManifest.xml:8:9-11:45 Warning:
2026-09-07T21:46:04.4042810Z 	meta-data#com.facebook.soloader.enabled@android:value was tagged at AndroidManifest.xml:8 to replace other declarations but no other declaration present
2026-09-07T21:46:04.4071670Z
2026-09-07T21:46:04.4072555Z > Task :react-native-async-storage_async-storage:extractDeepLinksRelease
2026-09-07T21:46:04.4102315Z > Task :react-native-async-storage_async-storage:processReleaseManifest
2026-09-07T21:46:04.4132130Z > Task :react-native-gesture-handler:extractDeepLinksRelease
2026-09-07T21:46:04.4162448Z > Task :react-native-gesture-handler:processReleaseManifest
2026-09-07T21:46:04.4838510Z > Task :react-native-masked-view_masked-view:extractDeepLinksRelease
2026-09-07T21:46:04.4839733Z > Task :react-native-masked-view_masked-view:processReleaseManifest
2026-09-07T21:46:04.4840540Z > Task :react-native-reanimated:extractDeepLinksRelease
2026-09-07T21:46:04.4841145Z > Task :react-native-reanimated:processReleaseManifest
2026-09-07T21:46:04.4842082Z > Task :react-native-safe-area-context:extractDeepLinksRelease
2026-09-07T21:46:04.4842448Z
2026-09-07T21:46:04.4842759Z > Task :react-native-safe-area-context:processReleaseManifest
2026-09-07T21:46:04.4844248Z package="com.th3rdwave.safeareacontext" found in source AndroidManifest.xml: /home/runner/work/USKOCI-CLEAN/USKOCI-CLEAN/node_modules/react-native-safe-area-context/android/src/main/AndroidManifest.xml.
2026-09-07T21:46:04.4845925Z Setting the namespace via the package attribute in the source AndroidManifest.xml is no longer supported, and the value is ignored.
2026-09-07T21:46:04.4847573Z Recommendation: remove package="com.th3rdwave.safeareacontext" from the source AndroidManifest.xml: /home/runner/work/USKOCI-CLEAN/USKOCI-CLEAN/node_modules/react-native-safe-area-context/android/src/main/AndroidManifest.xml.
2026-09-07T21:46:04.4848526Z
2026-09-07T21:46:04.4848758Z > Task :react-native-screens:extractDeepLinksRelease
2026-09-07T21:46:04.4849229Z > Task :react-native-screens:processReleaseManifest
2026-09-07T21:46:04.4849689Z > Task :react-native-svg:extractDeepLinksRelease
2026-09-07T21:46:04.4850123Z > Task :react-native-svg:processReleaseManifest
2026-09-07T21:46:04.4850564Z > Task :react-native-worklets:extractDeepLinksRelease
2026-09-07T21:46:04.4851021Z > Task :react-native-worklets:processReleaseManifest
2026-09-07T21:46:05.1846518Z > Task :expo:compileReleaseLibraryResources
2026-09-07T21:46:05.2910064Z > Task :expo-constants:compileReleaseLibraryResources
2026-09-07T21:46:05.2972424Z > Task :expo-log-box:compileReleaseLibraryResources
2026-09-07T21:46:05.3000204Z > Task :expo-modules-core:compileReleaseLibraryResources
2026-09-07T21:46:05.3062357Z > Task :react-native-async-storage_async-storage:compileReleaseLibraryResources
2026-09-07T21:46:05.3086407Z > Task :react-native-gesture-handler:compileReleaseLibraryResources
2026-09-07T21:46:05.3132430Z > Task :react-native-masked-view_masked-view:compileReleaseLibraryResources
2026-09-07T21:46:05.3182223Z > Task :react-native-reanimated:compileReleaseLibraryResources
2026-09-07T21:46:05.3242684Z > Task :react-native-safe-area-context:compileReleaseLibraryResources
2026-09-07T21:46:05.6837970Z > Task :react-native-screens:compileReleaseLibraryResources
2026-09-07T21:46:05.6895029Z > Task :react-native-svg:compileReleaseLibraryResources
2026-09-07T21:46:05.6941227Z > Task :react-native-worklets:compileReleaseLibraryResources
2026-09-07T21:46:05.7860405Z > Task :expo:bundleLibCompileToJarRelease
2026-09-07T21:46:05.7900168Z > Task :react-native-async-storage_async-storage:bundleLibCompileToJarRelease
2026-09-07T21:46:05.7948785Z > Task :react-native-gesture-handler:bundleLibCompileToJarRelease
2026-09-07T21:46:05.7992453Z > Task :react-native-masked-view_masked-view:bundleLibCompileToJarRelease
2026-09-07T21:46:05.8862968Z > Task :react-native-safe-area-context:bundleLibCompileToJarRelease
2026-09-07T21:46:05.8864170Z > Task :react-native-screens:bundleLibCompileToJarRelease
2026-09-07T21:46:05.8932216Z > Task :expo:prepareReleaseArtProfile
2026-09-07T21:46:05.9856195Z > Task :expo-constants:prepareReleaseArtProfile
2026-09-07T21:46:05.9902612Z > Task :expo-log-box:prepareReleaseArtProfile
2026-09-07T21:46:05.9956745Z > Task :expo-modules-core:prepareReleaseArtProfile
2026-09-07T21:46:06.0012485Z > Task :react-native-async-storage_async-storage:prepareReleaseArtProfile
2026-09-07T21:46:06.0057497Z > Task :react-native-gesture-handler:prepareReleaseArtProfile
2026-09-07T21:46:06.0112403Z > Task :react-native-masked-view_masked-view:prepareReleaseArtProfile
2026-09-07T21:46:06.0162603Z > Task :react-native-reanimated:prepareReleaseArtProfile
2026-09-07T21:46:06.0206391Z > Task :react-native-safe-area-context:prepareReleaseArtProfile
2026-09-07T21:46:06.0262235Z > Task :react-native-screens:prepareReleaseArtProfile
2026-09-07T21:46:06.0322187Z > Task :react-native-svg:prepareReleaseArtProfile
2026-09-07T21:46:06.0323150Z > Task :react-native-worklets:prepareReleaseArtProfile
2026-09-07T21:46:06.0392403Z > Task :react-native-async-storage_async-storage:bundleLibRuntimeToJarRelease
2026-09-07T21:46:06.2847903Z > Task :react-native-gesture-handler:bundleLibRuntimeToJarRelease
2026-09-07T21:46:07.1838864Z > Task :react-native-reanimated:bundleLibRuntimeToJarRelease
2026-09-07T21:46:07.6864546Z > Task :react-native-safe-area-context:bundleLibRuntimeToJarRelease
2026-09-07T21:46:07.8852826Z > Task :react-native-screens:bundleLibRuntimeToJarRelease
2026-09-07T21:46:11.0877146Z > Task :expo:bundleLibRuntimeToJarRelease
2026-09-07T21:46:12.1856795Z > Task :expo-modules-core:bundleLibRuntimeToJarRelease
2026-09-07T21:46:19.6866536Z > Task :react-native-worklets:bundleLibRuntimeToJarRelease
2026-09-07T21:46:19.7853208Z > Task :react-native-masked-view_masked-view:bundleLibRuntimeToJarRelease
2026-09-07T21:46:19.7912458Z > Task :react-native-svg:bundleLibRuntimeToJarRelease
2026-09-07T21:46:21.5872907Z > Task :expo-log-box:bundleLibRuntimeToJarRelease
2026-09-07T21:46:21.7840504Z > Task :expo-constants:bundleLibRuntimeToJarRelease
2026-09-07T21:46:21.8877483Z > Task :expo:mergeReleaseShaders
2026-09-07T21:46:21.8932530Z > Task :expo:compileReleaseShaders NO-SOURCE
2026-09-07T21:46:21.8972512Z > Task :expo:generateReleaseAssets UP-TO-DATE
2026-09-07T21:46:21.9019533Z > Task :expo:mergeReleaseAssets
2026-09-07T21:46:21.9109032Z > Task :expo-constants:mergeReleaseShaders
2026-09-07T21:46:21.9162472Z > Task :expo-constants:compileReleaseShaders NO-SOURCE
2026-09-07T21:46:21.9209890Z > Task :expo-constants:generateReleaseAssets UP-TO-DATE
2026-09-07T21:46:21.9312173Z > Task :expo-constants:mergeReleaseAssets
2026-09-07T21:46:21.9352416Z > Task :expo-log-box:mergeReleaseShaders
2026-09-07T21:46:21.9402141Z > Task :expo-log-box:compileReleaseShaders NO-SOURCE
2026-09-07T21:46:21.9432166Z > Task :expo-log-box:generateReleaseAssets UP-TO-DATE
2026-09-07T21:46:21.9450333Z > Task :expo-log-box:mergeReleaseAssets
2026-09-07T21:46:21.9509641Z > Task :expo-modules-core:mergeReleaseShaders
2026-09-07T21:46:21.9542205Z > Task :expo-modules-core:compileReleaseShaders NO-SOURCE
2026-09-07T21:46:21.9592784Z > Task :expo-modules-core:generateReleaseAssets UP-TO-DATE
2026-09-07T21:46:21.9593680Z > Task :expo-modules-core:mergeReleaseAssets
2026-09-07T21:46:21.9594622Z > Task :react-native-async-storage_async-storage:mergeReleaseShaders
2026-09-07T21:46:21.9595798Z > Task :react-native-async-storage_async-storage:compileReleaseShaders NO-SOURCE
2026-09-07T21:46:21.9597019Z > Task :react-native-async-storage_async-storage:generateReleaseAssets UP-TO-DATE
2026-09-07T21:46:21.9598151Z > Task :react-native-async-storage_async-storage:mergeReleaseAssets
2026-09-07T21:46:21.9599098Z > Task :react-native-gesture-handler:mergeReleaseShaders
2026-09-07T21:46:21.9600086Z > Task :react-native-gesture-handler:compileReleaseShaders NO-SOURCE
2026-09-07T21:46:21.9601150Z > Task :react-native-gesture-handler:generateReleaseAssets UP-TO-DATE
2026-09-07T21:46:21.9612494Z > Task :react-native-gesture-handler:mergeReleaseAssets
2026-09-07T21:46:21.9613411Z > Task :react-native-masked-view_masked-view:mergeReleaseShaders
2026-09-07T21:46:21.9614491Z > Task :react-native-masked-view_masked-view:compileReleaseShaders NO-SOURCE
2026-09-07T21:46:21.9615667Z > Task :react-native-masked-view_masked-view:generateReleaseAssets UP-TO-DATE
2026-09-07T21:46:21.9616727Z > Task :react-native-masked-view_masked-view:mergeReleaseAssets
2026-09-07T21:46:21.9617587Z > Task :react-native-reanimated:mergeReleaseShaders
2026-09-07T21:46:21.9618445Z > Task :react-native-reanimated:compileReleaseShaders NO-SOURCE
2026-09-07T21:46:21.9619386Z > Task :react-native-reanimated:generateReleaseAssets UP-TO-DATE
2026-09-07T21:46:21.9620244Z > Task :react-native-reanimated:mergeReleaseAssets
2026-09-07T21:46:21.9641820Z > Task :react-native-safe-area-context:mergeReleaseShaders
2026-09-07T21:46:21.9642941Z > Task :react-native-safe-area-context:compileReleaseShaders NO-SOURCE
2026-09-07T21:46:21.9644082Z > Task :react-native-safe-area-context:generateReleaseAssets UP-TO-DATE
2026-09-07T21:46:21.9645142Z > Task :react-native-safe-area-context:mergeReleaseAssets
2026-09-07T21:46:21.9645965Z > Task :react-native-screens:mergeReleaseShaders
2026-09-07T21:46:21.9646827Z > Task :react-native-screens:compileReleaseShaders NO-SOURCE
2026-09-07T21:46:21.9842604Z > Task :react-native-screens:generateReleaseAssets UP-TO-DATE
2026-09-07T21:46:21.9852174Z > Task :react-native-screens:mergeReleaseAssets
2026-09-07T21:46:21.9862583Z > Task :react-native-svg:mergeReleaseShaders
2026-09-07T21:46:21.9863741Z > Task :react-native-svg:compileReleaseShaders NO-SOURCE
2026-09-07T21:46:21.9864802Z > Task :react-native-svg:generateReleaseAssets UP-TO-DATE
2026-09-07T21:46:21.9865816Z > Task :react-native-svg:mergeReleaseAssets
2026-09-07T21:46:21.9866713Z > Task :react-native-worklets:mergeReleaseShaders
2026-09-07T21:46:21.9867653Z > Task :react-native-worklets:compileReleaseShaders NO-SOURCE
2026-09-07T21:46:21.9868668Z > Task :react-native-worklets:generateReleaseAssets UP-TO-DATE
2026-09-07T21:46:21.9869596Z > Task :react-native-worklets:mergeReleaseAssets
2026-09-07T21:46:21.9870397Z > Task :expo:processReleaseJavaRes
2026-09-07T21:46:21.9871104Z > Task :expo:createFullJarRelease
2026-09-07T21:46:22.0872691Z > Task :expo:extractProguardFiles
2026-09-07T21:46:22.0902116Z > Task :expo-constants:processReleaseJavaRes
2026-09-07T21:46:22.0903112Z > Task :expo-constants:createFullJarRelease
2026-09-07T21:46:22.0932086Z > Task :expo-constants:extractProguardFiles
2026-09-07T21:46:22.1862523Z > Task :expo-modules-core:processReleaseJavaRes
2026-09-07T21:46:22.1922218Z > Task :expo-modules-core:createFullJarRelease
2026-09-07T21:46:22.1963653Z > Task :expo-modules-core:extractProguardFiles
2026-09-07T21:46:22.2062485Z > Task :react-native-worklets:processReleaseJavaRes
2026-09-07T21:46:22.2122191Z > Task :react-native-worklets:createFullJarRelease
2026-09-07T21:46:22.2152175Z > Task :react-native-worklets:extractProguardFiles
2026-09-07T21:46:30.0862749Z > Task :react-native-worklets:generateReleaseLintModel
2026-09-07T21:46:30.0891460Z > Task :react-native-worklets:prepareLintJarForPublish
2026-09-07T21:46:31.8841145Z > Task :expo-modules-core:generateReleaseLintModel
2026-09-07T21:46:31.8862441Z > Task :expo-modules-core:prepareLintJarForPublish
2026-09-07T21:46:31.9838693Z > Task :expo-constants:generateReleaseLintModel
2026-09-07T21:46:31.9848935Z > Task :expo-constants:prepareLintJarForPublish
2026-09-07T21:46:31.9849967Z > Task :expo-log-box:processReleaseJavaRes
2026-09-07T21:46:31.9850798Z > Task :expo-log-box:createFullJarRelease
2026-09-07T21:46:31.9866408Z > Task :expo-log-box:extractProguardFiles
2026-09-07T21:46:32.5838422Z > Task :expo-log-box:generateReleaseLintModel
2026-09-07T21:46:32.5853988Z > Task :expo-log-box:prepareLintJarForPublish
2026-09-07T21:46:34.1838283Z > Task :expo:generateReleaseLintModel
2026-09-07T21:46:34.1892325Z > Task :expo:prepareLintJarForPublish
2026-09-07T21:46:34.1920552Z > Task :react-native-async-storage_async-storage:processReleaseJavaRes
2026-09-07T21:46:34.1943254Z > Task :react-native-async-storage_async-storage:createFullJarRelease
2026-09-07T21:46:34.1952388Z > Task :react-native-async-storage_async-storage:extractProguardFiles
2026-09-07T21:46:34.4852971Z > Task :react-native-async-storage_async-storage:generateReleaseLintModel
2026-09-07T21:46:34.4878146Z > Task :react-native-async-storage_async-storage:prepareLintJarForPublish
2026-09-07T21:46:34.4879413Z > Task :react-native-gesture-handler:processReleaseJavaRes
2026-09-07T21:46:34.4880519Z > Task :react-native-gesture-handler:createFullJarRelease
2026-09-07T21:46:34.4896812Z > Task :react-native-gesture-handler:extractProguardFiles
2026-09-07T21:46:34.4922273Z > Task :react-native-reanimated:processReleaseJavaRes
2026-09-07T21:46:34.4949837Z > Task :react-native-reanimated:createFullJarRelease
2026-09-07T21:46:34.4950876Z > Task :react-native-reanimated:extractProguardFiles
2026-09-07T21:46:34.5838466Z > Task :react-native-reanimated:generateReleaseLintModel
2026-09-07T21:46:34.5844988Z > Task :react-native-reanimated:prepareLintJarForPublish
2026-09-07T21:46:34.5882172Z > Task :react-native-svg:processReleaseJavaRes NO-SOURCE
2026-09-07T21:46:34.5923192Z > Task :react-native-svg:createFullJarRelease
2026-09-07T21:46:34.5924386Z > Task :react-native-svg:extractProguardFiles
2026-09-07T21:46:34.5952166Z > Task :react-native-svg:generateReleaseLintModel
2026-09-07T21:46:34.5974170Z > Task :react-native-svg:prepareLintJarForPublish
2026-09-07T21:46:34.6839692Z > Task :react-native-gesture-handler:generateReleaseLintModel
2026-09-07T21:46:34.6866648Z > Task :react-native-gesture-handler:prepareLintJarForPublish
2026-09-07T21:46:34.6920346Z > Task :react-native-masked-view_masked-view:processReleaseJavaRes NO-SOURCE
2026-09-07T21:46:34.6983230Z > Task :react-native-masked-view_masked-view:createFullJarRelease
2026-09-07T21:46:34.7032161Z > Task :react-native-masked-view_masked-view:extractProguardFiles
2026-09-07T21:46:34.7033538Z > Task :react-native-masked-view_masked-view:generateReleaseLintModel
2026-09-07T21:46:34.7081242Z > Task :react-native-masked-view_masked-view:prepareLintJarForPublish
2026-09-07T21:46:34.7092365Z > Task :react-native-safe-area-context:processReleaseJavaRes
2026-09-07T21:46:34.7122747Z > Task :react-native-safe-area-context:createFullJarRelease
2026-09-07T21:46:34.7140751Z > Task :react-native-safe-area-context:extractProguardFiles
2026-09-07T21:46:34.7842994Z > Task :react-native-safe-area-context:generateReleaseLintModel
2026-09-07T21:46:34.7859809Z > Task :react-native-safe-area-context:prepareLintJarForPublish
2026-09-07T21:46:34.7872147Z > Task :react-native-screens:processReleaseJavaRes
2026-09-07T21:46:34.8839332Z > Task :react-native-screens:createFullJarRelease
2026-09-07T21:46:34.8862464Z > Task :react-native-screens:extractProguardFiles
2026-09-07T21:46:34.8900727Z > Task :react-native-screens:generateReleaseLintModel
2026-09-07T21:46:34.8912319Z > Task :react-native-screens:prepareLintJarForPublish
2026-09-07T21:46:34.9837970Z > Task :expo:generateReleaseLintVitalModel
2026-09-07T21:46:34.9839152Z > Task :expo-constants:generateReleaseLintVitalModel
2026-09-07T21:46:35.0848043Z > Task :expo-log-box:generateReleaseLintVitalModel
2026-09-07T21:46:35.0850072Z > Task :expo-modules-core:generateReleaseLintVitalModel
2026-09-07T21:46:35.1862223Z > Task :react-native-async-storage_async-storage:generateReleaseLintVitalModel
2026-09-07T21:46:35.1902837Z > Task :react-native-gesture-handler:generateReleaseLintVitalModel
2026-09-07T21:46:35.1956545Z > Task :react-native-masked-view_masked-view:generateReleaseLintVitalModel
2026-09-07T21:46:35.2847631Z > Task :react-native-reanimated:generateReleaseLintVitalModel
2026-09-07T21:46:35.2848833Z > Task :react-native-safe-area-context:generateReleaseLintVitalModel
2026-09-07T21:46:35.2883827Z > Task :react-native-screens:generateReleaseLintVitalModel
2026-09-07T21:46:35.2915042Z > Task :react-native-svg:generateReleaseLintVitalModel
2026-09-07T21:46:35.2939912Z > Task :react-native-worklets:generateReleaseLintVitalModel
2026-09-07T21:46:35.2962398Z > Task :expo:stripReleaseDebugSymbols NO-SOURCE
2026-09-07T21:46:35.2975850Z > Task :expo:copyReleaseJniLibsProjectAndLocalJars
2026-09-07T21:46:35.2982346Z > Task :expo:extractDeepLinksForAarRelease
2026-09-07T21:46:41.8846986Z > Task :expo:extractReleaseAnnotations
2026-09-07T21:46:41.8880065Z > Task :expo:mergeReleaseGeneratedProguardFiles
2026-09-07T21:46:41.8912022Z > Task :expo:mergeReleaseConsumerProguardFiles
2026-09-07T21:46:42.0852964Z > Task :expo:mergeReleaseJavaResource
2026-09-07T21:46:42.0867716Z > Task :expo:syncReleaseLibJars
2026-09-07T21:46:42.0869615Z > Task :expo:bundleReleaseAar
2026-09-07T21:46:42.4872641Z > Task :expo:mapReleaseSourceSetPaths
2026-09-07T21:46:45.8837431Z
2026-09-07T21:46:45.8838953Z > Task :app:createBundleReleaseJsAndAssets
2026-09-07T21:46:45.8840209Z Android Bundled 42172ms node_modules/expo-router/entry.js (4910 modules)
2026-09-07T21:46:45.8842275Z Writing bundle output to: /home/runner/work/USKOCI-CLEAN/USKOCI-CLEAN/android/app/build/generated/assets/react/release/index.android.bundle
2026-09-07T21:46:45.9854518Z Writing sourcemap output to: /home/runner/work/USKOCI-CLEAN/USKOCI-CLEAN/android/app/build/intermediates/sourcemaps/react/release/index.android.bundle.packager.map
2026-09-07T21:46:46.1843847Z Copying 31 asset files
2026-09-07T21:46:46.1846879Z Done writing bundle output
2026-09-07T21:46:46.2861663Z Done writing sourcemap output
2026-09-07T21:46:46.2867440Z
2026-09-07T21:46:46.2922115Z > Task :expo:mergeReleaseResources
2026-09-07T21:46:50.3838251Z > Task :expo:verifyReleaseResources
2026-09-07T21:46:50.3842033Z > Task :expo:assembleRelease
2026-09-07T21:46:50.3843284Z > Task :expo-constants:stripReleaseDebugSymbols NO-SOURCE
2026-09-07T21:46:50.3845175Z > Task :expo-constants:copyReleaseJniLibsProjectAndLocalJars
2026-09-07T21:46:50.3846375Z > Task :expo-constants:extractDeepLinksForAarRelease
2026-09-07T21:46:50.3847329Z > Task :expo-constants:extractReleaseAnnotations
2026-09-07T21:46:50.4838093Z > Task :expo-constants:mergeReleaseGeneratedProguardFiles
2026-09-07T21:46:50.4839443Z > Task :expo-constants:mergeReleaseConsumerProguardFiles
2026-09-07T21:46:50.4840414Z > Task :expo-constants:mergeReleaseJavaResource
2026-09-07T21:46:50.4841703Z > Task :expo-constants:syncReleaseLibJars
2026-09-07T21:46:50.4842411Z > Task :expo-constants:bundleReleaseAar
2026-09-07T21:46:50.4843106Z > Task :expo-constants:mapReleaseSourceSetPaths
2026-09-07T21:46:50.4843827Z > Task :expo-constants:mergeReleaseResources
2026-09-07T21:46:50.5852483Z > Task :expo-constants:verifyReleaseResources
2026-09-07T21:46:50.5874752Z > Task :expo-constants:assembleRelease
2026-09-07T21:46:50.5922395Z > Task :expo-log-box:stripReleaseDebugSymbols NO-SOURCE
2026-09-07T21:46:50.5952321Z > Task :expo-log-box:copyReleaseJniLibsProjectAndLocalJars
2026-09-07T21:46:50.5953181Z > Task :expo-log-box:extractDeepLinksForAarRelease
2026-09-07T21:46:50.5982046Z > Task :expo-log-box:extractReleaseAnnotations
2026-09-07T21:46:50.6012176Z > Task :expo-log-box:mergeReleaseGeneratedProguardFiles
2026-09-07T21:46:50.6042119Z > Task :expo-log-box:mergeReleaseConsumerProguardFiles
2026-09-07T21:46:50.6052626Z > Task :expo-log-box:mergeReleaseJavaResource
2026-09-07T21:46:50.6072119Z > Task :expo-log-box:syncReleaseLibJars
2026-09-07T21:46:50.6102105Z > Task :expo-log-box:bundleReleaseAar
2026-09-07T21:46:50.6117852Z > Task :expo-log-box:mapReleaseSourceSetPaths
2026-09-07T21:46:51.7838105Z > Task :expo-log-box:mergeReleaseResources
2026-09-07T21:46:53.8842783Z > Task :expo-log-box:verifyReleaseResources
2026-09-07T21:46:53.8852402Z > Task :expo-log-box:assembleRelease
2026-09-07T21:46:53.9839263Z > Task :expo-modules-core:stripReleaseDebugSymbols
2026-09-07T21:46:53.9840859Z > Task :expo-modules-core:copyReleaseJniLibsProjectAndLocalJars
2026-09-07T21:46:53.9843163Z > Task :expo-modules-core:extractDeepLinksForAarRelease
2026-09-07T21:46:53.9844525Z > Task :expo-modules-core:extractReleaseAnnotations
2026-09-07T21:46:53.9845623Z > Task :expo-modules-core:mergeReleaseGeneratedProguardFiles
2026-09-07T21:46:53.9846770Z > Task :expo-modules-core:mergeReleaseConsumerProguardFiles
2026-09-07T21:46:53.9847859Z > Task :expo-modules-core:mergeReleaseJavaResource
2026-09-07T21:46:54.2837918Z > Task :expo-modules-core:syncReleaseLibJars
2026-09-07T21:46:54.4842744Z > Task :expo-modules-core:bundleReleaseAar
2026-09-07T21:46:54.4858536Z > Task :expo-modules-core:mapReleaseSourceSetPaths
2026-09-07T21:46:55.2853978Z > Task :expo-modules-core:mergeReleaseResources
2026-09-07T21:46:56.1838485Z > Task :expo-modules-core:verifyReleaseResources
2026-09-07T21:46:56.1839249Z > Task :expo-modules-core:assembleRelease
2026-09-07T21:46:56.1840134Z > Task :react-native-async-storage_async-storage:stripReleaseDebugSymbols NO-SOURCE
2026-09-07T21:46:56.1841824Z > Task :react-native-async-storage_async-storage:copyReleaseJniLibsProjectAndLocalJars
2026-09-07T21:46:56.1842920Z > Task :react-native-async-storage_async-storage:extractDeepLinksForAarRelease
2026-09-07T21:46:56.1843893Z > Task :react-native-async-storage_async-storage:extractReleaseAnnotations
2026-09-07T21:46:56.1844943Z > Task :react-native-async-storage_async-storage:mergeReleaseGeneratedProguardFiles
2026-09-07T21:46:56.1846040Z > Task :react-native-async-storage_async-storage:mergeReleaseConsumerProguardFiles
2026-09-07T21:46:56.1847047Z > Task :react-native-async-storage_async-storage:mergeReleaseJavaResource
2026-09-07T21:46:56.2852386Z > Task :react-native-async-storage_async-storage:syncReleaseLibJars
2026-09-07T21:46:56.2882124Z > Task :react-native-async-storage_async-storage:bundleReleaseAar
2026-09-07T21:46:56.2929371Z > Task :react-native-async-storage_async-storage:mapReleaseSourceSetPaths
2026-09-07T21:46:56.6837800Z > Task :react-native-async-storage_async-storage:mergeReleaseResources
2026-09-07T21:46:57.3838398Z > Task :react-native-async-storage_async-storage:verifyReleaseResources
2026-09-07T21:46:57.3840521Z > Task :react-native-async-storage_async-storage:assembleRelease
2026-09-07T21:46:57.3841767Z > Task :react-native-gesture-handler:stripReleaseDebugSymbols
2026-09-07T21:46:57.3842850Z > Task :react-native-gesture-handler:copyReleaseJniLibsProjectAndLocalJars
2026-09-07T21:46:57.3844191Z > Task :react-native-gesture-handler:extractDeepLinksForAarRelease
2026-09-07T21:46:57.3845660Z > Task :react-native-gesture-handler:extractReleaseAnnotations
2026-09-07T21:46:57.3847124Z > Task :react-native-gesture-handler:mergeReleaseGeneratedProguardFiles
2026-09-07T21:46:57.3848193Z > Task :react-native-gesture-handler:mergeReleaseConsumerProguardFiles
2026-09-07T21:46:57.3849192Z > Task :react-native-gesture-handler:mergeReleaseJavaResource
2026-09-07T21:46:57.4838340Z > Task :react-native-gesture-handler:syncReleaseLibJars
2026-09-07T21:46:57.4862139Z > Task :react-native-gesture-handler:bundleReleaseAar
2026-09-07T21:46:57.4892243Z > Task :react-native-gesture-handler:mapReleaseSourceSetPaths
2026-09-07T21:46:57.8850783Z > Task :react-native-gesture-handler:mergeReleaseResources
2026-09-07T21:46:58.5847398Z > Task :react-native-gesture-handler:verifyReleaseResources
2026-09-07T21:46:58.5849379Z > Task :react-native-gesture-handler:assembleRelease
2026-09-07T21:46:58.5883355Z > Task :react-native-masked-view_masked-view:stripReleaseDebugSymbols NO-SOURCE
2026-09-07T21:46:58.5907818Z > Task :react-native-masked-view_masked-view:copyReleaseJniLibsProjectAndLocalJars
2026-09-07T21:46:58.5932448Z > Task :react-native-masked-view_masked-view:extractDeepLinksForAarRelease
2026-09-07T21:46:58.5956908Z > Task :react-native-masked-view_masked-view:extractReleaseAnnotations
2026-09-07T21:46:58.5983115Z > Task :react-native-masked-view_masked-view:mergeReleaseGeneratedProguardFiles
2026-09-07T21:46:58.6002493Z > Task :react-native-masked-view_masked-view:mergeReleaseConsumerProguardFiles
2026-09-07T21:46:58.6003664Z > Task :react-native-masked-view_masked-view:mergeReleaseJavaResource
2026-09-07T21:46:58.6004969Z > Task :react-native-masked-view_masked-view:syncReleaseLibJars
2026-09-07T21:46:58.6005908Z > Task :react-native-masked-view_masked-view:bundleReleaseAar
2026-09-07T21:46:58.6006884Z > Task :react-native-masked-view_masked-view:mapReleaseSourceSetPaths
2026-09-07T21:46:58.9853872Z > Task :react-native-masked-view_masked-view:mergeReleaseResources
2026-09-07T21:46:59.5843966Z > Task :react-native-masked-view_masked-view:verifyReleaseResources
2026-09-07T21:46:59.5863880Z > Task :react-native-masked-view_masked-view:assembleRelease
2026-09-07T21:46:59.5892279Z > Task :react-native-reanimated:stripReleaseDebugSymbols
2026-09-07T21:46:59.5915966Z > Task :react-native-reanimated:copyReleaseJniLibsProjectAndLocalJars
2026-09-07T21:46:59.5917344Z > Task :react-native-reanimated:extractDeepLinksForAarRelease
2026-09-07T21:46:59.5918636Z > Task :react-native-reanimated:extractReleaseAnnotations
2026-09-07T21:46:59.5920333Z > Task :react-native-reanimated:mergeReleaseGeneratedProguardFiles
2026-09-07T21:46:59.5921956Z > Task :react-native-reanimated:mergeReleaseConsumerProguardFiles
2026-09-07T21:46:59.6838442Z > Task :react-native-reanimated:mergeReleaseJavaResource
2026-09-07T21:46:59.6839810Z > Task :react-native-reanimated:syncReleaseLibJars
2026-09-07T21:47:00.9838851Z > Task :react-native-reanimated:bundleReleaseAar
2026-09-07T21:47:00.9840348Z > Task :react-native-reanimated:mapReleaseSourceSetPaths
2026-09-07T21:47:01.3842824Z > Task :react-native-reanimated:mergeReleaseResources
2026-09-07T21:47:01.9839021Z > Task :react-native-reanimated:verifyReleaseResources
2026-09-07T21:47:01.9840320Z > Task :react-native-reanimated:assembleRelease
2026-09-07T21:47:01.9842132Z > Task :react-native-safe-area-context:stripReleaseDebugSymbols NO-SOURCE
2026-09-07T21:47:01.9843622Z > Task :react-native-safe-area-context:copyReleaseJniLibsProjectAndLocalJars
2026-09-07T21:47:01.9845337Z > Task :react-native-safe-area-context:extractDeepLinksForAarRelease
2026-09-07T21:47:01.9846605Z > Task :react-native-safe-area-context:extractReleaseAnnotations
2026-09-07T21:47:01.9847893Z > Task :react-native-safe-area-context:mergeReleaseGeneratedProguardFiles
2026-09-07T21:47:01.9849264Z > Task :react-native-safe-area-context:mergeReleaseConsumerProguardFiles
2026-09-07T21:47:01.9850551Z > Task :react-native-safe-area-context:mergeReleaseJavaResource
2026-09-07T21:47:01.9851908Z > Task :react-native-safe-area-context:syncReleaseLibJars
2026-09-07T21:47:01.9852965Z > Task :react-native-safe-area-context:bundleReleaseAar
2026-09-07T21:47:01.9854058Z > Task :react-native-safe-area-context:mapReleaseSourceSetPaths
2026-09-07T21:47:02.3852857Z > Task :react-native-safe-area-context:mergeReleaseResources
2026-09-07T21:47:03.0838099Z > Task :react-native-safe-area-context:verifyReleaseResources
2026-09-07T21:47:03.0838934Z > Task :react-native-safe-area-context:assembleRelease
2026-09-07T21:47:03.0839676Z > Task :react-native-screens:stripReleaseDebugSymbols
2026-09-07T21:47:03.0840501Z > Task :react-native-screens:copyReleaseJniLibsProjectAndLocalJars
2026-09-07T21:47:03.0841549Z > Task :react-native-screens:extractDeepLinksForAarRelease
2026-09-07T21:47:03.1838449Z > Task :react-native-screens:extractReleaseAnnotations
2026-09-07T21:47:03.1839354Z > Task :react-native-screens:mergeReleaseGeneratedProguardFiles
2026-09-07T21:47:03.1840527Z > Task :react-native-screens:mergeReleaseConsumerProguardFiles
2026-09-07T21:47:03.1841524Z > Task :react-native-screens:mergeReleaseJavaResource
2026-09-07T21:47:03.2838051Z > Task :react-native-screens:syncReleaseLibJars
2026-09-07T21:47:03.2839594Z > Task :react-native-screens:bundleReleaseAar
2026-09-07T21:47:03.2840656Z > Task :react-native-screens:mapReleaseSourceSetPaths
2026-09-07T21:47:04.0838161Z > Task :react-native-screens:mergeReleaseResources
2026-09-07T21:47:05.2838674Z > Task :react-native-screens:verifyReleaseResources
2026-09-07T21:47:05.2839618Z > Task :react-native-screens:assembleRelease
2026-09-07T21:47:05.2841024Z > Task :react-native-svg:stripReleaseDebugSymbols NO-SOURCE
2026-09-07T21:47:05.2842449Z > Task :react-native-svg:copyReleaseJniLibsProjectAndLocalJars
2026-09-07T21:47:05.2843677Z > Task :react-native-svg:extractDeepLinksForAarRelease
2026-09-07T21:47:05.2844730Z > Task :react-native-svg:extractReleaseAnnotations
2026-09-07T21:47:05.2845903Z > Task :react-native-svg:mergeReleaseGeneratedProguardFiles
2026-09-07T21:47:05.2847003Z > Task :react-native-svg:mergeReleaseConsumerProguardFiles
2026-09-07T21:47:05.2848066Z > Task :react-native-svg:mergeReleaseJavaResource
2026-09-07T21:47:05.3852680Z > Task :react-native-svg:syncReleaseLibJars
2026-09-07T21:47:05.3882359Z > Task :react-native-svg:bundleReleaseAar
2026-09-07T21:47:05.3902378Z > Task :react-native-svg:mapReleaseSourceSetPaths
2026-09-07T21:47:05.6872673Z > Task :react-native-svg:mergeReleaseResources
2026-09-07T21:47:06.2838058Z > Task :react-native-svg:verifyReleaseResources
2026-09-07T21:47:06.2839513Z > Task :react-native-svg:assembleRelease
2026-09-07T21:47:06.2840796Z > Task :react-native-worklets:stripReleaseDebugSymbols
2026-09-07T21:47:06.2842296Z > Task :react-native-worklets:copyReleaseJniLibsProjectAndLocalJars
2026-09-07T21:47:06.2843658Z > Task :react-native-worklets:extractDeepLinksForAarRelease
2026-09-07T21:47:06.2844755Z > Task :react-native-worklets:extractReleaseAnnotations
2026-09-07T21:47:06.2845901Z > Task :react-native-worklets:mergeReleaseGeneratedProguardFiles
2026-09-07T21:47:06.2847110Z > Task :react-native-worklets:mergeReleaseConsumerProguardFiles
2026-09-07T21:47:06.2848205Z > Task :react-native-worklets:mergeReleaseJavaResource
2026-09-07T21:47:06.2849178Z > Task :react-native-worklets:syncReleaseLibJars
2026-09-07T21:47:06.7844426Z > Task :react-native-worklets:bundleReleaseAar
2026-09-07T21:47:06.7872880Z > Task :react-native-worklets:mapReleaseSourceSetPaths
2026-09-07T21:47:07.0843928Z > Task :react-native-worklets:mergeReleaseResources
2026-09-07T21:47:07.7838028Z > Task :react-native-worklets:verifyReleaseResources
2026-09-07T21:47:07.7838705Z > Task :react-native-worklets:assembleRelease
2026-09-07T21:47:09.2838169Z > Task :app:generateReleaseResValues
2026-09-07T21:47:09.3838009Z > Task :app:mapReleaseSourceSetPaths
2026-09-07T21:47:09.3838548Z > Task :app:generateReleaseResources
2026-09-07T21:47:09.8862695Z > Task :app:packageReleaseResources
2026-09-07T21:47:10.0839403Z > Task :app:parseReleaseLocalResources
2026-09-07T21:47:10.1838362Z > Task :app:createReleaseCompatibleScreenManifests
2026-09-07T21:47:10.1840242Z > Task :app:extractDeepLinksRelease
2026-09-07T21:47:10.4847649Z > Task :app:mergeReleaseResources
2026-09-07T21:47:10.6837333Z
2026-09-07T21:47:10.6858495Z > Task :app:processReleaseMainManifest
2026-09-07T21:47:10.6868230Z /home/runner/work/USKOCI-CLEAN/USKOCI-CLEAN/android/app/src/main/AndroidManifest.xml Warning:
2026-09-07T21:47:10.6876415Z 	provider#expo.modules.filesystem.FileSystemFileProvider@android:authorities was tagged at AndroidManifest.xml:0 to replace other declarations but no other declaration present
2026-09-07T21:47:10.6877890Z
2026-09-07T21:47:10.6878366Z > Task :app:expoReleaseOverrideMaxSdkConflicts
2026-09-07T21:47:10.6879573Z ---------- Expo Max Sdk Override Plugin ----------
2026-09-07T21:47:10.6880685Z >>> No 'android:maxSdkVersion' conflicts found
2026-09-07T21:47:10.6894209Z --------------------------------------------------
2026-09-07T21:47:10.6895117Z
2026-09-07T21:47:10.6895591Z > Task :app:processReleaseManifest
2026-09-07T21:47:10.7838120Z > Task :app:javaPreCompileRelease
2026-09-07T21:47:10.7839221Z > Task :app:desugarReleaseFileDependencies
2026-09-07T21:47:10.7852549Z > Task :app:mergeReleaseStartupProfile
2026-09-07T21:47:10.7853467Z > Task :app:processReleaseManifestForPackage
2026-09-07T21:47:12.3852539Z > Task :app:processReleaseResources
2026-09-07T21:47:41.0842642Z > Task :app:mergeExtDexRelease
2026-09-07T21:48:09.4838219Z > Task :app:mergeReleaseArtProfile
2026-09-07T21:48:09.4863629Z > Task :app:mergeReleaseShaders
2026-09-07T21:48:09.4918704Z > Task :app:compileReleaseShaders NO-SOURCE
2026-09-07T21:48:09.4944821Z > Task :app:generateReleaseAssets UP-TO-DATE
2026-09-07T21:48:09.7838202Z > Task :app:mergeReleaseAssets
2026-09-07T21:48:09.8838288Z > Task :app:compressReleaseAssets
2026-09-07T21:48:09.8839798Z > Task :app:compileReleaseKotlin
2026-09-07T21:48:09.9838169Z > Task :app:extractReleaseVersionControlInfo
2026-09-07T21:48:10.4862532Z > Task :app:compileReleaseJavaWithJavac
2026-09-07T21:48:10.7853854Z > Task :app:dexBuilderRelease
2026-09-07T21:48:17.2838360Z > Task :app:mergeReleaseGlobalSynthetics
2026-09-07T21:48:17.2839091Z > Task :app:extractProguardFiles
2026-09-07T21:48:17.3844104Z > Task :app:mergeDexRelease
2026-09-07T21:48:17.3864081Z > Task :app:generateReleaseLintVitalReportModel
2026-09-07T21:48:18.6838246Z > Task :app:compileReleaseArtProfile
2026-09-07T21:48:18.7840106Z > Task :app:processReleaseJavaRes
2026-09-07T21:48:19.9838158Z > Task :app:lintVitalReportRelease
2026-09-07T21:48:20.0838071Z > Task :app:lintVitalRelease
2026-09-07T21:48:20.5862551Z > Task :app:optimizeReleaseResources
2026-09-07T21:48:21.1856132Z > Task :app:collectReleaseDependencies
2026-09-07T21:48:21.2838314Z > Task :app:sdkReleaseDependencyData
2026-09-07T21:48:21.2842640Z > Task :app:validateSigningRelease
2026-09-07T21:48:21.2843897Z > Task :app:writeReleaseAppMetadata
2026-09-07T21:48:21.2844995Z > Task :app:writeReleaseSigningConfigVersions
2026-09-07T21:48:21.3838852Z > Task :app:mergeReleaseJavaResource
2026-09-07T21:48:22.8838110Z > Task :app:packageRelease
2026-09-07T21:48:22.8839064Z > Task :app:createReleaseApkListingFileRedirect
2026-09-07T21:48:22.8839798Z > Task :app:assembleRelease
2026-09-07T21:48:22.8840187Z
2026-09-07T21:48:22.8842153Z [Incubating] Problems report is available at: file:///home/runner/work/USKOCI-CLEAN/USKOCI-CLEAN/android/build/reports/problems/problems-report.html
2026-09-07T21:48:22.8843331Z
2026-09-07T21:48:22.8844283Z Deprecated Gradle features were used in this build, making it incompatible with Gradle 10.
2026-09-07T21:48:22.8844984Z
2026-09-07T21:48:22.8846029Z You can use '--warning-mode all' to show the individual deprecation warnings and determine if they come from your own scripts or plugins.
2026-09-07T21:48:22.8847062Z
2026-09-07T21:48:22.8848449Z For more on this, please refer to https://docs.gradle.org/9.3.1/userguide/command_line_interface.html#sec:command_line_warnings in the Gradle documentation.
2026-09-07T21:48:22.8849504Z
2026-09-07T21:48:22.8849803Z BUILD SUCCESSFUL in 12m 24s
2026-09-07T21:48:22.8850416Z 585 actionable tasks: 585 executed
2026-09-07T21:48:23.2821067Z ##[group]Run bundle="$(find android/app/build/generated/assets -type f -name 'index.android.bundle' | head -n 1)"
2026-09-07T21:48:23.2822166Z bundle="$(find android/app/build/generated/assets -type f -name 'index.android.bundle' | head -n 1)"
2026-09-07T21:48:23.2822715Z test -n "$bundle"
2026-09-07T21:48:23.2823056Z grep -aF 'http://10.0.2.2:54321' "$bundle" >/dev/null
2026-09-07T21:48:23.2823569Z if grep -aF 'leqcwgzvjsxugfgzdmth.supabase.co' "$bundle" >/dev/null; then
2026-09-07T21:48:23.2824115Z   echo "Production Supabase hostname found in bundled proof APK."
2026-09-07T21:48:23.2824502Z   exit 1
2026-09-07T21:48:23.2824711Z fi
2026-09-07T21:48:23.2825078Z echo "PASS RU5_DEVICE_APK_ENDPOINT disposable_local_only http://10.0.2.2:54321"
2026-09-07T21:48:23.3503397Z shell: /usr/bin/bash -e {0}
2026-09-07T21:48:23.3503834Z env:
2026-09-07T21:48:23.3504154Z   CI: 1
2026-09-07T21:48:23.3504532Z   SUPABASE_TELEMETRY_DISABLED: 1
2026-09-07T21:48:23.3504967Z   DO_NOT_TRACK: 1
2026-09-07T21:48:23.3505356Z   RU5_DEVICE_PACKAGE: rs.uskoci.n04proof
2026-09-07T21:48:23.3505907Z   RU5_DEVICE_ARTIFACT_DIR: artifacts/intent-shell-device
2026-09-07T21:48:23.3506456Z   RU5_ENTRY_PROOF: 1
2026-09-07T21:48:23.3506880Z   SUPABASE_INTERNAL_IMAGE_REGISTRY: ghcr.io
2026-09-07T21:48:23.3507555Z   JAVA_HOME: /opt/hostedtoolcache/Java_Temurin-Hotspot_jdk/17.0.20-1/x64
2026-09-07T21:48:23.3508412Z   JAVA_HOME_17_X64: /opt/hostedtoolcache/Java_Temurin-Hotspot_jdk/17.0.20-1/x64
2026-09-07T21:48:23.3509077Z   MAVEN_ARGS: -ntp
2026-09-07T21:48:23.3509501Z   RU5_DEVICE_PROOF_DIR: /tmp/uskoci-ru5-device-ui
2026-09-07T21:48:23.3510338Z   RU5_DEVICE_DB_URL: ***127.0.0.1:54322/postgres
2026-09-07T21:48:23.3510893Z   RU5_DEVICE_SUPABASE_URL: http://127.0.0.1:54321
2026-09-07T21:48:23.3512912Z   RU5_DEVICE_ANON_KEY: ***
2026-09-07T21:48:23.3514831Z   RU5_DEVICE_SERVICE_ROLE_KEY: ***
2026-09-07T21:48:23.3515740Z   RU5_DEVICE_REQUESTER_EMAIL: ru5-device-requester-9eb953a1-b2bb-44fc-b0ec-01410619fc5e@proof.invalid
2026-09-07T21:48:23.3516989Z   RU5_DEVICE_WORKER_EMAIL: ru5-device-worker-9eb953a1-b2bb-44fc-b0ec-01410619fc5e@proof.invalid
2026-09-07T21:48:23.3518002Z   RU5_DEVICE_PASSWORD: ***
2026-09-07T21:48:23.3518512Z   RU5_DEVICE_NEED_ID: f15b1dbd-e043-4b43-8909-e1060e3a4c9c
2026-09-07T21:48:23.3519139Z   RU5_DEVICE_NEED_TITLE: RU5 device journey 9eb953a1
2026-09-07T21:48:23.3520018Z   RU5_DEVICE_REQUESTER_USER_ID: 006a4e7e-3b59-4109-a38c-e3d3faaa8df6
2026-09-07T21:48:23.3520779Z   RU5_DEVICE_WORKER_USER_ID: ffb7436c-aa44-4c91-9624-66b012cfe072
2026-09-07T21:48:23.3521661Z   N04_AGREEMENT_ID: dc7403b1-d1e8-45dc-937a-6cb8ce11d100
2026-09-07T21:48:23.3522300Z   EXPO_PUBLIC_SUPABASE_URL: http://10.0.2.2:54321
2026-09-07T21:48:23.3524232Z   EXPO_PUBLIC_SUPABASE_ANON_KEY: ***
2026-09-07T21:48:23.3524717Z   EXPO_PUBLIC_USE_FAKE_SOURCE: 0
2026-09-07T21:48:23.3525154Z ##[endgroup]
2026-09-07T21:48:23.3738251Z PASS RU5_DEVICE_APK_ENDPOINT disposable_local_only http://10.0.2.2:54321
2026-09-07T21:48:23.3776253Z ##[group]Run if [[ -e /dev/kvm ]]; then
2026-09-07T21:48:23.3776791Z if [[ -e /dev/kvm ]]; then
2026-09-07T21:48:23.3777231Z   sudo chmod 666 /dev/kvm
2026-09-07T21:48:23.3777665Z   echo "KVM_AVAILABLE=1"
2026-09-07T21:48:23.3778103Z   ls -l /dev/kvm
2026-09-07T21:48:23.3778492Z else
2026-09-07T21:48:23.3778879Z   echo "KVM_AVAILABLE=0"
2026-09-07T21:48:23.3779311Z fi
2026-09-07T21:48:23.3824817Z shell: /usr/bin/bash -e {0}
2026-09-07T21:48:23.3825240Z env:
2026-09-07T21:48:23.3825552Z   CI: 1
2026-09-07T21:48:23.3825896Z   SUPABASE_TELEMETRY_DISABLED: 1
2026-09-07T21:48:23.3826324Z   DO_NOT_TRACK: 1
2026-09-07T21:48:23.3826715Z   RU5_DEVICE_PACKAGE: rs.uskoci.n04proof
2026-09-07T21:48:23.3827274Z   RU5_DEVICE_ARTIFACT_DIR: artifacts/intent-shell-device
2026-09-07T21:48:23.3827816Z   RU5_ENTRY_PROOF: 1
2026-09-07T21:48:23.3828225Z   SUPABASE_INTERNAL_IMAGE_REGISTRY: ghcr.io
2026-09-07T21:48:23.3828911Z   JAVA_HOME: /opt/hostedtoolcache/Java_Temurin-Hotspot_jdk/17.0.20-1/x64
2026-09-07T21:48:23.3829734Z   JAVA_HOME_17_X64: /opt/hostedtoolcache/Java_Temurin-Hotspot_jdk/17.0.20-1/x64
2026-09-07T21:48:23.3830385Z   MAVEN_ARGS: -ntp
2026-09-07T21:48:23.3830810Z   RU5_DEVICE_PROOF_DIR: /tmp/uskoci-ru5-device-ui
2026-09-07T21:48:23.3831816Z   RU5_DEVICE_DB_URL: ***127.0.0.1:54322/postgres
2026-09-07T21:48:23.3832388Z   RU5_DEVICE_SUPABASE_URL: http://127.0.0.1:54321
2026-09-07T21:48:23.3834129Z   RU5_DEVICE_ANON_KEY: ***
2026-09-07T21:48:23.3835943Z   RU5_DEVICE_SERVICE_ROLE_KEY: ***
2026-09-07T21:48:23.3836758Z   RU5_DEVICE_REQUESTER_EMAIL: ru5-device-requester-9eb953a1-b2bb-44fc-b0ec-01410619fc5e@proof.invalid
2026-09-07T21:48:23.3837929Z   RU5_DEVICE_WORKER_EMAIL: ru5-device-worker-9eb953a1-b2bb-44fc-b0ec-01410619fc5e@proof.invalid
2026-09-07T21:48:23.3838878Z   RU5_DEVICE_PASSWORD: ***
2026-09-07T21:48:23.3839355Z   RU5_DEVICE_NEED_ID: f15b1dbd-e043-4b43-8909-e1060e3a4c9c
2026-09-07T21:48:23.3839959Z   RU5_DEVICE_NEED_TITLE: RU5 device journey 9eb953a1
2026-09-07T21:48:23.3840667Z   RU5_DEVICE_REQUESTER_USER_ID: 006a4e7e-3b59-4109-a38c-e3d3faaa8df6
2026-09-07T21:48:23.3841554Z   RU5_DEVICE_WORKER_USER_ID: ffb7436c-aa44-4c91-9624-66b012cfe072
2026-09-07T21:48:23.3842211Z   N04_AGREEMENT_ID: dc7403b1-d1e8-45dc-937a-6cb8ce11d100
2026-09-07T21:48:23.3842818Z   EXPO_PUBLIC_SUPABASE_URL: http://10.0.2.2:54321
2026-09-07T21:48:23.3844833Z   EXPO_PUBLIC_SUPABASE_ANON_KEY: ***
2026-09-07T21:48:23.3845328Z   EXPO_PUBLIC_USE_FAKE_SOURCE: 0
2026-09-07T21:48:23.3845755Z ##[endgroup]
2026-09-07T21:48:23.4014801Z KVM_AVAILABLE=1
2026-09-07T21:48:23.4032704Z crw-rw-rw- 1 root kvm 10, 232 Sep  7 21:31 /dev/kvm
2026-09-07T21:48:23.4165258Z ##[group]Run ReactiveCircus/android-emulator-runner@a421e43855164a8197daf9d8d40fe71c6996bb0d
2026-09-07T21:48:23.4166097Z with:
2026-09-07T21:48:23.4166430Z   api-level: 35
2026-09-07T21:48:23.4166791Z   arch: x86_64
2026-09-07T21:48:23.4167165Z   profile: pixel_6
2026-09-07T21:48:23.4167553Z   disable-animations: false
2026-09-07T21:48:23.4168434Z   emulator-options: -no-window -gpu swiftshader_indirect -noaudio -no-boot-anim -camera-back none -no-snapshot
2026-09-07T21:48:23.4170527Z   script: mkdir -p artifacts/intent-shell-device
adb install -r android/app/build/outputs/apk/release/app-release.apk
adb shell settings put system pointer_location 0 || true
bash scripts/intent_shell_run_journey.sh

2026-09-07T21:48:23.4172716Z   target: default
2026-09-07T21:48:23.4173112Z   cores: 2
2026-09-07T21:48:23.4173473Z   avd-name: test
2026-09-07T21:48:23.4173881Z   force-avd-creation: true
2026-09-07T21:48:23.4174355Z   emulator-boot-timeout: 600
2026-09-07T21:48:23.4174865Z   emulator-port: 5554
2026-09-07T21:48:23.4175310Z   disable-spellchecker: false
2026-09-07T21:48:23.4175799Z   disable-linux-hw-accel: auto
2026-09-07T21:48:23.4176288Z   enable-hw-keyboard: false
2026-09-07T21:48:23.4176727Z   channel: stable
2026-09-07T21:48:23.4177103Z env:
2026-09-07T21:48:23.4177440Z   CI: 1
2026-09-07T21:48:23.4177808Z   SUPABASE_TELEMETRY_DISABLED: 1
2026-09-07T21:48:23.4178280Z   DO_NOT_TRACK: 1
2026-09-07T21:48:23.4178707Z   RU5_DEVICE_PACKAGE: rs.uskoci.n04proof
2026-09-07T21:48:23.4179348Z   RU5_DEVICE_ARTIFACT_DIR: artifacts/intent-shell-device
2026-09-07T21:48:23.4179949Z   RU5_ENTRY_PROOF: 1
2026-09-07T21:48:23.4180382Z   SUPABASE_INTERNAL_IMAGE_REGISTRY: ghcr.io
2026-09-07T21:48:23.4181128Z   JAVA_HOME: /opt/hostedtoolcache/Java_Temurin-Hotspot_jdk/17.0.20-1/x64
2026-09-07T21:48:23.4182273Z   JAVA_HOME_17_X64: /opt/hostedtoolcache/Java_Temurin-Hotspot_jdk/17.0.20-1/x64
2026-09-07T21:48:23.4183012Z   MAVEN_ARGS: -ntp
2026-09-07T21:48:23.4183501Z   RU5_DEVICE_PROOF_DIR: /tmp/uskoci-ru5-device-ui
2026-09-07T21:48:23.4184396Z   RU5_DEVICE_DB_URL: ***127.0.0.1:54322/postgres
2026-09-07T21:48:23.4185056Z   RU5_DEVICE_SUPABASE_URL: http://127.0.0.1:54321
2026-09-07T21:48:23.4186982Z   RU5_DEVICE_ANON_KEY: ***
2026-09-07T21:48:23.4188954Z   RU5_DEVICE_SERVICE_ROLE_KEY: ***
2026-09-07T21:48:23.4190033Z   RU5_DEVICE_REQUESTER_EMAIL: ru5-device-requester-9eb953a1-b2bb-44fc-b0ec-01410619fc5e@proof.invalid
2026-09-07T21:48:23.4191554Z   RU5_DEVICE_WORKER_EMAIL: ru5-device-worker-9eb953a1-b2bb-44fc-b0ec-01410619fc5e@proof.invalid
2026-09-07T21:48:23.4207389Z   RU5_DEVICE_PASSWORD: ***
2026-09-07T21:48:23.4208174Z   RU5_DEVICE_NEED_ID: f15b1dbd-e043-4b43-8909-e1060e3a4c9c
2026-09-07T21:48:23.4208805Z   RU5_DEVICE_NEED_TITLE: RU5 device journey 9eb953a1
2026-09-07T21:48:23.4209819Z   RU5_DEVICE_REQUESTER_USER_ID: 006a4e7e-3b59-4109-a38c-e3d3faaa8df6
2026-09-07T21:48:23.4210943Z   RU5_DEVICE_WORKER_USER_ID: ffb7436c-aa44-4c91-9624-66b012cfe072
2026-09-07T21:48:23.4212151Z   N04_AGREEMENT_ID: dc7403b1-d1e8-45dc-937a-6cb8ce11d100
2026-09-07T21:48:23.4212808Z   EXPO_PUBLIC_SUPABASE_URL: http://10.0.2.2:54321
2026-09-07T21:48:23.4215199Z   EXPO_PUBLIC_SUPABASE_ANON_KEY: ***
2026-09-07T21:48:23.4216017Z   EXPO_PUBLIC_USE_FAKE_SOURCE: 0
2026-09-07T21:48:23.4216453Z ##[endgroup]
2026-09-07T21:48:23.6440367Z ##[group]Configure emulator
2026-09-07T21:48:23.6443720Z API level: 35
2026-09-07T21:48:23.6444331Z System image API level: 35
2026-09-07T21:48:23.6444888Z target: default
2026-09-07T21:48:23.6445540Z CPU architecture: x86_64
2026-09-07T21:48:23.6446148Z Hardware profile: pixel_6
2026-09-07T21:48:23.6448040Z Cores: 2
2026-09-07T21:48:23.6448493Z RAM size:
2026-09-07T21:48:23.6448939Z Heap size:
2026-09-07T21:48:23.6449512Z SD card path or size:
2026-09-07T21:48:23.6450486Z Disk size:
2026-09-07T21:48:23.6450908Z AVD name: test
2026-09-07T21:48:23.6451631Z force avd creation: true
2026-09-07T21:48:23.6452198Z Emulator boot timeout: 600
2026-09-07T21:48:23.6452916Z emulator port: 5554
2026-09-07T21:48:23.6454601Z emulator options: -no-window -gpu swiftshader_indirect -noaudio -no-boot-anim -camera-back none -no-snapshot
2026-09-07T21:48:23.6456116Z disable animations: false
2026-09-07T21:48:23.6456849Z disable spellchecker: false
2026-09-07T21:48:23.6457585Z disable Linux hardware acceleration: false
2026-09-07T21:48:23.6458366Z enable hardware keyboard: false
2026-09-07T21:48:23.6458970Z Channel: 0 (stable)
2026-09-07T21:48:23.6459548Z Script:
2026-09-07T21:48:23.6460224Z mkdir -p artifacts/intent-shell-device
2026-09-07T21:48:23.6462141Z adb install -r android/app/build/outputs/apk/release/app-release.apk
2026-09-07T21:48:23.6463248Z adb shell settings put system pointer_location 0 || true
2026-09-07T21:48:23.6464541Z bash scripts/intent_shell_run_journey.sh
2026-09-07T21:48:23.6465276Z Pre emulator launch script:
2026-09-07T21:48:23.6466107Z ##[endgroup]
2026-09-07T21:48:23.6473436Z ##[group]Install Android SDK
2026-09-07T21:48:23.6528867Z [command]/usr/bin/sh -c \yes | sdkmanager --licenses > /dev/null
2026-09-07T21:48:26.1224241Z Warning: This version only understands SDK XML versions up to 3 but an SDK XML file of version 4 was encountered. This can happen if you use versions of Android Studio and the command-line tools that were released at different times.
2026-09-07T21:48:28.2283261Z Installing latest build tools, platform tools, and platform.
2026-09-07T21:48:28.2302334Z [command]/usr/bin/sh -c \sdkmanager --install 'build-tools;37.0.0' platform-tools 'platforms;android-35'> /dev/null
2026-09-07T21:48:28.7834231Z Warning: This version only understands SDK XML versions up to 3 but an SDK XML file of version 4 was encountered. This can happen if you use versions of Android Studio and the command-line tools that were released at different times.
2026-09-07T21:48:29.8367405Z Installing latest emulator.
2026-09-07T21:48:29.8385246Z [command]/usr/bin/sh -c \sdkmanager --install emulator --channel=0 > /dev/null
2026-09-07T21:48:30.4074324Z Warning: This version only understands SDK XML versions up to 3 but an SDK XML file of version 4 was encountered. This can happen if you use versions of Android Studio and the command-line tools that were released at different times.
2026-09-07T21:48:38.4114943Z Installing system images.
2026-09-07T21:48:38.4132046Z [command]/usr/bin/sh -c \sdkmanager --install 'system-images;android-35;default;x86_64' --channel=0 > /dev/null
2026-09-07T21:48:38.9877549Z Warning: This version only understands SDK XML versions up to 3 but an SDK XML file of version 4 was encountered. This can happen if you use versions of Android Studio and the command-line tools that were released at different times.
2026-09-07T21:48:52.7386248Z ##[endgroup]
2026-09-07T21:48:52.7388085Z ##[group]Create AVD
2026-09-07T21:48:52.7388714Z Creating AVD.
2026-09-07T21:48:52.7409732Z [command]/usr/bin/sh -c \echo no | avdmanager create avd --force -n test --package 'system-images;android-35;default;x86_64' --device 'pixel_6'
2026-09-07T21:48:53.3295514Z Loading local repository...
2026-09-07T21:48:53.3353603Z Warning: This version only understands SDK XML versions up to 3 but an SDK XML file of version 4 was encountered. This can happen if you use versions of Android Studio and the command-line tools that were released at different times.
2026-09-07T21:48:53.5532410Z [=========                              ] 25% Loading local repository...
2026-09-07T21:48:53.5542497Z [=========                              ] 25% Fetch remote repository...
2026-09-07T21:48:53.5543727Z [=======================================] 100% Fetch remote repository...
2026-09-07T21:48:53.6159274Z Auto-selecting single ABI x86_64
2026-09-07T21:48:54.0867858Z [command]/usr/bin/sh -c \printf 'hw.cpu.ncore=2\n' >> /home/runner/.android/avd/test.avd/config.ini
2026-09-07T21:48:54.0891662Z ##[endgroup]
2026-09-07T21:48:54.0894028Z ##[group]Launch Emulator
2026-09-07T21:48:54.0894620Z Starting emulator.
2026-09-07T21:48:54.0913904Z [command]/usr/bin/sh -c \/usr/local/lib/android/sdk/emulator/emulator -port 5554 -avd test -no-window -gpu swiftshader_indirect -noaudio -no-boot-anim -camera-back none -no-snapshot &
2026-09-07T21:48:54.1051273Z INFO         | Android emulator version 37.1.11.0 (build_id 15917651) (CL:N/A)
2026-09-07T21:48:54.1052525Z INFO         | Graphics backend: gfxstream
2026-09-07T21:48:54.1053698Z INFO         | Found systemPath /usr/local/lib/android/sdk/system-images/android-35/default/x86_64/
2026-09-07T21:48:54.1512053Z INFO         | Saving last run QEMU version for the AVD to 2
2026-09-07T21:48:54.1512585Z INFO         | Increasing RAM size to 2560MB
2026-09-07T21:48:54.1513024Z INFO         | Guest GLES Driver: Auto (ext controls)
2026-09-07T21:48:54.1513934Z INFO         | emuglConfig_init: vulkan_mode_selected:swiftshader gles_mode_selected:swiftshader
2026-09-07T21:48:54.1514527Z INFO         | Checking system compatibility:
2026-09-07T21:48:54.1515318Z INFO         |   Checking: hasSufficientDiskSpace
2026-09-07T21:48:54.1516158Z INFO         |      Ok: Disk space requirements to run avd: `test` are met
2026-09-07T21:48:54.1516887Z INFO         |   Checking: hasSufficientHwGpu
2026-09-07T21:48:54.1517658Z INFO         |      Ok: Hardware GPU compatibility checks are not required
2026-09-07T21:48:54.1518372Z INFO         |   Checking: hasSufficientSystem
2026-09-07T21:48:54.1519116Z INFO         |      Ok: System requirements to run avd: `test` are met
2026-09-07T21:48:54.1520502Z WARNING      | Feature QuickbootFileBacked is disabled due to stability issues, if you really want that, the environment variable ANDROID_EMU_FORCE_QUICKBOOT_FILE_BACKED need to set to 1
2026-09-07T21:48:54.7090031Z ERROR        | Unable to connect to adb daemon on port: 5037
2026-09-07T21:48:54.7103892Z INFO         | Storing crashdata in: /tmp/android-runner/emu-crash-37.1.11.db, detection is enabled for process: 31144
2026-09-07T21:48:54.7105350Z INFO         | Initializing gfxstream backend
2026-09-07T21:48:54.7114162Z INFO         | startOpenglesRendererImpl: gpu info
2026-09-07T21:48:54.7114825Z INFO         |
2026-09-07T21:48:54.7117561Z INFO         | initIcdPaths: ICD set to 'swiftshader', using Swiftshader ICD
2026-09-07T21:48:54.7119282Z INFO         | Setting ICD filenames for the loader = /usr/local/lib/android/sdk/emulator/lib64/vulkan/vk_swiftshader_icd.json
2026-09-07T21:48:54.7121217Z INFO         | SharedLibrary::open for [/usr/local/lib/android/sdk/emulator/qemu/linux-x86_64/lib64/vulkan/libvulkan.so]
2026-09-07T21:48:54.7123310Z INFO         | SharedLibrary::open for [/usr/local/lib/android/sdk/emulator/qemu/linux-x86_64/lib64/vulkan/libvulkan.so.1]
2026-09-07T21:48:54.7124924Z INFO         | SharedLibrary::open for [/usr/local/lib/android/sdk/emulator/lib64/vulkan/libvulkan.so]
2026-09-07T21:48:54.7126022Z INFO         | Added library: /usr/local/lib/android/sdk/emulator/lib64/vulkan/libvulkan.so
2026-09-07T21:48:54.7179044Z INFO         | Selecting Vulkan device: SwiftShader Device (Subzero), Version: 1.3.0
2026-09-07T21:48:54.7180218Z INFO         | Using Vulkan externalMemoryMode: OpaqueFd for VkEmulation
2026-09-07T21:48:54.7354983Z INFO         | SharedLibrary::open for [libX11]
2026-09-07T21:48:54.7356387Z WARNING      | Could not open libX11.so, try libX11.so.6
2026-09-07T21:48:54.7357145Z INFO         | SharedLibrary::open for [libX11.so.6]
2026-09-07T21:48:54.7357809Z INFO         | SharedLibrary::open for [libX11-xcb]
2026-09-07T21:48:54.7358753Z WARNING      | Could not open libX11-xcb.so, try libX11-xcb.so.1
2026-09-07T21:48:54.7359450Z INFO         | SharedLibrary::open for [libX11-xcb.so.1]
2026-09-07T21:48:54.7409485Z INFO         | Initializing VkEmulation features:
2026-09-07T21:48:54.7410260Z INFO         |     glInteropSupported: false
2026-09-07T21:48:54.7410923Z INFO         |     useDeferredCommands: true
2026-09-07T21:48:54.7411977Z INFO         |     createResourceWithRequirements: true
2026-09-07T21:48:54.7412784Z INFO         |     useVulkanComposition: false
2026-09-07T21:48:54.7413467Z INFO         |     useVulkanNativeSwapchain: false
2026-09-07T21:48:54.7414499Z INFO         |     enable guestRenderDoc: false
2026-09-07T21:48:54.7415272Z INFO         |     ASTC LDR emulation mode: Gpu
2026-09-07T21:48:54.7415973Z INFO         |     enable ETC2 emulation: true
2026-09-07T21:48:54.7416629Z INFO         |     enable Ycbcr emulation: false
2026-09-07T21:48:54.7417283Z INFO         |     guestVulkanOnly: false
2026-09-07T21:48:54.7417926Z INFO         |     useDedicatedAllocations: false
2026-09-07T21:48:54.7418648Z INFO         |     guestVulkanMaxApiVersion: 1.3.0
2026-09-07T21:48:54.7419486Z INFO         |     enableProtectedMemoryEmulation: false
2026-09-07T21:48:54.7420363Z INFO         | Graphics Adapter Vendor Google (Google Inc.)
2026-09-07T21:48:54.7432898Z INFO         | Graphics Adapter Android Emulator OpenGL ES Translator (Google SwiftShader)
2026-09-07T21:48:54.7434121Z INFO         | Graphics API Version OpenGL ES 3.0 (OpenGL ES 3.0 SwiftShader 4.0.0.1)
2026-09-07T21:48:54.7439229Z INFO         | Graphics API Extensions GL_OES_EGL_sync GL_OES_EGL_image GL_OES_EGL_image_external GL_OES_depth24 GL_OES_depth32 GL_OES_element_index_uint GL_OES_texture_float GL_OES_texture_float_linear GL_OES_compressed_paletted_texture GL_OES_compressed_ETC1_RGB8_texture GL_OES_depth_texture GL_OES_texture_half_float GL_OES_texture_half_float_linear GL_OES_packed_depth_stencil GL_OES_vertex_half_float GL_OES_standard_derivatives GL_OES_texture_npot GL_OES_rgb8_rgba8 GL_EXT_color_buffer_float GL_EXT_color_buffer_half_float GL_EXT_texture_format_BGRA8888 GL_APPLE_texture_format_BGRA8888
2026-09-07T21:48:54.7443483Z INFO         | Graphics Device Extensions N/A
2026-09-07T21:48:54.7444232Z INFO         | Disabling sparse binding feature support
2026-09-07T21:48:54.7513711Z INFO         | Sending adb public key [QAAAALOVI4KF3oYk3BWjiKuMgPjHeB5BmeJsbKWmZuaqrqN9xxSE28/y+MNzcn+NNciiPwORbr+9cIK1aEovY2G+NtHVhSroS8QaiXAH0o+gpqUw6zFYovsHMP4K9lE8eC5+Gg6lERvo63cOGffibvABJXpt1oZ3ehfcnw2I5xBM9S60ym6k6mEBGrK/yBjt5moeOrxb7+YRkUsmfYWmfRByXI8rc+pisJ1urqeN97JQonrlWCz0YNfppoYhI3v2l+Ixacg2EJiUsQTmMaQs/i88aEMrWP942F+aYvTUM/zSIXsfDhFSOEHY/7x784IaccP1bmUz7fz/nJ3GGBapmdEEc3HYe8G3rzDxd90HiEmOXvsoB7VxK6sL+AvSKImF78YLQjFygGwOX/dUGvyRY6kICm/EkbKFGa2S8jpcIfyrwjfzbmWh9EI3Biw/XeujFAzQi4zHMHi/klx99SXSOB2iAcoZz6n2ZQVkxPwtKWdbXbF6fNnhnXmVXIAAAkqD4yWtm+lpKQrK5Kku6C+CbpTjpD4Ho64yYRIC36ngn6Yi9mZMO0zT2n6arUZIwcGxz4zv1r2Yrgg4rhONCBy98hyKs7/LTB/oSNK/qrXdIVuXgr0WQ+Uw+CNSpjRKy6LmyFeQYpZ8VTLJu90pTEsVzfEgFJ/3w5tGIksuuoZm5uy8JI2Okz6mSQEAAQA= runner@unknown]
2026-09-07T21:48:54.7520755Z INFO         | Userspace boot properties:
2026-09-07T21:48:54.7522337Z INFO         |   androidboot.boot_devices=pci0000:00/0000:00:03.0 pci0000:00/0000:00:06.0
2026-09-07T21:48:54.7523597Z INFO         |   androidboot.dalvik.vm.heapsize=576m
2026-09-07T21:48:54.7524693Z INFO         |   androidboot.debug.hwui.renderer=skiagl
2026-09-07T21:48:54.7525436Z INFO         |   androidboot.debug.sf.nobootanimation=1
2026-09-07T21:48:54.7526025Z INFO         |   androidboot.hardware=ranchu
2026-09-07T21:48:54.7526616Z INFO         |   androidboot.hardware.gltransport=pipe
2026-09-07T21:48:54.7527204Z INFO         |   androidboot.hardware.vulkan=ranchu
2026-09-07T21:48:54.7527769Z INFO         |   androidboot.logcat=*:V
2026-09-07T21:48:54.7528311Z INFO         |   androidboot.opengles.version=196608
2026-09-07T21:48:54.7528830Z INFO         |   androidboot.qemu=1
2026-09-07T21:48:54.7535254Z INFO         |   androidboot.qemu.adb.pubkey=QAAAALOVI4KF3oYk3BWjiKuMgPjHeB5BmeJsbKWmZuaqrqN9xxSE28/y+MNzcn+NNciiPwORbr+9cIK1aEovY2G+NtHVhSroS8QaiXAH0o+gpqUw6zFYovsHMP4K9lE8eC5+Gg6lERvo63cOGffibvABJXpt1oZ3ehfcnw2I5xBM9S60ym6k6mEBGrK/yBjt5moeOrxb7+YRkUsmfYWmfRByXI8rc+pisJ1urqeN97JQonrlWCz0YNfppoYhI3v2l+Ixacg2EJiUsQTmMaQs/i88aEMrWP942F+aYvTUM/zSIXsfDhFSOEHY/7x784IaccP1bmUz7fz/nJ3GGBapmdEEc3HYe8G3rzDxd90HiEmOXvsoB7VxK6sL+AvSKImF78YLQjFygGwOX/dUGvyRY6kICm/EkbKFGa2S8jpcIfyrwjfzbmWh9EI3Biw/XeujFAzQi4zHMHi/klx99SXSOB2iAcoZz6n2ZQVkxPwtKWdbXbF6fNnhnXmVXIAAAkqD4yWtm+lpKQrK5Kku6C+CbpTjpD4Ho64yYRIC36ngn6Yi9mZMO0zT2n6arUZIwcGxz4zv1r2Yrgg4rhONCBy98hyKs7/LTB/oSNK/qrXdIVuXgr0WQ+Uw+CNSpjRKy6LmyFeQYpZ8VTLJu90pTEsVzfEgFJ/3w5tGIksuuoZm5uy8JI2Okz6mSQEAAQA= runner@unknown
2026-09-07T21:48:54.7539236Z INFO         |   androidboot.qemu.avd_name=test
2026-09-07T21:48:54.7540512Z INFO         |   androidboot.qemu.camera_hq_edge_processing=0
2026-09-07T21:48:54.7541605Z INFO         |   androidboot.qemu.camera_protocol_ver=1
2026-09-07T21:48:54.7542152Z INFO         |   androidboot.qemu.cpuvulkan.version=4206592
2026-09-07T21:48:54.7542675Z INFO         |   androidboot.qemu.gltransport.drawFlushInterval=800
2026-09-07T21:48:54.7543169Z INFO         |   androidboot.qemu.gltransport.name=pipe
2026-09-07T21:48:54.7543595Z INFO         |   androidboot.qemu.hwcodec.avcdec=2
2026-09-07T21:48:54.7544215Z INFO         |   androidboot.qemu.hwcodec.hevcdec=2
2026-09-07T21:48:54.7544648Z INFO         |   androidboot.qemu.hwcodec.vpxdec=2
2026-09-07T21:48:54.7545187Z INFO         |   androidboot.qemu.settings.system.screen_off_timeout=2147483647
2026-09-07T21:48:54.7545692Z INFO         |   androidboot.qemu.skin=1080x2400
2026-09-07T21:48:54.7546085Z INFO         |   androidboot.qemu.virtiowifi=1
2026-09-07T21:48:54.7546465Z INFO         |   androidboot.qemu.vsync=60
2026-09-07T21:48:54.7546864Z INFO         |   androidboot.serialno=EMULATOR37X1X11X0
2026-09-07T21:48:54.7547512Z INFO         |   androidboot.vbmeta.digest=602b0c809848f3be570a96601071931225108ec3b3739d99a1dc41db38efe83c
2026-09-07T21:48:54.7548101Z INFO         |   androidboot.vbmeta.hash_alg=sha256
2026-09-07T21:48:54.7548488Z INFO         |   androidboot.vbmeta.size=6720
2026-09-07T21:48:54.7548879Z INFO         |   androidboot.veritymode=enforcing
2026-09-07T21:48:54.7717860Z WARNING: cannnot unmap ptr 0x7fd426801000 as it is in the protected range from 0x7fd386800000 to 0x7fd426a00000
2026-09-07T21:48:54.7958317Z INFO         | Monitoring duration of emulator setup.
2026-09-07T21:48:57.7938652Z INFO         | Activated packet streamer for bluetooth emulation
2026-09-07T21:48:57.7939857Z INFO         | Successfully initialized netsim WiFi
2026-09-07T21:48:57.7999741Z INFO         | Setting display: 0 configuration to: 1080x2400, dpi: 420x420
2026-09-07T21:48:57.8000679Z INFO         | setDisplayActiveConfig: id:0, 1080x2400
2026-09-07T21:48:57.8001943Z INFO         | emulatorSetupEnvironment: Environment scene is not required
2026-09-07T21:48:57.8077858Z USER_INFO    | Emulator is performing a full startup. This may take upto two minutes, or more.
2026-09-07T21:48:57.8087395Z WARNING      | Failed to process .ini file /home/runner/.android/emu-update-last-check.ini for reading.
2026-09-07T21:48:58.0372790Z WARNING      | Failed to process .ini file /home/runner/.android/emu-update-last-check.ini for reading.
2026-09-07T21:49:04.0983441Z [command]/usr/local/lib/android/sdk/platform-tools/adb -s emulator-5554 shell getprop sys.boot_completed
2026-09-07T21:49:04.1027205Z * daemon not running; starting now at tcp:5037
2026-09-07T21:49:04.2458830Z * daemon started successfully
2026-09-07T21:49:04.2466760Z adb: device offline
2026-09-07T21:49:04.2473163Z The process '/usr/local/lib/android/sdk/platform-tools/adb' failed with exit code 1
2026-09-07T21:49:06.2608066Z [command]/usr/local/lib/android/sdk/platform-tools/adb -s emulator-5554 shell getprop sys.boot_completed
2026-09-07T21:49:06.2675964Z adb: device offline
2026-09-07T21:49:06.2690608Z The process '/usr/local/lib/android/sdk/platform-tools/adb' failed with exit code 1
2026-09-07T21:49:08.2723345Z [command]/usr/local/lib/android/sdk/platform-tools/adb -s emulator-5554 shell getprop sys.boot_completed
2026-09-07T21:49:08.2753240Z adb: device offline
2026-09-07T21:49:08.2759230Z The process '/usr/local/lib/android/sdk/platform-tools/adb' failed with exit code 1
2026-09-07T21:49:10.2813248Z [command]/usr/local/lib/android/sdk/platform-tools/adb -s emulator-5554 shell getprop sys.boot_completed
2026-09-07T21:49:10.3309602Z
2026-09-07T21:49:12.3384758Z [command]/usr/local/lib/android/sdk/platform-tools/adb -s emulator-5554 shell getprop sys.boot_completed
2026-09-07T21:49:12.3611393Z
2026-09-07T21:49:14.3678544Z [command]/usr/local/lib/android/sdk/platform-tools/adb -s emulator-5554 shell getprop sys.boot_completed
2026-09-07T21:49:14.3980933Z
2026-09-07T21:49:16.4037865Z [command]/usr/local/lib/android/sdk/platform-tools/adb -s emulator-5554 shell getprop sys.boot_completed
2026-09-07T21:49:16.4398764Z
2026-09-07T21:49:18.4444630Z [command]/usr/local/lib/android/sdk/platform-tools/adb -s emulator-5554 shell getprop sys.boot_completed
2026-09-07T21:49:18.4610938Z
2026-09-07T21:49:20.4666273Z [command]/usr/local/lib/android/sdk/platform-tools/adb -s emulator-5554 shell getprop sys.boot_completed
2026-09-07T21:49:20.4911176Z
2026-09-07T21:49:22.4990738Z [command]/usr/local/lib/android/sdk/platform-tools/adb -s emulator-5554 shell getprop sys.boot_completed
2026-09-07T21:49:22.5247822Z
2026-09-07T21:49:24.5294442Z [command]/usr/local/lib/android/sdk/platform-tools/adb -s emulator-5554 shell getprop sys.boot_completed
2026-09-07T21:49:24.5809663Z
2026-09-07T21:49:26.5881906Z [command]/usr/local/lib/android/sdk/platform-tools/adb -s emulator-5554 shell getprop sys.boot_completed
2026-09-07T21:49:26.6107019Z
2026-09-07T21:49:27.6610038Z INFO         | Boot completed in 33528 ms
2026-09-07T21:49:27.6611716Z INFO         | Increasing screen off timeout, logcat buffer size to 2M.
2026-09-07T21:49:28.6155604Z [command]/usr/local/lib/android/sdk/platform-tools/adb -s emulator-5554 shell getprop sys.boot_completed
2026-09-07T21:49:28.6298704Z 1
2026-09-07T21:49:28.6314905Z Emulator booted.
2026-09-07T21:49:28.6352933Z [command]/usr/local/lib/android/sdk/platform-tools/adb -s emulator-5554 shell input keyevent 82
2026-09-07T21:49:35.6640830Z ##[endgroup]
2026-09-07T21:49:35.6711641Z [command]/usr/bin/sh -c mkdir -p artifacts/intent-shell-device
2026-09-07T21:49:35.6887141Z [command]/usr/bin/sh -c adb install -r android/app/build/outputs/apk/release/app-release.apk
2026-09-07T21:49:40.3237573Z Performing Streamed Install
2026-09-07T21:49:40.3238560Z Success
2026-09-07T21:49:40.3291935Z [command]/usr/bin/sh -c adb shell settings put system pointer_location 0 || true
2026-09-07T21:49:40.3919106Z [command]/usr/bin/sh -c bash scripts/intent_shell_run_journey.sh
2026-09-07T21:50:53.9852200Z ERROR        | Failed to find ColorBuffer: 134
2026-09-07T21:52:33.1620918Z ERROR        | Failed to find ColorBuffer: 158
2026-09-07T21:56:29.5895112Z ERROR        | Failed to find ColorBuffer: 244
2026-09-07T21:59:04.6945808Z ERROR        | Failed to find ColorBuffer: 258
2026-09-07T22:00:10.0788125Z RECOVERED known_system_anr via Wait
2026-09-07T22:00:10.0789266Z APP_START returncode=0 stdout=Starting: Intent { cmp=rs.uskoci.n04proof/.MainActivity }
2026-09-07T22:00:10.0790112Z Status: ok
2026-09-07T22:00:10.0790531Z LaunchState: COLD
2026-09-07T22:00:10.0791079Z Activity: rs.uskoci.n04proof/.MainActivity
2026-09-07T22:00:10.0791835Z TotalTime: 1737
2026-09-07T22:00:10.0792216Z WaitTime: 1759
2026-09-07T22:00:10.0792601Z Complete
2026-09-07T22:00:10.0793241Z  stderr=
2026-09-07T22:00:10.0793796Z CHECKPOINT SIGNED_OUT_AUTH_NO_PRIVATE_TABS
2026-09-07T22:00:10.0794667Z CHECKPOINT AUTH_SHEET_OPEN attempt=1
2026-09-07T22:00:10.0795311Z CHECKPOINT UI_TEXT_ENTERED field=0 attempt=1
2026-09-07T22:00:10.0795958Z CHECKPOINT UI_TEXT_ENTERED field=1 attempt=1
2026-09-07T22:00:10.0796564Z EVIDENCE INBOX_requester_one_event
2026-09-07T22:00:10.0797111Z EVIDENCE INBOX_role_empty
2026-09-07T22:00:10.0797630Z EVIDENCE INBOX_requester_read_all
2026-09-07T22:00:10.0798133Z EVIDENCE INBOX_bell_zero
2026-09-07T22:00:10.0799043Z APP_START returncode=0 stdout=Starting: Intent { cmp=rs.uskoci.n04proof/.MainActivity }
2026-09-07T22:00:10.0799860Z Status: ok
2026-09-07T22:00:10.0800296Z LaunchState: COLD
2026-09-07T22:00:10.0800879Z Activity: rs.uskoci.n04proof/.MainActivity
2026-09-07T22:00:10.0801683Z TotalTime: 1936
2026-09-07T22:00:10.0802119Z WaitTime: 1938
2026-09-07T22:00:10.0802523Z Complete
2026-09-07T22:00:10.0802886Z  stderr=
2026-09-07T22:00:10.0803416Z CHECKPOINT SIGNED_OUT_AUTH_NO_PRIVATE_TABS
2026-09-07T22:00:10.0804472Z CHECKPOINT AUTH_SHEET_OPEN attempt=1
2026-09-07T22:00:10.0805249Z CHECKPOINT UI_TEXT_ENTERED field=0 attempt=1
2026-09-07T22:00:10.0806014Z CHECKPOINT UI_TEXT_ENTERED field=1 attempt=1
2026-09-07T22:00:10.0806723Z EVIDENCE INBOX_worker_selection_unread
2026-09-07T22:00:10.0807445Z EVIDENCE INBOX_selection_opens_real_agreement
2026-09-07T22:00:10.0808173Z EVIDENCE INBOX_selection_read_confirmed
2026-09-07T22:00:10.0808832Z EVIDENCE INBOX_next_page_available
2026-09-07T22:00:10.0809473Z EVIDENCE INBOX_second_page_loaded
2026-09-07T22:00:10.0810105Z EVIDENCE INBOX_worker_read_all
2026-09-07T22:00:10.0812959Z CHECKPOINT GATES_UNCHANGED {'publication_policy_bundles': '0', 'publication_decisions': '0', 'preselection_questions': '0', 'preselection_answers': '0', 'preselection_policy': '0', 'preselection_materiality': '0', 'preselection_commands': '0', 'fastest_needs': '0', 'autofill_selections': '0'}
2026-09-07T22:00:10.0815973Z PASS N04_PHYSICAL_INBOX two_real_auth event_read role_empty pagination bell agreement_target no_push
2026-09-07T22:00:10.0817398Z PASS NAV_LOCAL_FIXTURE extra_open_need original_N04_fixture_preserved production_not_touched
2026-09-07T22:00:10.0818351Z START PHYSICAL_INTENT_SHELL_JOURNEY
2026-09-07T22:00:10.0819323Z APP_START returncode=0 stdout=Starting: Intent { cmp=rs.uskoci.n04proof/.MainActivity }
2026-09-07T22:00:10.0820118Z Status: ok
2026-09-07T22:00:10.0820499Z LaunchState: COLD
2026-09-07T22:00:10.0821024Z Activity: rs.uskoci.n04proof/.MainActivity
2026-09-07T22:00:10.0822502Z TotalTime: 2580
2026-09-07T22:00:10.0822898Z WaitTime: 2589
2026-09-07T22:00:10.0823260Z Complete
2026-09-07T22:00:10.0823592Z  stderr=
2026-09-07T22:00:10.0824030Z CHECKPOINT SIGNED_OUT_AUTH_NO_PRIVATE_TABS
2026-09-07T22:00:10.0824554Z EVIDENCE ENTRY_welcome
2026-09-07T22:00:10.0825072Z CHECKPOINT AUTH_SHEET_OPEN attempt=1
2026-09-07T22:00:10.0825535Z EVIDENCE ENTRY_login
2026-09-07T22:00:10.0825957Z EVIDENCE ENTRY_empty_error
2026-09-07T22:00:10.0826425Z EVIDENCE ENTRY_recovery_gated
2026-09-07T22:00:10.0826898Z EVIDENCE ENTRY_registration
2026-09-07T22:00:10.0827393Z EVIDENCE ENTRY_back_to_welcome
2026-09-07T22:00:10.0828609Z APP_START returncode=0 stdout=Starting: Intent { cmp=rs.uskoci.n04proof/.MainActivity }
2026-09-07T22:00:10.0829210Z Status: ok
2026-09-07T22:00:10.0829453Z LaunchState: COLD
2026-09-07T22:00:10.0829767Z Activity: rs.uskoci.n04proof/.MainActivity
2026-09-07T22:00:10.0830150Z TotalTime: 1416
2026-09-07T22:00:10.0830374Z WaitTime: 1418
2026-09-07T22:00:10.0830585Z Complete
2026-09-07T22:00:10.0830785Z  stderr=
2026-09-07T22:00:10.0831059Z CHECKPOINT SIGNED_OUT_AUTH_NO_PRIVATE_TABS
2026-09-07T22:00:10.0831719Z EVIDENCE ENTRY_reduced_motion_welcome
2026-09-07T22:00:10.0832438Z PASS SPOJ_ENTRY_PHYSICAL welcome login empty_error recovery_gated registration back os_reduced_motion_welcome_reachable
2026-09-07T22:00:10.0833286Z APP_START returncode=0 stdout=Starting: Intent { cmp=rs.uskoci.n04proof/.MainActivity }
2026-09-07T22:00:10.0833739Z Status: ok
2026-09-07T22:00:10.0834087Z LaunchState: COLD
2026-09-07T22:00:10.0834403Z Activity: rs.uskoci.n04proof/.MainActivity
2026-09-07T22:00:10.0834753Z TotalTime: 1737
2026-09-07T22:00:10.0835131Z WaitTime: 1744
2026-09-07T22:00:10.0835485Z Complete
2026-09-07T22:00:10.0835839Z  stderr=
2026-09-07T22:00:10.0836335Z CHECKPOINT SIGNED_OUT_AUTH_NO_PRIVATE_TABS
2026-09-07T22:00:10.0836993Z CHECKPOINT AUTH_SHEET_OPEN attempt=1
2026-09-07T22:00:10.0837603Z CHECKPOINT UI_TEXT_ENTERED field=0 attempt=1
2026-09-07T22:00:10.0838253Z CHECKPOINT UI_TEXT_ENTERED field=1 attempt=1
2026-09-07T22:00:10.0839209Z CHECKPOINT THREE_ZONES intent=requester labels=('Zadaci', 'Novi Zadatak', 'Dogovori')
2026-09-07T22:00:10.0840056Z EVIDENCE NAV_requester_tasks
2026-09-07T22:00:10.0841225Z CHECKPOINT LOCAL_AI_CONVERSATION_OPEN account=006a4e7e-3b59-4109-a38c-e3d3faaa8df6 before=0 after=1 no_message_no_publication
2026-09-07T22:00:10.0842393Z EVIDENCE NAV_requester_new_task
2026-09-07T22:00:10.0842928Z CHECKPOINT THREE_ZONES intent=requester labels=('Zadaci', 'Novi Zadatak', 'Dogovori')
2026-09-07T22:00:10.0843807Z CHECKPOINT THREE_ZONES intent=requester labels=('Zadaci', 'Novi Zadatak', 'Dogovori')
2026-09-07T22:00:10.0845216Z CHECKPOINT AGREEMENT_METADATA_VISIBLE intent=requester full_schedule full_amount within_card_and_screen bounds={'title': (87, 441, 790, 499), 'schedule': (142, 616, 311, 664), 'amount': (764, 616, 931, 664)}
2026-09-07T22:00:10.0846098Z EVIDENCE NAV_requester_agreements
2026-09-07T22:00:10.0846765Z CHECKPOINT OWN_PROFILE account=006a4e7e-3b59-4109-a38c-e3d3faaa8df6 kind=REQUESTER actual_name_city no_dummy_trust
2026-09-07T22:00:10.0847663Z EVIDENCE NAV_requester_profile
2026-09-07T22:00:10.0848584Z CHECKPOINT THREE_ZONES intent=requester labels=('Zadaci', 'Novi Zadatak', 'Dogovori')
2026-09-07T22:00:10.0849755Z EVIDENCE NAV_profile_back
2026-09-07T22:00:10.0850200Z EVIDENCE NAV_inbox
2026-09-07T22:00:10.0851044Z CHECKPOINT THREE_ZONES intent=requester labels=('Zadaci', 'Novi Zadatak', 'Dogovori')
2026-09-07T22:00:10.0852124Z EVIDENCE NAV_inbox_back
2026-09-07T22:00:10.0852839Z CHECKPOINT THREE_ZONES intent=worker labels=('Prijave', 'Zadaci', 'Dogovori')
2026-09-07T22:00:10.0853693Z EVIDENCE NAV_same_account_worker_discovery
2026-09-07T22:00:10.0854977Z CHECKPOINT OWN_PROFILE account=006a4e7e-3b59-4109-a38c-e3d3faaa8df6 kind=WORKER actual_name_city no_dummy_trust
2026-09-07T22:00:10.0856120Z EVIDENCE NAV_same_account_worker_profile
2026-09-07T22:00:10.0856829Z CHECKPOINT SIGNED_OUT_AUTH_NO_PRIVATE_TABS
2026-09-07T22:00:10.0857463Z EVIDENCE NAV_signed_out
2026-09-07T22:00:10.0858073Z CHECKPOINT SIGNED_OUT_AUTH_NO_PRIVATE_TABS
2026-09-07T22:00:10.0858788Z CHECKPOINT UI_TEXT_ENTERED field=0 attempt=1
2026-09-07T22:00:10.0859516Z CHECKPOINT UI_TEXT_ENTERED field=1 attempt=1
2026-09-07T22:00:10.0860409Z CHECKPOINT THREE_ZONES intent=requester labels=('Zadaci', 'Novi Zadatak', 'Dogovori')
2026-09-07T22:00:10.0860948Z EVIDENCE NAV_second_account_requester_empty
2026-09-07T22:00:10.0861981Z CHECKPOINT OWN_PROFILE account=ffb7436c-aa44-4c91-9624-66b012cfe072 kind=REQUESTER actual_name_city no_dummy_trust
2026-09-07T22:00:10.0863093Z EVIDENCE NAV_second_account_profile
2026-09-07T22:00:10.0863708Z CHECKPOINT THREE_ZONES intent=worker labels=('Prijave', 'Zadaci', 'Dogovori')
2026-09-07T22:00:10.0864212Z EVIDENCE NAV_second_account_worker_discovery
2026-09-07T22:00:10.0864545Z EVIDENCE NAV_task_detail
2026-09-07T22:00:10.0865010Z CHECKPOINT THREE_ZONES intent=worker labels=('Prijave', 'Zadaci', 'Dogovori')
2026-09-07T22:00:10.0865656Z EVIDENCE NAV_task_detail_back
2026-09-07T22:00:10.0866150Z CHECKPOINT THREE_ZONES intent=worker labels=('Prijave', 'Zadaci', 'Dogovori')
2026-09-07T22:00:10.0866618Z EVIDENCE NAV_worker_applications
2026-09-07T22:00:10.0867103Z CHECKPOINT THREE_ZONES intent=worker labels=('Prijave', 'Zadaci', 'Dogovori')
2026-09-07T22:00:10.0868264Z CHECKPOINT AGREEMENT_METADATA_VISIBLE intent=worker full_schedule full_amount within_card_and_screen bounds={'title': (87, 441, 790, 499), 'schedule': (142, 664, 311, 712), 'amount': (764, 664, 931, 712)}
2026-09-07T22:00:10.0869110Z EVIDENCE NAV_worker_agreements
2026-09-07T22:00:10.0870486Z CHECKPOINT GATES_UNCHANGED {'publication_policy_bundles': '0', 'publication_decisions': '0', 'preselection_questions': '0', 'preselection_answers': '0', 'preselection_policy': '0', 'preselection_materiality': '0', 'preselection_commands': '0', 'fastest_needs': '0', 'autofill_selections': '0'}
2026-09-07T22:00:10.0873499Z PASS PHYSICAL_INTENT_SHELL two_intents three_zones real_profiles inbox_back detail_back ui_logout different_account_no_clear no_fake_map no_application_selection_mutation no_push
2026-09-07T22:00:10.0875174Z ##[group]Terminate Emulator
2026-09-07T22:00:10.0875902Z [command]/usr/local/lib/android/sdk/platform-tools/adb -s emulator-5554 emu kill
2026-09-07T22:00:10.0876411Z OK: killing emulator, bye bye
2026-09-07T22:00:10.0876684Z OK
2026-09-07T22:00:10.0877900Z INFO         | Wait for emulator (pid 31144) 20 seconds to shutdown gracefully before kill;you can set environment variable ANDROID_EMULATOR_WAIT_TIME_BEFORE_KILL(in seconds) to change the default value (20 seconds)
2026-09-07T22:00:10.0878683Z
2026-09-07T22:00:10.0878943Z ##[endgroup]
2026-09-07T22:00:10.1097360Z USER_INFO    | Snapshots have been disabled by the user, save request is ignored.
2026-09-07T22:00:10.1098818Z INFO         | Saving snapshot 'default_boot' using 0 ms
2026-09-07T22:00:11.0685364Z ERROR        | stop: Not implemented
2026-09-07T22:00:11.0686493Z WARNING      | Emulator client has not yet been configured.. Call configure me first!
2026-09-07T22:00:11.0836667Z INFO         | removeAll
2026-09-07T22:00:11.1346189Z WARNING      | Netsim Wifi dns:///localhost:37551 is gone due to Stream removed (CANCELLED)
2026-09-07T22:00:11.6629430Z ##[group]Run grep -F 'PASS N04_PHYSICAL_INBOX' artifacts/intent-shell-device/proof.log
2026-09-07T22:00:11.6630267Z grep -F 'PASS N04_PHYSICAL_INBOX' artifacts/intent-shell-device/proof.log
2026-09-07T22:00:11.6630851Z grep -F 'CHECKPOINT GATES_UNCHANGED' artifacts/intent-shell-device/proof.log
2026-09-07T22:00:11.6632573Z for checkpoint in INBOX_requester_one_event INBOX_role_empty INBOX_requester_read_all INBOX_bell_zero INBOX_worker_selection_unread INBOX_selection_opens_real_agreement INBOX_selection_read_confirmed INBOX_next_page_available INBOX_second_page_loaded INBOX_worker_read_all; do
2026-09-07T22:00:11.6633798Z   test -s "artifacts/intent-shell-device/${checkpoint}.png"
2026-09-07T22:00:11.6634250Z   test -s "artifacts/intent-shell-device/${checkpoint}.xml"
2026-09-07T22:00:11.6634611Z done
2026-09-07T22:00:11.6672073Z shell: /usr/bin/bash -e {0}
2026-09-07T22:00:11.6672343Z env:
2026-09-07T22:00:11.6672570Z   CI: 1
2026-09-07T22:00:11.6672797Z   SUPABASE_TELEMETRY_DISABLED: 1
2026-09-07T22:00:11.6673064Z   DO_NOT_TRACK: 1
2026-09-07T22:00:11.6673315Z   RU5_DEVICE_PACKAGE: rs.uskoci.n04proof
2026-09-07T22:00:11.6673673Z   RU5_DEVICE_ARTIFACT_DIR: artifacts/intent-shell-device
2026-09-07T22:00:11.6674015Z   RU5_ENTRY_PROOF: 1
2026-09-07T22:00:11.6674274Z   SUPABASE_INTERNAL_IMAGE_REGISTRY: ghcr.io
2026-09-07T22:00:11.6674683Z   JAVA_HOME: /opt/hostedtoolcache/Java_Temurin-Hotspot_jdk/17.0.20-1/x64
2026-09-07T22:00:11.6675192Z   JAVA_HOME_17_X64: /opt/hostedtoolcache/Java_Temurin-Hotspot_jdk/17.0.20-1/x64
2026-09-07T22:00:11.6675597Z   MAVEN_ARGS: -ntp
2026-09-07T22:00:11.6675854Z   RU5_DEVICE_PROOF_DIR: /tmp/uskoci-ru5-device-ui
2026-09-07T22:00:11.6676390Z   RU5_DEVICE_DB_URL: ***127.0.0.1:54322/postgres
2026-09-07T22:00:11.6676763Z   RU5_DEVICE_SUPABASE_URL: http://127.0.0.1:54321
2026-09-07T22:00:11.6677776Z   RU5_DEVICE_ANON_KEY: ***
2026-09-07T22:00:11.6678809Z   RU5_DEVICE_SERVICE_ROLE_KEY: ***
2026-09-07T22:00:11.6679321Z   RU5_DEVICE_REQUESTER_EMAIL: ru5-device-requester-9eb953a1-b2bb-44fc-b0ec-01410619fc5e@proof.invalid
2026-09-07T22:00:11.6680039Z   RU5_DEVICE_WORKER_EMAIL: ru5-device-worker-9eb953a1-b2bb-44fc-b0ec-01410619fc5e@proof.invalid
2026-09-07T22:00:11.6680620Z   RU5_DEVICE_PASSWORD: ***
2026-09-07T22:00:11.6680923Z   RU5_DEVICE_NEED_ID: f15b1dbd-e043-4b43-8909-e1060e3a4c9c
2026-09-07T22:00:11.6681520Z   RU5_DEVICE_NEED_TITLE: RU5 device journey 9eb953a1
2026-09-07T22:00:11.6681951Z   RU5_DEVICE_REQUESTER_USER_ID: 006a4e7e-3b59-4109-a38c-e3d3faaa8df6
2026-09-07T22:00:11.6682404Z   RU5_DEVICE_WORKER_USER_ID: ffb7436c-aa44-4c91-9624-66b012cfe072
2026-09-07T22:00:11.6682806Z   N04_AGREEMENT_ID: dc7403b1-d1e8-45dc-937a-6cb8ce11d100
2026-09-07T22:00:11.6683171Z   EXPO_PUBLIC_SUPABASE_URL: http://10.0.2.2:54321
2026-09-07T22:00:11.6684222Z   EXPO_PUBLIC_SUPABASE_ANON_KEY: ***
2026-09-07T22:00:11.6684513Z   EXPO_PUBLIC_USE_FAKE_SOURCE: 0
2026-09-07T22:00:11.6684807Z   ANDROID_AVD_HOME: /home/runner/.android/avd
2026-09-07T22:00:11.6685110Z ##[endgroup]
2026-09-07T22:00:11.6758720Z PASS N04_PHYSICAL_INBOX two_real_auth event_read role_empty pagination bell agreement_target no_push
2026-09-07T22:00:11.6772625Z CHECKPOINT GATES_UNCHANGED {'publication_policy_bundles': '0', 'publication_decisions': '0', 'preselection_questions': '0', 'preselection_answers': '0', 'preselection_policy': '0', 'preselection_materiality': '0', 'preselection_commands': '0', 'fastest_needs': '0', 'autofill_selections': '0'}
2026-09-07T22:00:11.6777070Z CHECKPOINT GATES_UNCHANGED {'publication_policy_bundles': '0', 'publication_decisions': '0', 'preselection_questions': '0', 'preselection_answers': '0', 'preselection_policy': '0', 'preselection_materiality': '0', 'preselection_commands': '0', 'fastest_needs': '0', 'autofill_selections': '0'}
2026-09-07T22:00:11.6813243Z ##[group]Run grep -F 'PASS PHYSICAL_INTENT_SHELL' artifacts/intent-shell-device/proof.log
2026-09-07T22:00:11.6813927Z grep -F 'PASS PHYSICAL_INTENT_SHELL' artifacts/intent-shell-device/proof.log
2026-09-07T22:00:11.6814651Z grep -F 'PASS NAV_LOCAL_FIXTURE' artifacts/intent-shell-device/proof.log
2026-09-07T22:00:11.6816341Z for checkpoint in NAV_requester_tasks NAV_requester_new_task NAV_requester_agreements NAV_requester_profile NAV_profile_back NAV_inbox NAV_inbox_back NAV_same_account_worker_discovery NAV_same_account_worker_profile NAV_signed_out NAV_second_account_requester_empty NAV_second_account_profile NAV_second_account_worker_discovery NAV_task_detail NAV_task_detail_back NAV_worker_applications NAV_worker_agreements; do
2026-09-07T22:00:11.6817995Z   test -s "artifacts/intent-shell-device/${checkpoint}.png"
2026-09-07T22:00:11.6818450Z   test -s "artifacts/intent-shell-device/${checkpoint}.xml"
2026-09-07T22:00:11.6818823Z done
2026-09-07T22:00:11.6819043Z node <<'NODE'
2026-09-07T22:00:11.6819326Z const assert = require('node:assert/strict');
2026-09-07T22:00:11.6819670Z const fs = require('node:fs');
2026-09-07T22:00:11.6820232Z const fixture = JSON.parse(fs.readFileSync('artifacts/intent-shell-device/navigation-fixture.json', 'utf8'));
2026-09-07T22:00:11.6820901Z assert.equal(fixture.sourceSha, process.env.GITHUB_SHA);
2026-09-07T22:00:11.6821635Z assert.equal(fixture.localOnly, true);
2026-09-07T22:00:11.6822218Z assert.equal(fixture.publicationProof, false);
2026-09-07T22:00:11.6822553Z NODE
2026-09-07T22:00:11.6856805Z shell: /usr/bin/bash -e {0}
2026-09-07T22:00:11.6857074Z env:
2026-09-07T22:00:11.6857272Z   CI: 1
2026-09-07T22:00:11.6857484Z   SUPABASE_TELEMETRY_DISABLED: 1
2026-09-07T22:00:11.6857746Z   DO_NOT_TRACK: 1
2026-09-07T22:00:11.6857993Z   RU5_DEVICE_PACKAGE: rs.uskoci.n04proof
2026-09-07T22:00:11.6858351Z   RU5_DEVICE_ARTIFACT_DIR: artifacts/intent-shell-device
2026-09-07T22:00:11.6858680Z   RU5_ENTRY_PROOF: 1
2026-09-07T22:00:11.6858935Z   SUPABASE_INTERNAL_IMAGE_REGISTRY: ghcr.io
2026-09-07T22:00:11.6859349Z   JAVA_HOME: /opt/hostedtoolcache/Java_Temurin-Hotspot_jdk/17.0.20-1/x64
2026-09-07T22:00:11.6859872Z   JAVA_HOME_17_X64: /opt/hostedtoolcache/Java_Temurin-Hotspot_jdk/17.0.20-1/x64
2026-09-07T22:00:11.6860275Z   MAVEN_ARGS: -ntp
2026-09-07T22:00:11.6860536Z   RU5_DEVICE_PROOF_DIR: /tmp/uskoci-ru5-device-ui
2026-09-07T22:00:11.6861045Z   RU5_DEVICE_DB_URL: ***127.0.0.1:54322/postgres
2026-09-07T22:00:11.6861737Z   RU5_DEVICE_SUPABASE_URL: http://127.0.0.1:54321
2026-09-07T22:00:11.6862769Z   RU5_DEVICE_ANON_KEY: ***
2026-09-07T22:00:11.6863817Z   RU5_DEVICE_SERVICE_ROLE_KEY: ***
2026-09-07T22:00:11.6864327Z   RU5_DEVICE_REQUESTER_EMAIL: ru5-device-requester-9eb953a1-b2bb-44fc-b0ec-01410619fc5e@proof.invalid
2026-09-07T22:00:11.6865041Z   RU5_DEVICE_WORKER_EMAIL: ru5-device-worker-9eb953a1-b2bb-44fc-b0ec-01410619fc5e@proof.invalid
2026-09-07T22:00:11.6865620Z   RU5_DEVICE_PASSWORD: ***
2026-09-07T22:00:11.6865921Z   RU5_DEVICE_NEED_ID: f15b1dbd-e043-4b43-8909-e1060e3a4c9c
2026-09-07T22:00:11.6866285Z   RU5_DEVICE_NEED_TITLE: RU5 device journey 9eb953a1
2026-09-07T22:00:11.6866685Z   RU5_DEVICE_REQUESTER_USER_ID: 006a4e7e-3b59-4109-a38c-e3d3faaa8df6
2026-09-07T22:00:11.6867124Z   RU5_DEVICE_WORKER_USER_ID: ffb7436c-aa44-4c91-9624-66b012cfe072
2026-09-07T22:00:11.6867517Z   N04_AGREEMENT_ID: dc7403b1-d1e8-45dc-937a-6cb8ce11d100
2026-09-07T22:00:11.6867876Z   EXPO_PUBLIC_SUPABASE_URL: http://10.0.2.2:54321
2026-09-07T22:00:11.6868919Z   EXPO_PUBLIC_SUPABASE_ANON_KEY: ***
2026-09-07T22:00:11.6869207Z   EXPO_PUBLIC_USE_FAKE_SOURCE: 0
2026-09-07T22:00:11.6869494Z   ANDROID_AVD_HOME: /home/runner/.android/avd
2026-09-07T22:00:11.6869791Z ##[endgroup]
2026-09-07T22:00:11.6938781Z PASS PHYSICAL_INTENT_SHELL two_intents three_zones real_profiles inbox_back detail_back ui_logout different_account_no_clear no_fake_map no_application_selection_mutation no_push
2026-09-07T22:00:11.6950105Z PASS NAV_LOCAL_FIXTURE extra_open_need original_N04_fixture_preserved production_not_touched
2026-09-07T22:00:11.7274888Z ##[group]Run grep -F 'PASS SPOJ_ENTRY_PHYSICAL' artifacts/intent-shell-device/proof.log
2026-09-07T22:00:11.7275704Z grep -F 'PASS SPOJ_ENTRY_PHYSICAL' artifacts/intent-shell-device/proof.log
2026-09-07T22:00:11.7276349Z test -s artifacts/intent-shell-device/ENTRY_intro.mp4
2026-09-07T22:00:11.7277369Z for checkpoint in ENTRY_welcome ENTRY_login ENTRY_empty_error ENTRY_recovery_gated ENTRY_registration ENTRY_back_to_welcome ENTRY_reduced_motion_welcome; do
2026-09-07T22:00:11.7278269Z   test -s "artifacts/intent-shell-device/${checkpoint}.png"
2026-09-07T22:00:11.7278799Z   test -s "artifacts/intent-shell-device/${checkpoint}.xml"
2026-09-07T22:00:11.7279377Z done
2026-09-07T22:00:11.7315696Z shell: /usr/bin/bash -e {0}
2026-09-07T22:00:11.7316092Z env:
2026-09-07T22:00:11.7316514Z   CI: 1
2026-09-07T22:00:11.7316816Z   SUPABASE_TELEMETRY_DISABLED: 1
2026-09-07T22:00:11.7317255Z   DO_NOT_TRACK: 1
2026-09-07T22:00:11.7317682Z   RU5_DEVICE_PACKAGE: rs.uskoci.n04proof
2026-09-07T22:00:11.7318226Z   RU5_DEVICE_ARTIFACT_DIR: artifacts/intent-shell-device
2026-09-07T22:00:11.7318694Z   RU5_ENTRY_PROOF: 1
2026-09-07T22:00:11.7319075Z   SUPABASE_INTERNAL_IMAGE_REGISTRY: ghcr.io
2026-09-07T22:00:11.7319601Z   JAVA_HOME: /opt/hostedtoolcache/Java_Temurin-Hotspot_jdk/17.0.20-1/x64
2026-09-07T22:00:11.7320250Z   JAVA_HOME_17_X64: /opt/hostedtoolcache/Java_Temurin-Hotspot_jdk/17.0.20-1/x64
2026-09-07T22:00:11.7320794Z   MAVEN_ARGS: -ntp
2026-09-07T22:00:11.7321144Z   RU5_DEVICE_PROOF_DIR: /tmp/uskoci-ru5-device-ui
2026-09-07T22:00:11.7322324Z   RU5_DEVICE_DB_URL: ***127.0.0.1:54322/postgres
2026-09-07T22:00:11.7322784Z   RU5_DEVICE_SUPABASE_URL: http://127.0.0.1:54321
2026-09-07T22:00:11.7323990Z   RU5_DEVICE_ANON_KEY: ***
2026-09-07T22:00:11.7325161Z   RU5_DEVICE_SERVICE_ROLE_KEY: ***
2026-09-07T22:00:11.7325784Z   RU5_DEVICE_REQUESTER_EMAIL: ru5-device-requester-9eb953a1-b2bb-44fc-b0ec-01410619fc5e@proof.invalid
2026-09-07T22:00:11.7326646Z   RU5_DEVICE_WORKER_EMAIL: ru5-device-worker-9eb953a1-b2bb-44fc-b0ec-01410619fc5e@proof.invalid
2026-09-07T22:00:11.7327396Z   RU5_DEVICE_PASSWORD: ***
2026-09-07T22:00:11.7327834Z   RU5_DEVICE_NEED_ID: f15b1dbd-e043-4b43-8909-e1060e3a4c9c
2026-09-07T22:00:11.7328306Z   RU5_DEVICE_NEED_TITLE: RU5 device journey 9eb953a1
2026-09-07T22:00:11.7328858Z   RU5_DEVICE_REQUESTER_USER_ID: 006a4e7e-3b59-4109-a38c-e3d3faaa8df6
2026-09-07T22:00:11.7329401Z   RU5_DEVICE_WORKER_USER_ID: ffb7436c-aa44-4c91-9624-66b012cfe072
2026-09-07T22:00:11.7329919Z   N04_AGREEMENT_ID: dc7403b1-d1e8-45dc-937a-6cb8ce11d100
2026-09-07T22:00:11.7330460Z   EXPO_PUBLIC_SUPABASE_URL: http://10.0.2.2:54321
2026-09-07T22:00:11.7331783Z   EXPO_PUBLIC_SUPABASE_ANON_KEY: ***
2026-09-07T22:00:11.7332264Z   EXPO_PUBLIC_USE_FAKE_SOURCE: 0
2026-09-07T22:00:11.7332648Z   ANDROID_AVD_HOME: /home/runner/.android/avd
2026-09-07T22:00:11.7333051Z ##[endgroup]
2026-09-07T22:00:11.7404980Z PASS SPOJ_ENTRY_PHYSICAL welcome login empty_error recovery_gated registration back os_reduced_motion_welcome_reachable
2026-09-07T22:00:11.7439638Z ##[group]Run test "$(psql "$RU5_DEVICE_DB_URL" -Atc "
2026-09-07T22:00:11.7440248Z test "$(psql "$RU5_DEVICE_DB_URL" -Atc "
2026-09-07T22:00:11.7440785Z   select count(*)
2026-09-07T22:00:11.7441194Z   from public.marketplace_responses r
2026-09-07T22:00:11.7442026Z   join public.app_profiles p on p.id=r.worker_profile_id
2026-09-07T22:00:11.7442632Z   where r.need_id='$RU5_DEVICE_NEED_ID'::uuid
2026-09-07T22:00:11.7443114Z     and p.account_id='$RU5_DEVICE_WORKER_USER_ID'::uuid
2026-09-07T22:00:11.7443621Z     and r.price_rsd=3000
2026-09-07T22:00:11.7444044Z     and r.covered_slots=1;
2026-09-07T22:00:11.7444387Z ")" = "1"
2026-09-07T22:00:11.7444804Z test "$(psql "$RU5_DEVICE_DB_URL" -Atc "
2026-09-07T22:00:11.7445282Z   select count(*)
2026-09-07T22:00:11.7445688Z   from public.need_selections s
2026-09-07T22:00:11.7446248Z   join public.marketplace_responses r on r.id=s.response_id
2026-09-07T22:00:11.7447004Z   join public.app_profiles p on p.id=r.worker_profile_id
2026-09-07T22:00:11.7447570Z   where r.need_id='$RU5_DEVICE_NEED_ID'::uuid
2026-09-07T22:00:11.7448068Z     and p.account_id='$RU5_DEVICE_WORKER_USER_ID'::uuid
2026-09-07T22:00:11.7448522Z     and s.status='SELECTED';
2026-09-07T22:00:11.7448901Z ")" = "1"
2026-09-07T22:00:11.7449309Z test "$(psql "$RU5_DEVICE_DB_URL" -Atc "
2026-09-07T22:00:11.7449745Z   select count(*)
2026-09-07T22:00:11.7450229Z   from public.agreements a
2026-09-07T22:00:11.7450635Z   where a.need_id='$RU5_DEVICE_NEED_ID'::uuid
2026-09-07T22:00:11.7451126Z     and a.requester_account_id='$RU5_DEVICE_REQUESTER_USER_ID'::uuid
2026-09-07T22:00:11.7452141Z     and a.worker_account_id='$RU5_DEVICE_WORKER_USER_ID'::uuid;
2026-09-07T22:00:11.7452596Z ")" = "1"
2026-09-07T22:00:11.7453021Z test "$(psql "$RU5_DEVICE_DB_URL" -Atc "
2026-09-07T22:00:11.7453469Z   select count(*)
2026-09-07T22:00:11.7453888Z   from private.connection_activations a
2026-09-07T22:00:11.7454397Z   join public.agreements g on g.id=a.agreement_id
2026-09-07T22:00:11.7454900Z   where g.need_id='$RU5_DEVICE_NEED_ID'::uuid
2026-09-07T22:00:11.7455475Z     and a.requester_account_id='$RU5_DEVICE_REQUESTER_USER_ID'::uuid
2026-09-07T22:00:11.7456059Z     and a.beneficiary_account_id='$RU5_DEVICE_REQUESTER_USER_ID'::uuid
2026-09-07T22:00:11.7456582Z     and a.worker_account_id='$RU5_DEVICE_WORKER_USER_ID'::uuid
2026-09-07T22:00:11.7456980Z     and a.activation_reason='SELECTION'
2026-09-07T22:00:11.7457281Z     and a.units=1
2026-09-07T22:00:11.7457537Z     and a.platform_cost_rsd=0
2026-09-07T22:00:11.7457828Z     and a.state='SATISFIED'
2026-09-07T22:00:11.7458142Z     and a.policy_key='REQUESTER_SELECTION_V1'
2026-09-07T22:00:11.7458475Z     and a.policy_version=1;
2026-09-07T22:00:11.7458741Z ")" = "1"
2026-09-07T22:00:11.7459174Z echo "PASS RU5_DEVICE_POSTFLIGHT response selection agreement REQUESTER_SELECTION_V1 zero_rsd"
2026-09-07T22:00:11.7492799Z shell: /usr/bin/bash -e {0}
2026-09-07T22:00:11.7493068Z env:
2026-09-07T22:00:11.7493265Z   CI: 1
2026-09-07T22:00:11.7493485Z   SUPABASE_TELEMETRY_DISABLED: 1
2026-09-07T22:00:11.7493756Z   DO_NOT_TRACK: 1
2026-09-07T22:00:11.7494000Z   RU5_DEVICE_PACKAGE: rs.uskoci.n04proof
2026-09-07T22:00:11.7494354Z   RU5_DEVICE_ARTIFACT_DIR: artifacts/intent-shell-device
2026-09-07T22:00:11.7494683Z   RU5_ENTRY_PROOF: 1
2026-09-07T22:00:11.7494934Z   SUPABASE_INTERNAL_IMAGE_REGISTRY: ghcr.io
2026-09-07T22:00:11.7495344Z   JAVA_HOME: /opt/hostedtoolcache/Java_Temurin-Hotspot_jdk/17.0.20-1/x64
2026-09-07T22:00:11.7495845Z   JAVA_HOME_17_X64: /opt/hostedtoolcache/Java_Temurin-Hotspot_jdk/17.0.20-1/x64
2026-09-07T22:00:11.7496427Z   MAVEN_ARGS: -ntp
2026-09-07T22:00:11.7496709Z   RU5_DEVICE_PROOF_DIR: /tmp/uskoci-ru5-device-ui
2026-09-07T22:00:11.7497216Z   RU5_DEVICE_DB_URL: ***127.0.0.1:54322/postgres
2026-09-07T22:00:11.7497579Z   RU5_DEVICE_SUPABASE_URL: http://127.0.0.1:54321
2026-09-07T22:00:11.7498601Z   RU5_DEVICE_ANON_KEY: ***
2026-09-07T22:00:11.7499641Z   RU5_DEVICE_SERVICE_ROLE_KEY: ***
2026-09-07T22:00:11.7500147Z   RU5_DEVICE_REQUESTER_EMAIL: ru5-device-requester-9eb953a1-b2bb-44fc-b0ec-01410619fc5e@proof.invalid
2026-09-07T22:00:11.7500852Z   RU5_DEVICE_WORKER_EMAIL: ru5-device-worker-9eb953a1-b2bb-44fc-b0ec-01410619fc5e@proof.invalid
2026-09-07T22:00:11.7501631Z   RU5_DEVICE_PASSWORD: ***
2026-09-07T22:00:11.7501933Z   RU5_DEVICE_NEED_ID: f15b1dbd-e043-4b43-8909-e1060e3a4c9c
2026-09-07T22:00:11.7502306Z   RU5_DEVICE_NEED_TITLE: RU5 device journey 9eb953a1
2026-09-07T22:00:11.7502700Z   RU5_DEVICE_REQUESTER_USER_ID: 006a4e7e-3b59-4109-a38c-e3d3faaa8df6
2026-09-07T22:00:11.7503143Z   RU5_DEVICE_WORKER_USER_ID: ffb7436c-aa44-4c91-9624-66b012cfe072
2026-09-07T22:00:11.7503689Z   N04_AGREEMENT_ID: dc7403b1-d1e8-45dc-937a-6cb8ce11d100
2026-09-07T22:00:11.7504054Z   EXPO_PUBLIC_SUPABASE_URL: http://10.0.2.2:54321
2026-09-07T22:00:11.7505100Z   EXPO_PUBLIC_SUPABASE_ANON_KEY: ***
2026-09-07T22:00:11.7505395Z   EXPO_PUBLIC_USE_FAKE_SOURCE: 0
2026-09-07T22:00:11.7505685Z   ANDROID_AVD_HOME: /home/runner/.android/avd
2026-09-07T22:00:11.7505980Z ##[endgroup]
2026-09-07T22:00:11.9152699Z PASS RU5_DEVICE_POSTFLIGHT response selection agreement REQUESTER_SELECTION_V1 zero_rsd
2026-09-07T22:00:11.9189189Z ##[group]Run if [[ -n "${RU5_DEVICE_DB_URL:-}" ]]; then
2026-09-07T22:00:11.9189627Z if [[ -n "${RU5_DEVICE_DB_URL:-}" ]]; then
2026-09-07T22:00:11.9190178Z   test "$(psql "$RU5_DEVICE_DB_URL" -Atc "select count(*) from private.publication_policy_bundles;")" = "0"
2026-09-07T22:00:11.9190924Z   test "$(psql "$RU5_DEVICE_DB_URL" -Atc "select count(*) from private.need_publication_decisions;")" = "0"
2026-09-07T22:00:11.9192034Z   test "$(psql "$RU5_DEVICE_DB_URL" -Atc "select count(*) from private.preselection_qa_questions;")" = "0"
2026-09-07T22:00:11.9192748Z   test "$(psql "$RU5_DEVICE_DB_URL" -Atc "select count(*) from private.preselection_qa_commands;")" = "0"
2026-09-07T22:00:11.9193450Z   test "$(psql "$RU5_DEVICE_DB_URL" -Atc "select count(*) from public.needs where mode='FASTEST';")" = "0"
2026-09-07T22:00:11.9194252Z   test "$(psql "$RU5_DEVICE_DB_URL" -Atc "select count(*) from public.need_selections where selection_mode='AUTO_FILL';")" = "0"
2026-09-07T22:00:11.9194823Z fi
2026-09-07T22:00:11.9233052Z shell: /usr/bin/bash -e {0}
2026-09-07T22:00:11.9233328Z env:
2026-09-07T22:00:11.9233532Z   CI: 1
2026-09-07T22:00:11.9233742Z   SUPABASE_TELEMETRY_DISABLED: 1
2026-09-07T22:00:11.9234006Z   DO_NOT_TRACK: 1
2026-09-07T22:00:11.9234255Z   RU5_DEVICE_PACKAGE: rs.uskoci.n04proof
2026-09-07T22:00:11.9234646Z   RU5_DEVICE_ARTIFACT_DIR: artifacts/intent-shell-device
2026-09-07T22:00:11.9234992Z   RU5_ENTRY_PROOF: 1
2026-09-07T22:00:11.9235252Z   SUPABASE_INTERNAL_IMAGE_REGISTRY: ghcr.io
2026-09-07T22:00:11.9235673Z   JAVA_HOME: /opt/hostedtoolcache/Java_Temurin-Hotspot_jdk/17.0.20-1/x64
2026-09-07T22:00:11.9236173Z   JAVA_HOME_17_X64: /opt/hostedtoolcache/Java_Temurin-Hotspot_jdk/17.0.20-1/x64
2026-09-07T22:00:11.9236573Z   MAVEN_ARGS: -ntp
2026-09-07T22:00:11.9236842Z   RU5_DEVICE_PROOF_DIR: /tmp/uskoci-ru5-device-ui
2026-09-07T22:00:11.9237378Z   RU5_DEVICE_DB_URL: ***127.0.0.1:54322/postgres
2026-09-07T22:00:11.9237734Z   RU5_DEVICE_SUPABASE_URL: http://127.0.0.1:54321
2026-09-07T22:00:11.9238747Z   RU5_DEVICE_ANON_KEY: ***
2026-09-07T22:00:11.9239798Z   RU5_DEVICE_SERVICE_ROLE_KEY: ***
2026-09-07T22:00:11.9240301Z   RU5_DEVICE_REQUESTER_EMAIL: ru5-device-requester-9eb953a1-b2bb-44fc-b0ec-01410619fc5e@proof.invalid
2026-09-07T22:00:11.9241012Z   RU5_DEVICE_WORKER_EMAIL: ru5-device-worker-9eb953a1-b2bb-44fc-b0ec-01410619fc5e@proof.invalid
2026-09-07T22:00:11.9241772Z   RU5_DEVICE_PASSWORD: ***
2026-09-07T22:00:11.9242071Z   RU5_DEVICE_NEED_ID: f15b1dbd-e043-4b43-8909-e1060e3a4c9c
2026-09-07T22:00:11.9242442Z   RU5_DEVICE_NEED_TITLE: RU5 device journey 9eb953a1
2026-09-07T22:00:11.9242839Z   RU5_DEVICE_REQUESTER_USER_ID: 006a4e7e-3b59-4109-a38c-e3d3faaa8df6
2026-09-07T22:00:11.9243274Z   RU5_DEVICE_WORKER_USER_ID: ffb7436c-aa44-4c91-9624-66b012cfe072
2026-09-07T22:00:11.9243671Z   N04_AGREEMENT_ID: dc7403b1-d1e8-45dc-937a-6cb8ce11d100
2026-09-07T22:00:11.9244057Z   EXPO_PUBLIC_SUPABASE_URL: http://10.0.2.2:54321
2026-09-07T22:00:11.9245112Z   EXPO_PUBLIC_SUPABASE_ANON_KEY: ***
2026-09-07T22:00:11.9245404Z   EXPO_PUBLIC_USE_FAKE_SOURCE: 0
2026-09-07T22:00:11.9245686Z   ANDROID_AVD_HOME: /home/runner/.android/avd
2026-09-07T22:00:11.9245981Z ##[endgroup]
2026-09-07T22:00:12.1806166Z Node 20 is being deprecated. This workflow is running with Node 24 by default. If you need to temporarily use Node 20, you can set the ACTIONS_ALLOW_USE_UNSECURE_NODE_VERSION=true environment variable. For more information see: https://github.blog/changelog/2025-09-19-deprecation-of-node-20-on-github-actions-runners/
2026-09-07T22:00:12.1808441Z ##[group]Run actions/upload-artifact@v4
2026-09-07T22:00:12.1808740Z with:
2026-09-07T22:00:12.1809077Z   name: INTENT-SHELL-PHYSICAL-ANDROID-EVIDENCE
2026-09-07T22:00:12.1809485Z   path: artifacts/intent-shell-device/
2026-09-07T22:00:12.1809787Z   if-no-files-found: warn
2026-09-07T22:00:12.1810032Z   retention-days: 14
2026-09-07T22:00:12.1810259Z   compression-level: 6
2026-09-07T22:00:12.1810488Z   overwrite: false
2026-09-07T22:00:12.1810731Z   include-hidden-files: false
2026-09-07T22:00:12.1810975Z env:
2026-09-07T22:00:12.1826576Z   CI: 1
2026-09-07T22:00:12.1826965Z   SUPABASE_TELEMETRY_DISABLED: 1
2026-09-07T22:00:12.1827442Z   DO_NOT_TRACK: 1
2026-09-07T22:00:12.1827827Z   RU5_DEVICE_PACKAGE: rs.uskoci.n04proof
2026-09-07T22:00:12.1828379Z   RU5_DEVICE_ARTIFACT_DIR: artifacts/intent-shell-device
2026-09-07T22:00:12.1828919Z   RU5_ENTRY_PROOF: 1
2026-09-07T22:00:12.1829331Z   SUPABASE_INTERNAL_IMAGE_REGISTRY: ghcr.io
2026-09-07T22:00:12.1829979Z   JAVA_HOME: /opt/hostedtoolcache/Java_Temurin-Hotspot_jdk/17.0.20-1/x64
2026-09-07T22:00:12.1830828Z   JAVA_HOME_17_X64: /opt/hostedtoolcache/Java_Temurin-Hotspot_jdk/17.0.20-1/x64
2026-09-07T22:00:12.1831688Z   MAVEN_ARGS: -ntp
2026-09-07T22:00:12.1832103Z   RU5_DEVICE_PROOF_DIR: /tmp/uskoci-ru5-device-ui
2026-09-07T22:00:12.1832910Z   RU5_DEVICE_DB_URL: ***127.0.0.1:54322/postgres
2026-09-07T22:00:12.1833460Z   RU5_DEVICE_SUPABASE_URL: http://127.0.0.1:54321
2026-09-07T22:00:12.1835154Z   RU5_DEVICE_ANON_KEY: ***
2026-09-07T22:00:12.1836745Z   RU5_DEVICE_SERVICE_ROLE_KEY: ***
2026-09-07T22:00:12.1837293Z   RU5_DEVICE_REQUESTER_EMAIL: ru5-device-requester-9eb953a1-b2bb-44fc-b0ec-01410619fc5e@proof.invalid
2026-09-07T22:00:12.1838010Z   RU5_DEVICE_WORKER_EMAIL: ru5-device-worker-9eb953a1-b2bb-44fc-b0ec-01410619fc5e@proof.invalid
2026-09-07T22:00:12.1838595Z   RU5_DEVICE_PASSWORD: ***
2026-09-07T22:00:12.1838911Z   RU5_DEVICE_NEED_ID: f15b1dbd-e043-4b43-8909-e1060e3a4c9c
2026-09-07T22:00:12.1839280Z   RU5_DEVICE_NEED_TITLE: RU5 device journey 9eb953a1
2026-09-07T22:00:12.1839674Z   RU5_DEVICE_REQUESTER_USER_ID: 006a4e7e-3b59-4109-a38c-e3d3faaa8df6
2026-09-07T22:00:12.1840117Z   RU5_DEVICE_WORKER_USER_ID: ffb7436c-aa44-4c91-9624-66b012cfe072
2026-09-07T22:00:12.1840511Z   N04_AGREEMENT_ID: dc7403b1-d1e8-45dc-937a-6cb8ce11d100
2026-09-07T22:00:12.1840873Z   EXPO_PUBLIC_SUPABASE_URL: http://10.0.2.2:54321
2026-09-07T22:00:12.1842295Z   EXPO_PUBLIC_SUPABASE_ANON_KEY: ***
2026-09-07T22:00:12.1842593Z   EXPO_PUBLIC_USE_FAKE_SOURCE: 0
2026-09-07T22:00:12.1842880Z   ANDROID_AVD_HOME: /home/runner/.android/avd
2026-09-07T22:00:12.1843176Z ##[endgroup]
2026-09-07T22:00:12.3587438Z (node:48730) [DEP0040] DeprecationWarning: The `punycode` module is deprecated. Please use a userland alternative instead.
2026-09-07T22:00:12.3588353Z (Use `node --trace-deprecation ...` to show where the warning was created)
2026-09-07T22:00:12.3770001Z With the provided path, there will be 75 files uploaded
2026-09-07T22:00:12.3775711Z Artifact name is valid!
2026-09-07T22:00:12.3776260Z Root directory input is valid!
2026-09-07T22:00:12.7778336Z Beginning upload of artifact content to blob storage
2026-09-07T22:00:13.0663265Z (node:48730) [DEP0169] DeprecationWarning: `url.parse()` behavior is not standardized and prone to errors that have security implications. Use the WHATWG URL API instead. CVEs are not issued for `url.parse()` vulnerabilities.
2026-09-07T22:00:14.0478913Z Uploaded bytes 5847655
2026-09-07T22:00:14.1323250Z Finished uploading artifact content to blob storage!
2026-09-07T22:00:14.1324429Z SHA256 digest of uploaded artifact zip is c82d1206009dd410c303b2a3517f6abbd68e4e07fbffc975bc62be8661de3386
2026-09-07T22:00:14.1326580Z Finalizing artifact upload
2026-09-07T22:00:14.4114692Z Artifact INTENT-SHELL-PHYSICAL-ANDROID-EVIDENCE.zip successfully finalized. Artifact ID 10033887904
2026-09-07T22:00:14.4116642Z Artifact INTENT-SHELL-PHYSICAL-ANDROID-EVIDENCE has been successfully uploaded! Final size is 5847655 bytes. Artifact ID is 10033887904
2026-09-07T22:00:14.4120881Z Artifact download URL: https://github.com/Uskoci1/USKOCI-CLEAN/actions/runs/34163510260/artifacts/10033887904
2026-09-07T22:00:14.4283978Z ##[group]Run if [[ -n "${RU5_DEVICE_PROOF_DIR:-}" && -d "$RU5_DEVICE_PROOF_DIR" ]]; then
2026-09-07T22:00:14.4285049Z if [[ -n "${RU5_DEVICE_PROOF_DIR:-}" && -d "$RU5_DEVICE_PROOF_DIR" ]]; then
2026-09-07T22:00:14.4285797Z   cd "$RU5_DEVICE_PROOF_DIR"
2026-09-07T22:00:14.4286348Z   supabase stop --no-backup || true
2026-09-07T22:00:14.4286866Z fi
2026-09-07T22:00:14.4340775Z shell: /usr/bin/bash -e {0}
2026-09-07T22:00:14.4341230Z env:
2026-09-07T22:00:14.4341877Z   CI: 1
2026-09-07T22:00:14.4342279Z   SUPABASE_TELEMETRY_DISABLED: 1
2026-09-07T22:00:14.4342755Z   DO_NOT_TRACK: 1
2026-09-07T22:00:14.4343198Z   RU5_DEVICE_PACKAGE: rs.uskoci.n04proof
2026-09-07T22:00:14.4343867Z   RU5_DEVICE_ARTIFACT_DIR: artifacts/intent-shell-device
2026-09-07T22:00:14.4344483Z   RU5_ENTRY_PROOF: 1
2026-09-07T22:00:14.4344958Z   SUPABASE_INTERNAL_IMAGE_REGISTRY: ghcr.io
2026-09-07T22:00:14.4345743Z   JAVA_HOME: /opt/hostedtoolcache/Java_Temurin-Hotspot_jdk/17.0.20-1/x64
2026-09-07T22:00:14.4346698Z   JAVA_HOME_17_X64: /opt/hostedtoolcache/Java_Temurin-Hotspot_jdk/17.0.20-1/x64
2026-09-07T22:00:14.4347449Z   MAVEN_ARGS: -ntp
2026-09-07T22:00:14.4347923Z   RU5_DEVICE_PROOF_DIR: /tmp/uskoci-ru5-device-ui
2026-09-07T22:00:14.4348857Z   RU5_DEVICE_DB_URL: ***127.0.0.1:54322/postgres
2026-09-07T22:00:14.4349516Z   RU5_DEVICE_SUPABASE_URL: http://127.0.0.1:54321
2026-09-07T22:00:14.4351764Z   RU5_DEVICE_ANON_KEY: ***
2026-09-07T22:00:14.4353840Z   RU5_DEVICE_SERVICE_ROLE_KEY: ***
2026-09-07T22:00:14.4354773Z   RU5_DEVICE_REQUESTER_EMAIL: ru5-device-requester-9eb953a1-b2bb-44fc-b0ec-01410619fc5e@proof.invalid
2026-09-07T22:00:14.4356111Z   RU5_DEVICE_WORKER_EMAIL: ru5-device-worker-9eb953a1-b2bb-44fc-b0ec-01410619fc5e@proof.invalid
2026-09-07T22:00:14.4357271Z   RU5_DEVICE_PASSWORD: ***
2026-09-07T22:00:14.4357837Z   RU5_DEVICE_NEED_ID: f15b1dbd-e043-4b43-8909-e1060e3a4c9c
2026-09-07T22:00:14.4358515Z   RU5_DEVICE_NEED_TITLE: RU5 device journey 9eb953a1
2026-09-07T22:00:14.4359289Z   RU5_DEVICE_REQUESTER_USER_ID: 006a4e7e-3b59-4109-a38c-e3d3faaa8df6
2026-09-07T22:00:14.4360131Z   RU5_DEVICE_WORKER_USER_ID: ffb7436c-aa44-4c91-9624-66b012cfe072
2026-09-07T22:00:14.4360881Z   N04_AGREEMENT_ID: dc7403b1-d1e8-45dc-937a-6cb8ce11d100
2026-09-07T22:00:14.4361831Z   EXPO_PUBLIC_SUPABASE_URL: http://10.0.2.2:54321
2026-09-07T22:00:14.4363910Z   EXPO_PUBLIC_SUPABASE_ANON_KEY: ***
2026-09-07T22:00:14.4364532Z   EXPO_PUBLIC_USE_FAKE_SOURCE: 0
2026-09-07T22:00:14.4365112Z   ANDROID_AVD_HOME: /home/runner/.android/avd
2026-09-07T22:00:14.4365668Z ##[endgroup]
2026-09-07T22:00:14.9291795Z Stopping containers...
2026-09-07T22:00:36.1404399Z Stopped supabase local development setup.
2026-09-07T22:00:36.1620994Z A new version of Supabase CLI is available: v2.117.0 (currently installed v2.116.0)
2026-09-07T22:00:36.1623078Z We recommend updating regularly for new features and bug fixes: https://supabase.com/docs/guides/cli/getting-started#updating-the-supabase-cli
2026-09-07T22:00:36.1835131Z Post job cleanup.
2026-09-07T22:00:36.3218992Z Node 20 is being deprecated. This workflow is running with Node 24 by default. If you need to temporarily use Node 20, you can set the ACTIONS_ALLOW_USE_UNSECURE_NODE_VERSION=true environment variable. For more information see: https://github.blog/changelog/2025-09-19-deprecation-of-node-20-on-github-actions-runners/
2026-09-07T22:00:36.3220507Z Post job cleanup.
2026-09-07T22:00:36.4550004Z (node:49635) [DEP0040] DeprecationWarning: The `punycode` module is deprecated. Please use a userland alternative instead.
2026-09-07T22:00:36.4550930Z (Use `node --trace-deprecation ...` to show where the warning was created)
2026-09-07T22:00:36.4554296Z Cache hit occurred on the primary key node-cache-Linux-x64-npm-8397ea54b5b80fda2980aa993dfe2420b89679f27acfefdcdfd110c26b03facb, not saving cache.
2026-09-07T22:00:36.4704512Z Node 20 is being deprecated. This workflow is running with Node 24 by default. If you need to temporarily use Node 20, you can set the ACTIONS_ALLOW_USE_UNSECURE_NODE_VERSION=true environment variable. For more information see: https://github.blog/changelog/2025-09-19-deprecation-of-node-20-on-github-actions-runners/
2026-09-07T22:00:36.4706256Z Post job cleanup.
2026-09-07T22:00:36.5575840Z [command]/usr/bin/git version
2026-09-07T22:00:36.5621935Z git version 2.55.0
2026-09-07T22:00:36.5667816Z Temporarily overriding HOME='/home/runner/work/_temp/bb9a2d05-cf15-4bc4-b434-af921cdcd752' before making global git config changes
2026-09-07T22:00:36.5669659Z Adding repository directory to the temporary git global config as a safe directory
2026-09-07T22:00:36.5674445Z [command]/usr/bin/git config --global --add safe.directory /home/runner/work/USKOCI-CLEAN/USKOCI-CLEAN
2026-09-07T22:00:36.5713915Z [command]/usr/bin/git config --local --name-only --get-regexp core\.sshCommand
2026-09-07T22:00:36.5748150Z [command]/usr/bin/git submodule foreach --recursive sh -c "git config --local --name-only --get-regexp 'core\.sshCommand' && git config --local --unset-all 'core.sshCommand' || :"
2026-09-07T22:00:36.6024134Z [command]/usr/bin/git config --local --name-only --get-regexp http\.https\:\/\/github\.com\/\.extraheader
2026-09-07T22:00:36.6052854Z http.https://github.com/.extraheader
2026-09-07T22:00:36.6065144Z [command]/usr/bin/git config --local --unset-all http.https://github.com/.extraheader
2026-09-07T22:00:36.6109174Z [command]/usr/bin/git submodule foreach --recursive sh -c "git config --local --name-only --get-regexp 'http\.https\:\/\/github\.com\/\.extraheader' && git config --local --unset-all 'http.https://github.com/.extraheader' || :"
2026-09-07T22:00:36.6378219Z [command]/usr/bin/git config --local --name-only --get-regexp ^includeIf\.gitdir:
2026-09-07T22:00:36.6417806Z [command]/usr/bin/git submodule foreach --recursive git config --local --show-origin --name-only --get-regexp remote.origin.url
2026-09-07T22:00:36.6807020Z Cleaning up orphan processes
2026-09-07T22:00:36.7281828Z Terminate orphan process: pid (31480) (adb)
2026-09-07T22:00:36.7364296Z ##[warning]Node.js 20 is deprecated. The following actions target Node.js 20 but are being forced to run on Node.js 24: actions/checkout@v4, actions/setup-node@v4, actions/upload-artifact@v4, supabase/setup-cli@ab058987d8d6c725971f6cf9d0b5c98467e30bd1. For more information see: https://github.blog/changelog/2025-09-19-deprecation-of-node-20-on-github-actions-runners/
